cv_accuracy,cv_accuracy_std,cv_auroc,cv_auroc_std,loso_accuracy,loso_auroc
0.8871794871794872,0.038375973197681476,0.9493614303959133,0.019728886689801682,0.7128205128205128,0.6050170068027211
