F0_mean,F0_std,VUV_mean,VUV_std,NAQ_mean,NAQ_std,QOQ_mean,QOQ_std,H1H2_mean,H1H2_std,PSP_mean,PSP_std,MDQ_mean,MDQ_std,peakSlope_mean,peakSlope_std,Rd_mean,Rd_std,Rd_conf_mean,Rd_conf_std,creak_mean,creak_std,MFCC0_mean,MFCC0_std,MCEP_0_mean,MCEP_0_std,MCEP_1_mean,MCEP_1_std,MCEP_2_mean,MCEP_2_std,MCEP_3_mean,MCEP_3_std,MCEP_4_mean,MCEP_4_std,MCEP_5_mean,MCEP_5_std,MCEP_6_mean,MCEP_6_std,MCEP_7_mean,MCEP_7_std,MCEP_8_mean,MCEP_8_std,MCEP_9_mean,MCEP_9_std,MCEP_10_mean,MCEP_10_std,MCEP_11_mean,MCEP_11_std,MCEP_12_mean,MCEP_12_std,MCEP_13_mean,MCEP_13_std,MCEP_14_mean,MCEP_14_std,MCEP_15_mean,MCEP_15_std,MCEP_16_mean,MCEP_16_std,MCEP_17_mean,MCEP_17_std,MCEP_18_mean,MCEP_18_std,MCEP_19_mean,MCEP_19_std,MCEP_20_mean,MCEP_20_std,MCEP_21_mean,MCEP_21_std,MCEP_22_mean,MCEP_22_std,MCEP_23_mean,MCEP_23_std,HMPDM_0_mean,HMPDM_0_std,HMPDM_1_mean,HMPDM_1_std,HMPDM_2_mean,HMPDM_2_std,HMPDM_3_mean,HMPDM_3_std,HMPDM_4_mean,HMPDM_4_std,HMPDM_5_mean,HMPDM_5_std,HMPDM_6_mean,HMPDM_6_std,HMPDM_7_mean,HMPDM_7_std,HMPDM_8_mean,HMPDM_8_std,HMPDM_9_mean,HMPDM_9_std,HMPDM_10_mean,HMPDM_10_std,HMPDM_11_mean,HMPDM_11_std,HMPDM_12_mean,HMPDM_12_std,HMPDM_13_mean,HMPDM_13_std,HMPDM_14_mean,HMPDM_14_std,HMPDM_15_mean,HMPDM_15_std,HMPDM_16_mean,HMPDM_16_std,HMPDM_17_mean,HMPDM_17_std,HMPDM_18_mean,HMPDM_18_std,HMPDM_19_mean,HMPDM_19_std,HMPDM_20_mean,HMPDM_20_std,HMPDM_21_mean,HMPDM_21_std,HMPDM_22_mean,HMPDM_22_std,HMPDM_23_mean,HMPDM_23_std,HMPDD_0_mean,HMPDD_0_std,HMPDD_1_mean,HMPDD_1_std,HMPDD_2_mean,HMPDD_2_std,HMPDD_3_mean,HMPDD_3_std,HMPDD_4_mean,HMPDD_4_std,HMPDD_5_mean,HMPDD_5_std,HMPDD_6_mean,HMPDD_6_std,HMPDD_7_mean,HMPDD_7_std,HMPDD_8_mean,HMPDD_8_std,HMPDD_9_mean,HMPDD_9_std,HMPDD_10_mean,HMPDD_10_std,HMPDD_11_mean,HMPDD_11_std,HMPDD_12_mean,HMPDD_12_std,participant_id,PHQ8_Binary,PHQ8_Score,Gender,PHQ8_NoInterest,PHQ8_Depressed,PHQ8_Sleep,PHQ8_Tired,PHQ8_Appetite,PHQ8_Failure,PHQ8_Concentrating,PHQ8_Moving
138.75947231776908,44.42110655325323,0.2344126833511248,0.4236339721884638,0.03272397115146127,0.05013663782596022,0.11237211351573557,0.15683761211797623,1.099535699404315,4.866849135620692,0.21950434491554582,0.30194110954384773,0.1059220140540861,0.03468165396679405,-0.3444774644368006,0.057061471460992885,1.5149076380816826,0.5292291606692454,0.5525300405909409,0.09345634408656284,0.0,0.0,-9.703578588278706,0.5787092567754308,1.6587921052465107,0.42552910218659273,0.36027364442024146,0.23182802545603676,0.47051585071088187,0.19320191737607367,0.10771755748720066,0.15490009491101883,0.15346183254014947,0.16537570333388327,-0.024559749671824747,0.12862773166848274,0.1824301452316583,0.12510210592939666,-0.037056807497105916,0.11128803648180143,0.07898023481212892,0.11202023161735565,-0.038989080600061544,0.09572808529396361,0.08789106740985106,0.09421184334945147,-0.016123765515988615,0.10114293193718628,0.05174151968076675,0.09901100153800987,-0.026547648020564973,0.0869560595862636,0.02910190703012164,0.08314494590316795,0.006327903928928426,0.07948986228242655,0.03643887764371434,0.07250381613589385,-0.014703997975456186,0.07050301464597115,0.024214519865553445,0.0682902150204244,0.004893111361434652,0.06585666464273247,0.008754768470966933,0.06556758328876901,-0.023920125272530738,0.06063026816846485,0.018428248718438567,0.05828807729129889,0.0011445705641054836,0.05603836279334777,0.0,0.0,0.0,0.0,0.0,0.0,0.0,0.0,0.0005249699976784091,0.006663048786323146,0.005145638396182607,0.03792722061802976,0.012328810518442123,0.067552390024516,0.021159984570014563,0.10280013322770805,0.029354105145790666,0.20514122591760914,0.024710261730285066,0.6931328451359257,0.2733841146398516,1.132295501508722,0.3991582946890866,0.961504296111165,0.47859163646174846,1.4610502270281434,0.36755595973905825,1.7482509193312508,0.41870846953587953,1.81255126997039,0.3575564796306883,1.839515793827475,0.4354901452824893,1.7575585206430888,0.290200644951963,1.8243279171834927,0.0544045645817802,1.8932624030269778,-0.13690239413466176,2.08529028994086,0.37043187016697643,2.1347655398383187,0.5986015179777013,1.9854724131505772,0.2876928378234557,1.7915322649229568,-0.05388762787300834,1.831997141741592,-0.07142741687793724,1.811559583981534,-0.07504440208148762,0.2158242899008498,-0.8277197955033673,0.2732910182269054,-0.7314398006958447,0.19161892248549595,-0.6919609739453603,0.1659891132825799,-0.6390877734287485,0.1407625173010382,-0.5807446892289039,0.12027716621623015,-0.5412629013679674,0.09392589945712629,-0.49023457981786794,0.07753649133320273,-0.4367400686460022,0.07244700840543435,-0.39221780931061295,0.07828500219007037,-0.3485023607049618,0.08538497189423531,-0.30744564116444606,0.09034797060884606,302,0,4,1,1,1,0.0,1,0,1,0,0
222.95669802799176,60.735634980702876,0.5073227171695643,0.4999489120088277,0.08436675626069787,0.06277608215167804,0.2936489199973206,0.20682882479587064,3.9195842028793955,5.793942245341598,0.20426976951273226,0.16931132015723385,0.11325982943092897,0.030250886694611328,-0.3466368799982747,0.062150412269070525,1.4744630318992378,0.48670673329578845,0.60371429041196,0.12803296050641574,0.0,0.0,-9.035910868881244,0.8146464686258059,2.071385805514113,0.6460639266781341,0.280237423040381,0.45195684911078526,0.36019316314086414,0.33644173324703425,-0.009472209105794233,0.27998286882655055,0.023653825083308468,0.24307838579680638,-0.06320769308256349,0.1890367110167296,0.09882875010686906,0.15852502499637025,0.004655746770949772,0.14800105045040668,0.03399391606079225,0.12044441836661611,-0.07420189663696171,0.11578268042440021,0.03985029340684601,0.10605233312419332,-0.013854279694940928,0.10011662971858996,0.03233831576317125,0.09826403558372626,-0.06719081745937541,0.09410157385917395,0.03275845713875509,0.08392143762930662,0.0019760962507004032,0.07612415233105105,0.0170019751636301,0.07227973513095207,-0.01816026056013774,0.07066561147516008,0.01789480180386891,0.06605357226641533,-0.011676496684791485,0.06411145403359637,0.01671543736630941,0.06267570470771057,-0.021855714858399655,0.05861232771278137,0.01124190037099951,0.05518584828474015,0.0001469079315825797,0.05292298098057913,0.0,0.0,0.0,0.0,0.0,0.0,0.0,0.0,0.0,0.0,0.0,0.0,5.366246632057566e-06,9.785113529306689e-05,0.000777622280667432,0.005011978631990328,0.0033632515119025462,0.018698765897437384,0.016531410174528038,0.05153508048869727,0.057472224656702084,0.2175020878973963,0.14091971121532726,0.8554522710000751,0.35302636426938266,1.6284667099270151,0.887074360678511,1.5395009007411011,1.0945948050647423,1.5654874422720428,1.2168542595669296,1.6417939324515145,1.2078632963691607,1.6280664423387854,1.1410375196309857,1.6303132338169548,1.0815302091340682,1.641416486074684,1.0401103638198501,1.7713739146197514,1.0168018421641547,1.7825679033044033,0.9899531174492788,1.7738823417171854,0.9368725488854897,1.6386717897880017,0.7038802819865319,1.7054999973507312,0.5330752279198611,1.7896887978188016,-0.5007068257577972,0.34925871272590925,-1.4522140205421756,0.31714819116385085,-1.1362534540870202,0.28316126104551814,-1.0589576578621522,0.19016231885768936,-0.9074519402409444,0.1376238243539603,-0.7623571215378212,0.09948995011487818,-0.6284208569177603,0.11691994556433113,-0.4570664282901176,0.143421354504839,-0.3432506975542023,0.16451824081601701,-0.2137497010967898,0.18106386086182355,-0.12650456687829978,0.18383147445129314,-0.050957728370524716,0.1835780490457954,303,0,0,0,0,0,0.0,0,0,0,0,0
238.70992303810246,60.87936157629592,0.4095760787282362,0.4917586455937092,0.07482979050813483,0.06270578637509495,0.2440147583526571,0.19420754667569629,3.1964385551140673,5.390240635410648,0.1893124505330558,0.17894144138714793,0.11488544900529901,0.031143915316264793,-0.34650816492556147,0.05167879122764877,1.452196175624527,0.5018928308449228,0.5773511781478678,0.1135124850040828,0.0,0.0,-9.313252106989653,0.7306237321140666,2.0302708202876607,0.5303714412536628,0.2455803034047691,0.43656985276870836,0.4132269530848448,0.29170268283982387,0.020499338867225585,0.2586494603428343,0.019906963240044154,0.23119794649029266,-0.0731250614760386,0.15495139759027518,0.1736011030117613,0.14671983482449363,-0.029619654229065102,0.12948364361949494,0.03739169289138266,0.11995291387823608,-0.08664518570785264,0.10992665304145324,0.048802307110220926,0.10026859082162647,-0.019073610819200733,0.08991367150414437,0.041512617711026996,0.09147286018882614,-0.04290072011836349,0.08121888954834416,0.02615916820436147,0.07748674359466799,-0.006795078408959123,0.0717999865486773,0.013247911940142567,0.0684017678526422,-0.013905994607122132,0.06601118411511595,0.016115099781840777,0.060810305567862724,-0.010492800461775168,0.058261482808247195,0.01145884878580129,0.05679583825420099,-0.016408377125098534,0.05284480126962132,0.009848360289284633,0.05106025863604761,-0.0008225658086929093,0.04931763054123158,0.0,0.0,0.0,0.0,0.0,0.0,0.0,0.0,0.0,0.0,0.0,0.0,0.0,0.0,0.00013359488709073933,0.0021059976992861204,0.0008366580914318698,0.013952461381093817,0.000852069678836462,0.03722326910688067,-0.014042815853898195,0.13261053197873376,-0.06351142454696065,0.522030770548929,-0.082946823462729,1.261577643033524,0.40393803036494835,1.5599376663746656,0.7325977075020945,1.7085874955020397,0.8744562996794095,1.7956737679431325,0.8814341161186222,1.7667497984064904,0.8773886862453192,1.7847868842745571,0.7334003765071411,1.846264804982206,0.6451980983783371,1.9231627784828937,0.6961239401950163,1.9136028335517012,0.6406933067597402,1.9285591801653845,0.634289644667613,1.81166133306098,0.41617512907935905,1.8156064527423887,0.1363776467596518,1.7620992514058496,-0.4663773075813778,0.3235889979220642,-1.4932926312011103,0.34324904365419245,-1.2246101898033055,0.26454887755414286,-1.0981285566363868,0.19102851978391427,-0.9383178615102196,0.13431430883571913,-0.765111274693414,0.10289053158013584,-0.6052044530791068,0.12256454763660785,-0.43453377864759024,0.15470891249288193,-0.2915700336742973,0.18083167309108636,-0.17663740975209435,0.19717482317073562,-0.08454403300666655,0.19994236104808388,-0.017254686284303555,0.19283617700233113,304,0,6,0,0,1,1.0,2,2,0,0,0
134.16173415492958,46.65232165777272,0.38221830985915495,0.48593092019371203,0.051558869947899766,0.05035627721685632,0.15983780499375003,0.1798691279857475,0.746986609526878,6.431990639942536,0.1924199407516661,0.21849464252055995,0.11078999741343895,0.030392488283807886,-0.46678281332159616,0.04811967885986946,1.4779896940727701,0.5609329259959617,0.5241515973591548,0.06650107520987872,0.0,0.0,-7.9047315375586855,0.74785904801661,3.002389217253521,0.478991626911724,0.12205222441269248,0.44270133325367717,0.1901627965585523,0.3041919160531776,-0.023086278653394368,0.23248500444553008,-0.034393871260056344,0.19650301532708542,-0.02685132175210153,0.2032828592434322,-0.05075906034117834,0.15070721634492618,0.05337174301016789,0.17671322180969884,-0.049105413348782864,0.14508832128400692,-0.017605958980654927,0.12076216875267257,0.033570772912858295,0.11783200692107659,-0.054626090903181386,0.14064497507946228,-0.029287871361325876,0.11813651781409094,0.028670757793955632,0.10303061192651415,0.004217979627590041,0.09949485687867934,0.004413892873440493,0.08790593863034056,0.048270697877901524,0.08696821650015733,-0.01057162826062007,0.09564982093204427,-0.025076994578780695,0.07697231143226592,0.007607899244710504,0.08211125934525101,-0.007077321841207857,0.07020905030247901,0.0007029489961672536,0.06701760286925086,-0.0006393039742987383,0.06332883985002559,-0.005028287600795832,0.06113007417813699,0.0,0.0,0.0,0.0,0.0,0.0,0.0,0.0,-0.0005539109283475705,0.005915101804013405,-0.002857049095609683,0.03382855979886447,-0.005724977302752816,0.06420295593474674,-0.020873785024103662,0.110562514331596,-0.04843193202441457,0.18778710512490343,-0.11192465149509838,0.43817895545402397,-0.10199737376165081,0.9246213358643258,0.18097586177311245,1.2681638417418097,-0.11734801781743488,1.4648080494864808,-0.0642914748317195,1.7095841073671723,-0.03598344228878227,1.8086106015371388,-0.03453517007625587,1.7526515339130797,-0.04704762241644954,1.6781919077534388,0.1363950947761737,1.6903983582728226,0.09080755787438322,1.7541264008818729,-0.026113618757470664,1.757508058684539,0.18278509996286385,1.7452392301531803,0.18648413732167485,1.709084964508728,0.1810600667713439,1.7188934279414754,0.15192842788805924,1.7867142331997001,0.025065324482554587,1.7843657033588267,-0.11001015332514436,0.19165674711662756,-0.8677269818251175,0.2624869469199855,-0.7758839084330985,0.19760096137915914,-0.7499735171478873,0.174821970999996,-0.685317008157277,0.1449056121679974,-0.6334340861091549,0.11837038733914018,-0.5759990646813379,0.09465894358934765,-0.5062791524346245,0.08036087387005596,-0.464426333713439,0.08373683608055763,-0.4064671995325059,0.08991627840539021,-0.3396018341727406,0.09841803799425801,-0.2905252916659742,0.1092346570603065,305,0,7,1,0,1,1.0,2,2,1,0,0
221.97851936163514,57.08568919878255,0.5581575569709152,0.49660818496907977,0.09127242474778773,0.06592334432606761,0.2720222961739923,0.18311587431437815,3.00310343029478,6.765298582800009,0.24636306440010816,0.19662459188514542,0.11904543683901224,0.02956375883247791,-0.4048983274727759,0.07859683351123875,1.4656083076227608,0.5421188793549997,0.5299889323452723,0.06833334893704136,0.0,0.0,-7.245216598454944,0.8600259834184923,2.8330177264104486,0.49918721293569196,-0.035445473873190775,0.6429917918569024,0.2270083784665401,0.3263294225507081,-0.13212842672287398,0.32390341619673435,-0.15698431495122497,0.2723573137714748,-0.05870168402445749,0.19858567898984697,-0.010554858619217946,0.1759220577220866,0.12364695091401279,0.19336920504990082,-0.06985866460695088,0.14368231643858598,-0.008774392187807458,0.14269114865349963,0.0277653977214809,0.1263523584230135,0.024579711720831215,0.11742270675380535,-0.03167248021154433,0.1167133669099061,-0.021181951622836797,0.10642620296330543,0.02493147636324743,0.09833686227437297,-0.017157914018831277,0.08643845271108076,0.00377168582463654,0.08265487294301034,0.01898399966774885,0.08005660842152072,-0.010313507606415372,0.07600101113786098,0.003093491833669548,0.07131093097174579,0.008999371908952282,0.06727186402324992,-0.012070834385899473,0.06561702628502901,-0.0029887623133307505,0.06159362053508559,0.009531828463505518,0.05704274260934652,0.0,0.0,0.0,0.0,0.0,0.0,0.0,0.0,0.0,0.0,0.0,0.0,0.0,0.0,0.0001249181327189677,0.0030793995340106578,0.00011031153208406345,0.015284700348376853,-9.221337504197648e-05,0.03799711390858888,-0.001355154179355581,0.0941836554252571,0.006161458740095576,0.29483148546422144,0.02020012857743766,0.7574889993982157,0.10182275030389333,1.1513076641756859,0.03888614028580309,1.8387843767867862,0.15167788596621704,1.9579541744604063,0.2420140257954851,1.749908081261778,0.2210494667813835,1.7485384855618162,0.6303406638026865,1.6026695053252624,0.5615284500227964,1.6249103382259653,0.5324702458162691,1.6204905639794394,0.5581676152067825,1.6290576150960947,0.5376800750894744,1.6203280234248303,0.47644538058289143,1.6461895838616603,0.3080507214283115,1.7388266857346848,-0.39161076780648846,0.22287381858391783,-1.4075549371967808,0.29758451405508346,-1.2513838968590316,0.2298631862510144,-1.1409880064409628,0.17154844915423467,-0.9562128383745429,0.11585896428932763,-0.7855253584417051,0.10025716958035528,-0.6123433449809896,0.12134450427054656,-0.4432226078112513,0.15638145127605824,-0.3163898000643208,0.17869226190726462,-0.18652870611588726,0.1963532416836618,-0.08308259178607352,0.205338631338104,-0.010100235034612484,0.20337967246604297,307,0,4,0,0,1,0.0,1,0,2,0,0
116.31842014936856,32.03196205231804,0.21962622353205744,0.41399586235573094,0.03269308973803406,0.03524130254827395,0.12544024508577684,0.12086227767264374,0.5086423941883321,4.82063169518113,0.10081449221905218,0.1502874527537334,0.08956603792635089,0.039550091400777324,-0.3434011523225508,0.07233517953781858,1.3216673384700968,0.5757330422760848,0.5869193822864515,0.13105519926137194,0.0,0.0,-10.782553939566098,1.3819358728677391,1.8365126764074824,0.6543160943833826,0.41153610023176984,0.40888386556128326,0.43669000472253194,0.2653397133167579,0.18402491149863062,0.2446919030894665,0.267338353727148,0.2475117618469679,0.062264677770456515,0.23198114205953232,0.20741259898458028,0.17040018585735967,0.0812159105742815,0.1564864798168712,0.17956034019755238,0.13988116708221984,0.02598457404290547,0.12645984957212952,0.06583561507205908,0.1212524607409708,0.006615827894112725,0.13290384028791347,0.04715584769321201,0.11191322733323249,0.009116621804142551,0.11253426585717934,-0.012901958221961435,0.12298420260235308,1.624049416492094e-05,0.09660250204712899,0.015868071806059134,0.09736162632040046,0.001936789019656996,0.09311514327393293,0.016176385751353668,0.08368837294852441,0.005627846973529454,0.08165680041277003,-0.000783417201462912,0.07818774209969086,0.0020225162491069367,0.07449627183504401,0.003196048035682159,0.07117564642110799,0.004091416127885286,0.07063021506246993,0.0,0.0,0.0,0.0,0.0,0.0,0.0,0.0,-0.0009781196783876127,0.010527364162401541,-0.015486723449605489,0.04519116562445081,-0.06017935254484371,0.11568623151395012,-0.12060421252590987,0.2057256038931066,-0.22394007099578406,0.3609062275857834,-0.38156584771682,0.6310009940036458,-0.4680638965944331,1.0597114200409412,-0.40145595803285516,1.8180655559981387,-0.26868024263044893,2.1247588594937823,-0.11021328553024652,2.1332964104844563,-0.11710895967707037,2.1563614310979102,-0.21590124126609378,2.156485591131938,-0.06903703470969001,2.1822977577865625,-0.04017148627253251,2.206981675630931,-0.08124564124069934,2.1868829009156707,-0.09861885523958151,2.153181156141014,-0.07592593346692705,2.180356523440545,-0.21835350023204203,2.1409122202846755,-0.1294181565272048,2.179001755771383,-0.35416262332446835,1.8862325407058913,-0.4610025539616896,1.9256959432508622,-0.15921498207141876,0.3937107137172055,-0.8259189515794955,0.2808995328091126,-0.6889514558597214,0.18934982182739624,-0.6778582951271763,0.15366184381888934,-0.6174534115705003,0.15958457443395505,-0.5809381410988412,0.13596214793315659,-0.537851928862929,0.11618022381047473,-0.48287960493582593,0.10863653350051071,-0.4496648035221153,0.07284119359278984,-0.3970771295413605,0.0701660582010495,-0.35376840431502327,0.06672633791060958,-0.3168255474743423,0.06960632924139976,310,0,4,1,1,1,0.0,0,0,1,1,0
134.91039759996963,47.18670131106758,0.26248433524474996,0.4399872265390415,0.03861934722103723,0.036934945094447585,0.14045732171426728,0.12707162904698519,0.20813667732463706,4.704070811854506,0.10443970646894013,0.14898807857783963,0.0892588421754807,0.03883745944803743,-0.34819891260636215,0.1006140678116192,1.2844530173799669,0.5987768866979801,0.5630265424878796,0.15207062448655265,0.0,0.0,-10.139577530095316,2.256845119596485,1.9380548292682185,0.8602902519388775,0.39975437497055427,0.36575716945129627,0.4220613538364663,0.30135556489048837,0.18442524714479674,0.24373125545594565,0.1741986782211408,0.32845374348114786,0.06710960536658693,0.21199792028562978,0.1425913756703503,0.18241520667101593,0.04966204297575741,0.1706945694037502,0.15027651285879567,0.15667268209545704,-0.009480451401878505,0.1423955320603235,0.04978320982350409,0.12759183355603024,-0.027933290111032544,0.12617057512933363,0.05540842737269422,0.11939417193235774,0.001297337313155862,0.10656871596539423,0.002481056127373765,0.10359794106587308,-0.01449520500227332,0.09612051801425703,0.03100035639393664,0.08833525049628285,-0.001157190459814681,0.0847105382400715,-2.3472397017683586e-05,0.08227167966298474,0.006996288969196699,0.08033890611128248,-0.004870284451572805,0.07594412604816195,-0.003399053028024659,0.07217258067077102,0.014978046321845843,0.07075190944414027,-0.006504217415006519,0.06725415272630399,0.0,0.0,0.0,0.0,0.0,0.0,0.0,0.0,-0.0006934780445722097,0.006814581770121066,-0.007903768739058584,0.03123689106586915,-0.029602669253277,0.07325945169166227,-0.06679226162101824,0.13304094232839986,-0.14105910592643528,0.24623336049424197,-0.2831620736255326,0.4684976628647343,-0.476464750141467,0.8259598270580355,-0.5099173020220786,1.3986975723399522,-0.39622692606715276,2.010891940212687,-0.1322279391165458,2.176872422664359,-0.04353570694377143,2.1715048439766247,-0.0670102015297409,2.152278150171411,0.18919336892363195,2.1407590813314425,0.2110647399259358,2.144575530229754,0.11165817621249638,2.095739806269531,0.1581734785183357,2.1149636306670296,0.11897071301770908,2.0469735216039036,-0.08562364035414374,2.020804288343021,0.013253285757401995,2.0453447682577237,-0.33378753045027143,1.9088684317680067,-0.2505366487668451,1.9563277573728788,-0.19467482527807886,0.3658081550951201,-0.917473876642236,0.35227882901759544,-0.7866498716705275,0.26071380641393166,-0.7393915022215471,0.23187787210256341,-0.6804711419625565,0.20764686638277724,-0.6086985985987164,0.18159555001884659,-0.55590123893467,0.1448626495088033,-0.48468079197868336,0.12655392951675917,-0.422895977483639,0.10885875043455784,-0.36641230061418495,0.10501654999688527,-0.30302331750355066,0.11564401920849975,-0.2646782646447044,0.12004336659893772,312,0,2,1,0,0,1.0,1,0,0,0,0
128.98550695798676,40.36087664692833,0.2974091614597843,0.45712112638471,0.06028717420037277,0.04832757395959268,0.20082659046720128,0.15286263831057906,1.7917919292354967,4.83884061782717,0.12911653772720047,0.1371589638967233,0.10656098044879346,0.03756951466590383,-0.33522299287868296,0.08259351575852458,1.3261847078176197,0.5506326243585772,0.5904170903808652,0.1509458803433748,0.0,0.0,-10.879270682267414,1.5235766150503234,1.8348311218314965,0.775416597663296,0.3339045932451958,0.40360679335885397,0.4270366011854048,0.2635253168215536,0.09622050359610658,0.2698987221491036,0.22448825704233166,0.2120942324787167,0.05123538343634735,0.20828214739863316,0.12780250402264498,0.22557321023479196,0.10470687289485679,0.1469113389899122,0.12054727696000317,0.1390616332471415,0.03291812593568631,0.1209320037389195,0.07835883271407185,0.12366638447035071,-0.0622329973753625,0.15900697596550456,0.045523101125398584,0.10801850006536018,0.008490926847225428,0.10025238084145917,0.011108749605851474,0.10166490279585987,-0.00591923493244624,0.0896006292281111,0.03541013366325069,0.09093647798196436,-0.019447216469112908,0.10030058907710523,0.021110228408883144,0.0783342427101151,0.002441899743837307,0.07431848996735174,-0.011131209609141162,0.07384226959908774,0.018645437065512315,0.07650111825772957,-0.0055527130821214875,0.06638552917106805,0.011707209313958957,0.06407581399227377,0.0,0.0,0.0,0.0,0.0,0.0,0.0,0.0,-0.0007061634812637137,0.009753145016789897,-0.0047147133843064935,0.04209862574680919,-0.01268530992648028,0.07659209700834668,-0.05516782201698529,0.13362307766554782,-0.15826381299576564,0.267768764716841,-0.3595031116509529,0.5564527169731355,-0.5873082736189981,1.041065252633394,-0.3504288411786259,1.6523762119508512,0.12775045979990982,2.133137440770141,0.4455208177881694,2.1294726590764905,0.601732481616455,2.0946427568237134,0.5392510428314826,2.085788078720039,0.7016941416447114,2.0559588052333044,0.7867837565922183,1.9843724730558994,0.6868309086790173,2.0061503521600064,0.7117427925654208,2.00167649295437,0.7325651077984241,2.0042989183684097,0.6695786888783646,2.0281860582367424,0.8058802655528609,1.968437666777041,-0.06214304382634879,1.9023507168081082,0.11618767315127153,2.0066398921250115,-0.24592905657256076,0.4906012037538956,-0.9381104391557554,0.4127812839113021,-0.7242992195218956,0.24653398226701476,-0.722268383303485,0.1988758005438173,-0.631969627459174,0.18951058201675675,-0.5783169355285815,0.16273636202029063,-0.5315331301682121,0.13452107999680624,-0.451332775623977,0.1413681919222246,-0.43000507493144163,0.09145884343480196,-0.37068161727675414,0.09338615197600533,-0.32215799208242396,0.0999965665986767,-0.29694215891473974,0.10484595959142679,313,0,7,1,1,1,1.0,1,1,1,1,0
131.02462092086242,43.58756289897836,0.32396272260326636,0.4679883784422683,0.03219071576101836,0.03558195268695705,0.1331591927319175,0.13490115869714808,1.516642485760196,6.023506315264848,0.16235199872078143,0.19449713533490787,0.10659085440757031,0.04248015298706093,-0.41541678053404285,0.11681775412038274,1.507523031095254,0.6957430665460875,0.514775331200853,0.11098053462674255,0.0,0.0,-9.742343004336727,2.0597525724211594,2.607563272411548,1.1564288028395835,0.5824926770270529,0.6140644078544545,0.4384146167474344,0.39668243752222004,0.2246922385846482,0.2944437262538998,0.1361295082170393,0.31791358228669625,0.07329724986866587,0.20748089889162893,0.1282392550988456,0.18920502748791038,-0.0037761164897333376,0.18241801942009972,0.09523411083131333,0.1613915868483831,-0.03687045272387147,0.1461212802790159,0.05337126551613016,0.12544677900348863,-0.07616124192463702,0.1464488730254183,0.056797591137418876,0.10668725715799668,-0.043231779218818114,0.12208150271676829,0.009965753669150803,0.12064829852407975,-0.0022208892838228816,0.09995646455196086,-0.010832879031079877,0.10010508788926421,0.02957912299725689,0.09711011341630331,-0.017359023948832875,0.08950574708818378,0.026798727192407137,0.09804271696404808,-0.006709753848371319,0.08011065077782861,0.011801981997634589,0.07676759676493664,-0.012337709494770704,0.07441786448648757,0.0017133393342794164,0.0681030231117592,0.0,0.0,0.0,0.0,0.0,0.0,0.0,0.0,0.00022737844014228157,0.005510917402170594,0.0011246089302579584,0.02695062104389916,0.0034902461495554494,0.051558719838601046,0.016890893125150557,0.08429040448991737,0.07767885510439825,0.16789224142148962,0.2017498591924372,0.35389211271908055,0.31134230486799125,0.5525565842964203,0.054413805820363134,0.8455564660543087,-0.27059942381007596,1.3834037746457761,-0.34530446958258754,1.5059247191557668,-0.3154348183323901,1.465208569109994,-0.3062581619718882,1.4833396574162294,-0.3482226178572776,1.4740676481494512,-0.36559166413978,1.4568355161062347,-0.39756722102728137,1.4728847968589565,-0.38837989368174414,1.4535460331215135,-0.38383655702161906,1.4548333466489423,-0.335750474979157,1.4127280427398667,-0.33987236828270745,1.4241707692679617,-0.24369372303886647,1.4245500808940275,0.0001318686036149685,1.4035612129424913,-0.27991219328937356,0.473375654257452,-0.9423180444232565,0.391166304590432,-0.7194045701565528,0.23851638054939783,-0.7196319861901393,0.20548589830128383,-0.6507949400713562,0.18574455807725807,-0.5982891338900337,0.1555436589440103,-0.5469170279457448,0.1320794429387658,-0.4745644445797476,0.12278034012799376,-0.43591578132336795,0.10090142214527542,-0.36676114866944504,0.10409306446392348,-0.3196827951468879,0.10573539726645798,-0.2693929011116169,0.11176437320934714,315,0,2,1,0,0,0.0,1,1,0,0,0
127.50762937135362,36.633354911606304,0.1839334415023993,0.3874321332755279,0.03468022477050633,0.040485683102706255,0.12115105771143839,0.13872509842475778,2.115424493946341,5.475934972165517,0.11379260969451904,0.1466409555764322,0.10410170731648656,0.04035809326225626,-0.3454589594937918,0.07728611210480761,1.473550322550949,0.6300183961364673,0.5251295256671384,0.08728145461192953,0.0,0.0,-11.151334295347578,1.4271610105485346,1.7873785132019193,0.6271598328826998,0.4036969213611466,0.363746183612918,0.4156516671359708,0.2785055595102555,0.1618356466833201,0.21284070761369248,0.2689165314205013,0.22673191672690682,0.12405032135199823,0.17157072369075074,0.1512765376228392,0.15477722907262256,0.08918447526900668,0.13441859743268542,0.1654831886455081,0.12888774435214845,0.04320371564193475,0.10780111755648852,0.039953773162589606,0.1120367694743627,-0.014483208271995717,0.10552399856332091,0.05345072522420663,0.09852912251259018,0.00797148597553492,0.09601717518332684,-0.0009231479625194186,0.09478006746977086,-0.013583905877972289,0.08609418856867476,0.018730974333809877,0.08081408576849199,0.011036747962759807,0.07916599582937915,0.010580635162372239,0.0744002372088744,0.0067743046459516,0.07217230045343206,0.0027130336153586266,0.065565818668949,-0.008057917718210378,0.0637377071890757,0.004995767823467623,0.0609317737949072,-0.0003378466014416405,0.06025273725036736,0.0,0.0,0.0,0.0,0.0,0.0,0.0,0.0,0.0006699975960435439,0.009602806067071283,0.0042496069964989,0.030549053122279887,0.013527756871603482,0.05410579163906564,0.034994511927336804,0.0924473916374751,0.07030403016513276,0.1674989594158925,0.11833906425795897,0.30525082826031463,-0.0032587573710475127,0.4420533771251266,-0.19053899214004555,1.0385592872792377,-0.24440554151540264,1.6062215707088185,-0.2670635824700636,1.6535317155122236,-0.28651496641237734,1.6123055026047717,-0.2780619193279709,1.6470801358624763,-0.26379881183308596,1.6493037674263125,-0.2774944604321009,1.638019636296775,-0.2680377733603756,1.6393434456510294,-0.27107354175100407,1.623241267768392,-0.2770352464218916,1.6137279006560232,-0.1840594498443056,1.636999936592252,-0.24133546486738935,1.6345737439813244,-0.022827056448291732,1.6510368026280289,-0.1014086390741637,1.640919677477038,-0.12986245350987446,0.3338730489456804,-0.8512542567749507,0.3018734056425195,-0.7315631385079573,0.21263835647216814,-0.7193497563675908,0.17974647644856903,-0.6566094946430536,0.16710075512306877,-0.5977397130781694,0.15368214415894343,-0.5603369965995789,0.11568931193895804,-0.495169181918505,0.10254869121700876,-0.44477130555459654,0.08311303952233082,-0.3937948396347568,0.07662558555899737,-0.33802114443584075,0.0815593487971381,-0.2953314656374841,0.08803129575006863,316,0,6,1,1,1,1.0,1,0,1,1,0
132.28998633370605,39.45161651262773,0.24524785687663064,0.4302367316767522,0.049706012333261274,0.046583306010302805,0.17731579403678843,0.16978253091827147,1.847137162967282,5.31192643781159,0.1128367978188309,0.13127623499238594,0.09667377081842464,0.0360775667768536,-0.3489987690149086,0.07685455230496335,1.4016642230090697,0.5257428534746502,0.577347592123245,0.1276790766753563,0.0,0.0,-10.971133232699714,1.2196799626783315,1.8581615637675237,0.707566322232208,0.36830164078400046,0.4285717426047792,0.40385017763411474,0.2568532780752806,0.08556259767914647,0.21323494972491497,0.12782176807426016,0.2733526048133854,0.08155871423023606,0.18248030261306622,0.12607803276183127,0.17433403814597084,0.04929420027143671,0.15007247861897421,0.13297344728979382,0.14595015183386514,0.02192223960333706,0.12386524914955781,0.06768544262926203,0.12707590910141636,-0.0007614141108456577,0.12348470065035126,0.045805867206869175,0.11177092464651449,0.004455481332765561,0.10070553899238184,0.005015914745032426,0.10699660007604025,-0.008940194319632376,0.09707327449720268,0.01020710386182184,0.09463813902780953,0.00866187972819605,0.08500548999274887,0.004413600805261523,0.0815396615335374,-0.0006263129093676236,0.07738172146017243,0.0017413721520350353,0.08917106083361323,0.00926775884866468,0.07503957747582964,-0.010963716869065724,0.06975986071308532,0.0075318548141160395,0.06337677752426445,0.0,0.0,0.0,0.0,0.0,0.0,0.0,0.0,-0.0004902212395563796,0.007651696425678577,-0.0026122702802042117,0.0308838180460995,-0.014306668052121541,0.06964026266241956,-0.04581046730144189,0.14690692795139434,-0.1256057034256032,0.30463583729647525,-0.31721515415331847,0.6935078436949376,-0.20318898383543174,1.1376180175127153,0.11339608172084108,1.4808620378463613,0.43228333286859233,1.9157441349483542,0.5034842062598708,1.994056523940215,0.5793852862465712,1.9673188559016492,0.5362009871933906,1.9193452596109737,0.5762258263974135,1.9427899058234046,0.667997570802774,1.9059307301254669,0.6111025704099018,1.9148016503088157,0.6481330424991427,1.8900456338418328,0.6917831841449621,1.893547484675249,0.613937258574357,1.9092093627291278,0.573064521013306,1.9266230221292713,0.006889621935018015,1.9606339716110577,0.2838520902185737,2.022091880354814,-0.16790922312039752,0.40433231953968735,-0.8806830882221395,0.3359592067419107,-0.7322409421504535,0.19969371870382402,-0.7194191344245994,0.17042349510102667,-0.6455387323943966,0.16655601749085033,-0.584948739854864,0.14975765746282682,-0.5572227174779475,0.10254989047756492,-0.4831916297779848,0.1055178940608848,-0.43875326903453843,0.08368023752366784,-0.38919670130587647,0.08365643386595091,-0.33507030117541303,0.09223829554018952,-0.300201339350379,0.0939369562771041,317,0,8,1,1,1,1.0,1,1,1,2,0
119.89486565033397,35.543881132481495,0.292781998334438,0.4550430957084315,0.031161389455824574,0.03522524375975587,0.13541043505522019,0.14284615794963812,0.10446832303915768,5.0028081040496035,0.1767155135008005,0.24272936141787244,0.09875415573738508,0.03776022421317705,-0.3607189646475976,0.07598750147960619,1.3383294396573704,0.5423707661451194,0.6000793725250259,0.14465720200015453,0.0,0.0,-10.816969249987254,1.320627519894602,2.044805504162715,0.8497513781585795,0.30953792432701094,0.4457847235702437,0.4285154687008617,0.2714311133555264,0.10216870675753667,0.23663780379486885,0.14847945983025887,0.27060571268231787,0.043135274503572456,0.19403122338244605,0.09935309637512058,0.20292467133418704,0.03479926644319074,0.15293832357215673,0.09091909851755638,0.16075414961720821,0.007499045039487413,0.13537222224521628,0.04655857166117711,0.12131905392849567,-0.005576970297253523,0.11000637501878255,0.04161813613616819,0.11206236575539151,0.0015547870379134581,0.10827239754991536,0.030138747482875303,0.10396801425706073,-0.008983421843075169,0.10187525875809954,0.03406175278223797,0.09637861600069053,0.007978057751591631,0.08784793372687377,0.009373814043452472,0.07985524854772676,-0.00867419768373103,0.08625820501216343,0.004037877926244498,0.07821869256178933,-0.002254898386658509,0.07554124736600211,0.01346840258531433,0.06867930629052191,-0.007791474737387785,0.06683183053281246,0.0,0.0,0.0,0.0,0.0,0.0,0.0,0.0,-0.0012858732262584665,0.010353440812430888,-0.006075110397374752,0.034453283937823605,-0.04063187714486311,0.09149420345308432,-0.10292698211544346,0.19060786286728348,-0.21859396973724057,0.3762927901147382,-0.4421559099229395,0.7648077758946289,-0.43786654887932497,1.3627055038193623,-0.03746935004856303,1.8871921079396161,0.10510782250021243,2.213575068664722,0.23682073482356938,2.2041210759137226,0.5299524808351604,2.1380583520532137,0.6406838552185966,2.118883115970219,0.6447120870257177,2.088878996129905,0.6129809238122333,2.0885026590096607,0.662513092988052,2.0653959184773587,0.6877865928921295,2.0527689941026863,0.6786790231237275,2.0306057346365196,0.7118921527555873,2.025665078490861,0.08564899785122114,2.0491153655963568,-0.17026520681221638,1.984470213635709,0.2506167611563232,2.08955812061036,-0.2216175040921957,0.4889421226750369,-0.9099214054963544,0.4231765492400015,-0.6706086087703359,0.20834635659184106,-0.6572643392979146,0.17135212014409618,-0.6146529787844798,0.16124995988078647,-0.55672425068424,0.15463869958306908,-0.5376225055031527,0.10922522654125064,-0.474672854071959,0.10678658802674446,-0.4324404911149068,0.09031769853351432,-0.39066594665595944,0.08326907621564023,-0.3396616224178352,0.09091134148912182,-0.3035071567714611,0.09326960195570075,318,0,3,1,0,0,1.0,1,1,0,0,0
132.7152388518633,43.75705236344654,0.3027026231775316,0.45943100732826436,0.05196643738796384,0.05474738942412128,0.15989895375987112,0.1458765733849343,1.0291753312374394,5.774947343383573,0.1745966531215018,0.20141353532842976,0.10698385274543555,0.034789096143611226,-0.3393883439332951,0.08360918231097464,1.4023508677229997,0.5507949661762582,0.5596359181121361,0.09782833877343783,0.0,0.0,-11.114881927586763,1.0036343724999552,1.7637696349032528,0.6936718817134301,0.2869552122447515,0.3376787790920394,0.4070246420875226,0.2663748475690198,0.1577536217136898,0.213574167016711,0.10839021354208413,0.24584430461254447,0.0053763969753730274,0.18282004522129225,0.15437953690349412,0.1511978247827303,0.010211145262266259,0.1549811342984732,0.08645151607742714,0.1329328270731413,0.028070161026930898,0.12218001222179639,0.03599618662716599,0.12349339573094202,-0.01147075626432008,0.11287854598265455,0.030992935018013562,0.10949399938585783,-0.009637483852080447,0.11147358260175792,0.014936490935094231,0.09817189358571855,-0.025869325696889114,0.10243709165215441,0.027000272436570008,0.08827787910124245,0.018333687391197718,0.08797516780406721,-0.0077777306559175235,0.08430373604186354,-0.012009419560524343,0.07963576390588896,0.01727708145012285,0.0742927369770214,0.0159144387581729,0.07717688604948289,-0.009464647300156405,0.07097775716335042,0.0009562729137168797,0.06743079778588568,0.0,0.0,0.0,0.0,0.0,0.0,0.0,0.0,-0.0009007088348061085,0.0073845610524778645,-0.007376072958966824,0.03205333679883938,-0.029909208070914652,0.07494684827639525,-0.07263993418461814,0.14291407672176829,-0.15690591783640845,0.2751218852926287,-0.31587652797475263,0.5446181859433932,-0.4546643281729562,0.9028414148304205,-0.13213170990091364,1.4532838324638093,0.42949961909084167,1.826283200306432,0.6879383032777655,1.8346523442655545,0.5411982881630402,1.9073418748139255,0.34406259927911903,1.907553425142944,0.5495472161387945,1.91683146911659,0.6190243409423725,1.8724044879523953,0.45780509763922844,1.8963076252974989,0.5609825346764061,1.8988589304014958,0.5351459436233099,1.9132145762078292,0.4859823012626709,1.9787766179709871,0.5511446082328346,1.9774836337643837,0.48121920723579176,1.9793386914587603,-0.13243342775054068,2.0824813166102594,-0.15469560542075325,0.3144131247775468,-0.8940562094128378,0.33467556874615684,-0.7687294281589205,0.2124529544687271,-0.7135407023730708,0.17719478199777972,-0.6464590528622501,0.15726791620597846,-0.5920075716996955,0.12863690477751136,-0.5349065057820248,0.10723318780795484,-0.48611808260905387,0.0886986163315051,-0.4388038921734269,0.08064128892563162,-0.3835144833824573,0.08834068904565784,-0.3427708374466316,0.09605711389368383,-0.29177339456810997,0.10741773312136545,319,1,13,1,2,1,1.0,1,1,2,3,1
233.85610629363975,63.75811644818892,0.2901307259513019,0.4538252281120502,0.06151103823581452,0.056570590759341115,0.22241483104128162,0.19755723201727576,2.7475946273291463,5.085694408487019,0.16968057213288132,0.17191969504582422,0.11125267492263498,0.036262532920037026,-0.34353311992767843,0.07193507802619387,1.4556097691182244,0.5161418426918883,0.5624076775030036,0.10521508736214763,0.0,0.0,-10.54747502051886,1.2263848007424565,1.935575960936017,0.6062784290078493,0.392045871330312,0.4329537305340899,0.4771890196935731,0.2791723219672489,0.0801582148603647,0.2690599765741749,0.2109178373265639,0.25646697894754833,0.010579798164965681,0.2032091588927017,0.14085780128404762,0.17850935340764515,0.030345509673803776,0.14690764562152767,-0.0071378099682076635,0.14461741137703404,-0.02014122881188904,0.1334582590796712,0.025467703914119354,0.1265042499697204,0.01886492571362928,0.11512388009461565,0.00516591730480522,0.10776529941022318,-0.0020599943218236215,0.10414067872304449,-0.021389533387243812,0.10294265474921327,0.002457593587741022,0.08815929403270861,0.023617882571235534,0.08260503958920833,-0.03268028481026403,0.0805884724548694,0.01864389036276273,0.07325905500952355,-0.009272065294141717,0.07089759096383866,0.018834213623236867,0.06879086463155175,-0.011431807172378525,0.06423897603576814,-0.014852643520142386,0.06157824168850516,0.022278828754275653,0.06299679574067452,0.0,0.0,0.0,0.0,0.0,0.0,0.0,0.0,0.0,0.0,0.0,0.0,0.0,0.0,9.720792774338936e-05,0.005516403034953144,0.00089667641937862,0.01963515383492249,0.004199715403002891,0.06589939874556924,0.018708801907526086,0.2490958696452873,0.0545829759908542,0.7146767784095158,0.24514157635655773,1.089418593167993,0.47310476093677933,1.2054665709848411,0.523333629351497,1.6722724138269762,0.5805166762202357,1.8515165033813432,0.5874980015662064,1.829179649416094,0.6123063644725844,1.7802676418392778,0.5628927696858284,1.7772689072600856,0.5363273430141907,1.804561698413314,0.6028479239022632,1.752413349248035,0.6188567390755568,1.7731413221409347,0.5235118536416634,1.7981658243080443,0.38307046929783867,1.8241110536037375,0.3739545562295733,1.8220002419310515,-0.40946224418046484,0.3342743390770136,-1.3854289706158036,0.29486231275631186,-1.190692112645565,0.2515177994632922,-1.082087662063305,0.17926365594495033,-0.9154953732172384,0.13908238746538776,-0.7492103459491608,0.11126999651011865,-0.6042523347195756,0.10436358998146797,-0.45887305772187126,0.13275003899468885,-0.340813736051767,0.1524904873604043,-0.22892308225663166,0.16972854575303753,-0.15108456987322316,0.17662102887749587,-0.07963599689038837,0.17288852814757016,320,1,11,0,1,1,3.0,1,2,1,1,1
211.8882602718059,57.45843006957977,0.34324926086797825,0.4747967444738806,0.0653540828580818,0.059738074801772165,0.19922729544165416,0.16656791404489565,3.0486081676815098,5.411596480738352,0.14540165270651773,0.15536424200987706,0.1076533049908019,0.032313164763950436,-0.33078073293024784,0.07808669340800171,1.4260327826647687,0.5113849138070937,0.5703234386976677,0.11217848617084167,0.0,0.0,-10.90775531992554,0.9067730982851168,1.8167756861246367,0.7093398430036458,0.2766705582745485,0.3723455439979802,0.3363458343345707,0.26256472557444244,0.06797301336741736,0.23986235005417073,0.1544006618875193,0.2509546307270856,-0.03757601574999818,0.18221422029937576,0.07212607531324172,0.17997706699065305,0.03777564443160686,0.1471787640646336,0.050663987185251426,0.13551231281104723,-0.011558245701364383,0.12019114433692761,0.0021400509325889697,0.10980277006861165,-0.00041731433433465963,0.09943075758452034,0.04775382987363092,0.09480650948492435,-0.04055639412792727,0.10349234498036464,0.007639175830275455,0.0868676962299431,0.004395403047567946,0.0766714730199822,0.003223807727370953,0.07063342464098608,-0.0028756369155564475,0.06836741917078096,0.004424871817979317,0.06618312907850546,-0.010226377490202212,0.06180910894170931,0.0070765224046249586,0.060272560214318364,0.0023668985488021804,0.05799302428698227,-0.0038791133632512923,0.05467389874133195,0.002772367054338675,0.05268140728497394,0.0,0.0,0.0,0.0,0.0,0.0,0.0,0.0,0.0,0.0,0.0,0.0,0.00036235908677242646,0.003795812510529921,0.000984261186232057,0.011949850592303706,0.001434885130819506,0.024503389296759936,-0.024036645081491833,0.07001816329559261,-0.14633727978322444,0.2761403533501248,-0.39178047055741894,0.7110503064851685,-0.5823217206664416,1.323002367885255,0.5886710019613095,1.5291539229880988,0.8019847655423341,1.7243415750177746,0.7147065064622221,1.8737824121341122,0.7612621537954399,1.8414833220513593,0.8430250203262767,1.7938561946582323,0.837875885525751,1.7819978739694928,0.8587657313874999,1.735993841983244,0.8099088597148959,1.7846332967644505,0.780746813430108,1.8020598632624745,0.7273306045659622,1.830635931560791,0.629670007973014,1.7879982718769976,0.2673608930351742,1.9251030276586285,-0.3742737308019127,0.3260345691394278,-1.3183809609324622,0.312044778378177,-1.1138041129442395,0.23130323075903217,-1.0322476997603143,0.17339421955765644,-0.8822977891861639,0.1469519507796507,-0.7482732292100107,0.10880871430795425,-0.611176899865557,0.10365567213974589,-0.4822933836967673,0.11868043264636337,-0.3806177623620105,0.1339770453449604,-0.26359724927388645,0.1543277888798627,-0.19006738128717862,0.15824837288950927,-0.1137091384696222,0.1634275559808886,321,1,20,0,2,3,3.0,3,3,3,3,0
144.5704523966421,41.37739349092102,0.33656132710655245,0.47253564170719903,0.03926858242959144,0.04521986900927259,0.1398781292137486,0.13340328458283393,2.1271384670168976,5.6484223542358825,0.24143092350709966,0.29635726455361794,0.11013568912150627,0.035804415792678845,-0.3655938712469797,0.09638097805088085,1.4580163742371717,0.557821864453822,0.5446995741531292,0.08982036658677703,0.0,0.0,-10.871150775005013,1.1355383422507763,1.9550095328149444,0.8110378604325186,0.3793777019722497,0.35587299419678853,0.4573105135632085,0.322255960721461,0.10762386579484476,0.22938178591619757,0.1290847890563906,0.2648012069884496,-0.04531691471301417,0.2272227189728352,0.13659196765016382,0.16157041934554606,-0.02080330063202972,0.17810600481557823,0.0694144260878317,0.14087914287683925,-0.018973415599733152,0.12373910330947772,0.04560122308195667,0.11641331606432612,-0.02901402241696989,0.11436714670035066,0.015398094041383995,0.13037810604677522,0.04655863742956202,0.11532009295837646,-0.020183810753240043,0.10375959594035712,-0.014964356598316289,0.0892129356266919,0.03681034418273711,0.0896913301978235,-0.00863938696676217,0.08605960735229899,-0.0017943825028135117,0.07709309916555977,0.0006934365718468323,0.07259414214575795,0.008836954389479413,0.07117318814848578,-0.014289453853049881,0.0703864110379736,-0.008073268304574584,0.06871673675605565,0.0161699242051794,0.06957613478282533,0.0,0.0,0.0,0.0,0.0,0.0,0.0,0.0,5.559690717575373e-05,0.0027298365831776514,0.0010904494916984594,0.02621604109890518,0.001792169088087098,0.055104398378451484,-0.0003031863399919782,0.09837446594801869,-0.024263352883336677,0.1733040161812324,-0.08957335690712279,0.3727659498267197,-0.25890290784907133,0.8296915280478585,0.0722091621682482,1.3834144553768701,0.44181358583047303,1.6341233953698049,0.42946500667262316,1.8576501709955209,0.25669390723670366,1.8189751938571184,0.1429266979419343,1.7844457581374606,0.07594151959439974,1.799475737193599,0.12929274728261178,1.7526244940750897,0.10375376692326348,1.76261947739166,0.10109879400232072,1.7580850228015612,0.05090021963313088,1.7486520765799278,0.017840354512907206,1.7485946277164424,0.0505723775044934,1.7494281672973193,-0.02826737992455281,1.7942823334342228,0.0008351518722172831,1.8091004552657681,-0.16846550505336028,0.24828739958352913,-0.974652429055764,0.2994664845856386,-0.857175467228223,0.19896456120439102,-0.7907351631760402,0.16839726176452333,-0.7076582614369348,0.1487379760644448,-0.6353472898031688,0.1280258612132606,-0.5706930041572357,0.10500575935851139,-0.5132994519477792,0.08307183399588391,-0.44641470575308717,0.0793698013062582,-0.38516173950656585,0.08438996152408564,-0.3244421395881443,0.0941442461424308,-0.27292528054700166,0.10397931956571846,322,0,5,1,1,1,1.0,1,1,0,0,0
122.86170610988646,37.79509731537574,0.27895853262903963,0.4484901987393732,0.0688205295686534,0.05951249387102459,0.2159293567348778,0.17641359403996587,2.197157387422937,4.686654168760684,0.13346874682704463,0.13331990458409235,0.10228504581273412,0.03158305475839574,-0.3400528489160615,0.08487903899861286,1.46645598483273,0.5332049391040204,0.5812304340833784,0.13578853020657936,0.0,0.0,-10.706268528608463,1.42878287466885,1.8055595818087926,0.5915272817254276,0.3935007174196509,0.3172278484483808,0.3780401565701591,0.25996658847380655,0.20547911040353536,0.2237649714333262,0.21563403445527732,0.2411111613850149,0.018064011623817045,0.21591011744800384,0.17906666778877706,0.14977754406469465,0.012969469897715344,0.1802548344405176,0.15970330181375728,0.16290563956459958,0.007034958577077126,0.13446238434665958,0.07601037386611487,0.12621244538863444,-0.01677851653962359,0.13366652798062284,0.020557505213415546,0.12704070724544278,0.0027180113913113997,0.11591562868252824,0.009246808236208735,0.1055681153439947,-0.01682562781423824,0.09616025516349613,0.021973094265259743,0.09134243914580482,0.007005056875330035,0.0919097971331701,0.025639189607844278,0.08818580731126298,-0.01056675547398134,0.09015323350581969,-0.0001494170353505522,0.07931633975043215,0.0066137822701239435,0.07749571127187102,0.0019223833599814224,0.07671806114600377,0.0008917086271291714,0.07162450660811698,0.0,0.0,0.0,0.0,0.0,0.0,0.0,0.0,-0.0005770279684248222,0.01036170148281946,-0.002716255885438589,0.03209615610668447,-0.017536762564716136,0.07052367056441484,-0.05993337045761899,0.14706514671482315,-0.15778068821151825,0.34611686502942696,-0.3253010448504908,0.8248717162120134,0.035668028408459854,1.1116742615903195,0.46355197656924396,1.2599852957171387,0.6041333973810673,1.7640511699038406,0.706278524076377,1.712552573401864,0.7217589311218512,1.7409027403006818,0.5475480251613358,1.8123825563474576,0.6559148207942159,1.7756335634802254,0.6936113649581028,1.7655895690943266,0.7134459246630759,1.7477028730257074,0.708940274406272,1.8017102627308634,0.7193184914788225,1.800912776075359,0.6844751016719212,1.864991004193597,0.6957485150348959,1.8253019719057704,0.5981765535489194,1.998643245142278,0.672827796752707,1.990958850432059,-0.16082297355464903,0.3414366946720531,-0.8435396019631494,0.28218207104650195,-0.718335823977873,0.19243916791035526,-0.6779203650667555,0.17329773304600796,-0.6249911231404844,0.16297561225489499,-0.5737725557417959,0.1441165702820732,-0.5326991497455946,0.11496203586622923,-0.4806402613166688,0.09960935684623651,-0.43981732522286465,0.07965450699552493,-0.3993336334816787,0.07742223153879026,-0.3488941122555699,0.08196229563933455,-0.3097102691389455,0.09090472052352373,324,0,5,1,1,1,1.0,0,0,1,1,0
211.307979337379,53.58946982584509,0.44681775065427826,0.497166444134525,0.08490399783123713,0.061725295658807945,0.23975448036825944,0.1537056756174748,4.3468108254537094,5.563946081479078,0.16613266816477984,0.1523447544484899,0.10762925986876723,0.03263092074782085,-0.3370356803429675,0.08959102430340048,1.4132240402966822,0.483881267570417,0.6048414918686644,0.13365691596388338,0.0,0.0,-10.17263020994046,1.272424996201788,2.1015645498547335,0.9243761136426557,0.2949929781270271,0.49636656716036265,0.30255160479683435,0.33301465275522646,0.09650885253719042,0.2631118282863409,0.05032474926318385,0.3255789023771877,-0.0025104240236215563,0.22438913129938245,0.08032478766292842,0.1720410061320785,-0.014609740529989028,0.18070187984190528,0.07548625264748973,0.1403600661445017,-0.03284520227459263,0.15375221235227368,0.0437802034652564,0.11766787095757096,-0.06515434933428532,0.12085188012886408,0.07331250843876566,0.12389082185516495,-0.056287594076793415,0.11104889674942484,0.016898453476465413,0.09091878997155838,-0.006493713960767076,0.08214070301346452,0.01755155226669844,0.08484724392678367,-0.025717121430518967,0.08816738290030436,0.029929403345989192,0.08336177274264774,-0.020042917757601628,0.07338793365702559,0.008819861137758424,0.06445893629191082,0.006661798266928379,0.06259462253991276,-0.011975387552457455,0.060912984115434034,0.00196144093912321,0.05643456198499079,0.0,0.0,0.0,0.0,0.0,0.0,0.0,0.0,0.0,0.0,0.0,0.0,6.7383983161781e-05,0.0018876676591303356,0.0006031840938448132,0.0110272720591491,0.0014629571142224431,0.025995039639082538,-0.013003461447476716,0.06542021435604613,-0.17450137566190788,0.22781433975045146,-0.49494865253838694,0.5837622499091655,-0.9083861575811466,1.1855850365417486,0.34645412506620493,1.8521359633544072,1.106231150227186,1.7971808901863777,1.0541504239973258,1.8243371122887668,1.1323237730998503,1.7686676674150297,1.1963573416128959,1.6746568513671996,1.1828842061887546,1.6516926735865771,1.2023092345749191,1.6203828973766128,1.2034658064867156,1.6361745864659245,1.1221738408261963,1.7266631261903247,1.0734038883371961,1.75664221453929,0.9851547057755912,1.758181705632273,0.2678895631342408,2.0057515412370477,-0.5329363575517193,0.45287375438892574,-1.4469712479857373,0.37766417251716594,-1.1313309716037532,0.2428778625833105,-1.0609343958926183,0.19027351245777496,-0.8877957700145142,0.16212148144384517,-0.7307722513605558,0.14055854074993604,-0.5880730223806584,0.12743943122923876,-0.4483471001825121,0.13695442911965836,-0.3305038195615548,0.1463164232979738,-0.20919312684638347,0.17126874885637222,-0.13131983676368075,0.17140698829367143,-0.05417517168858105,0.1743475090648223,325,1,10,0,1,1,2.0,3,2,1,0,0
147.1565552552166,44.21332668817103,0.24324594899958524,0.42904544046078896,0.061885607748537644,0.05912064929267937,0.17512349456530654,0.17700534425432607,1.4464236710870269,4.769651003078535,0.1329167149826733,0.1509294234697694,0.10278118313377956,0.031676696744659796,-0.35109365359923334,0.07230001965864495,1.4212001307189543,0.5242391577185501,0.5618256669670056,0.10612136465221404,0.0,0.0,-10.997092305602036,1.1478615798761556,1.8371868765792827,0.6238922475319721,0.366754959273523,0.31793927098413644,0.37741023581499883,0.2376632487509274,0.1669352322459075,0.19848695919627418,0.19895951383185306,0.25209020728027687,0.046483849455645654,0.17787073936390504,0.11774743135675551,0.17132953830905115,0.05845793939036041,0.1419780076780103,0.09638074682477223,0.14793787034436806,0.003586816268878878,0.12923787492376998,0.06686294766613607,0.12260680512975355,-0.03736722054263812,0.14561680430771423,0.04073257471844939,0.10053457623437935,0.006070609621880695,0.10308351596106062,-0.001540733906819983,0.09806697359874644,-0.0006706790569628581,0.08671430074859021,0.029770945527938672,0.08547396261723196,0.0002535227673531559,0.08087397060112733,0.006372165080975672,0.07534671824571998,-0.003850022093612648,0.07384190909824809,0.011463119218550219,0.07170835748052437,-0.014117920790767577,0.06743210382658618,-0.003563093279684501,0.06767161949395466,8.438864102487066e-05,0.06332701942279774,0.0,0.0,0.0,0.0,0.0,0.0,0.0,0.0,-0.0002856375064066589,0.004658582571240315,-0.0030688174293484016,0.026458328439416937,-0.008065185746792552,0.04975109445558907,-0.028247440152505257,0.08471043784954407,-0.08695387818097924,0.18060358095148588,-0.21186744697708454,0.4216218927960527,-0.3370217975805266,0.8103947511466207,-0.052844267174938855,1.2330744653865133,0.26081187558850705,1.692382008883843,0.47507781254224063,1.856944775963337,0.5340984406502667,1.855596492675641,0.4638771130133865,1.849790922846449,0.4809597144544987,1.8577765849354868,0.4976794086832283,1.8775291461296066,0.5379860529798344,1.8562430239564474,0.4771789626086912,1.8771735893756656,0.5518095791981809,1.84850589638754,0.46001972607591424,1.9033665784435412,0.533948840499958,1.8331184701819896,0.29351379290546475,1.9739426985580684,0.36846665641166454,2.0032056718531304,-0.17494513017308966,0.3406191807926259,-0.944262,0.32347904003319955,-0.8203470137641052,0.2207588553886672,-0.7790283815019808,0.1878982563519043,-0.7071347205903806,0.1607723386730165,-0.6318893874032122,0.13764414803989758,-0.5719641806839146,0.10506777617233658,-0.4969655458290071,0.09691455661385406,-0.44270150071234676,0.08341615427023111,-0.37320703132721206,0.09520639455897356,-0.3142622414749245,0.10602825153438937,-0.2694268465682699,0.11461540396673278,326,0,2,1,0,0,1.0,1,0,0,0,0
224.8127763333774,67.57523426966317,0.40453003128718107,0.4908044655958758,0.07523968530563757,0.06303167844413482,0.24081708311141473,0.1851408743814482,3.1398967901818926,5.132114875115468,0.17064867653978466,0.1596890674326272,0.11241997807958401,0.03435773388482402,-0.31452809764978923,0.08220145525510275,1.412842921312005,0.5366244401260674,0.5740725536509056,0.144957949617501,0.0,0.0,-10.322793605957784,1.8057741681377932,1.9004870994692928,0.7575676645382943,0.23326080623114323,0.4643821341089421,0.34597714275847175,0.3023297056090505,0.0013456787220655416,0.3020805594284125,0.10373436136647131,0.2644602675016321,0.011249007648355586,0.18162017295653218,0.044722719493691145,0.19724818405829825,0.043793011817811665,0.1625979575109615,0.04843894986919886,0.1301158811906303,-0.052397935869842094,0.13795341029732533,0.05047961560357378,0.11811647173023115,-0.025436645762275147,0.10503987937051122,0.023916430056118623,0.09293411845591132,-0.02863705727906253,0.09336426521013144,0.018928680240162168,0.08651985230805079,-0.004027742725359509,0.08297911523158483,0.005270920920371922,0.07249575783229507,-0.0054299032802871666,0.07506463806935877,0.007431244318908914,0.06706333485078142,-0.00693822666401651,0.06365440730483612,0.004975244760967699,0.0634440869082216,-0.0036101100073164995,0.05941386714903748,-0.0012643253197643914,0.0559255153370135,0.009177706290558467,0.05336501911222584,0.0,0.0,0.0,0.0,0.0,0.0,0.0,0.0,0.0,0.0,0.0,0.0,0.0,0.0,0.00014351812810667458,0.004563310361248061,0.0005993064967025072,0.015636592856723554,-0.004831943419899088,0.041101938248259855,-0.08266480626890069,0.18706657643213556,-0.2872240872911646,0.5931415594170972,-0.478167463022728,1.2737710612546214,0.30518905009787745,1.5974601953220577,0.7461179101753845,1.6480586516623186,0.775440827356571,1.841777562093104,0.7339107330889113,1.8194975824493465,0.8322731581138826,1.7711557133143299,0.9167821380611643,1.721088209035198,0.8333026101229453,1.7161440912137804,0.8040854805810601,1.7259213096769053,0.7661210500597834,1.7250596439091188,0.8206878217196345,1.6825350974208766,0.4309129027269349,1.880339412879787,0.5421510725884487,1.870370795654656,-0.4937711574115365,0.4464505330489772,-1.4264559919652169,0.40123146478265503,-1.1414044208684029,0.2988074412662425,-1.0674207782723013,0.22248865296073825,-0.8808492233293674,0.1943069472679443,-0.7128327275691476,0.16944077042597988,-0.5890622774899749,0.14137021736288538,-0.4318598121339179,0.16546869619962246,-0.32637752253928526,0.16099834189544132,-0.21018578842037924,0.17955168178585518,-0.1210664896509423,0.18296342124140147,-0.06277862925959549,0.17215660335799027,327,0,4,0,0,0,1.0,2,0,0,1,0
151.45762807333764,49.069253415149255,0.3933027290393444,0.48848534519656267,0.06682623920851005,0.049615496969792734,0.2376101753395509,0.18673903898632224,1.5018126583641138,4.8013174430278145,0.14525291086861933,0.13888610053523145,0.09593616127646194,0.03585983473266633,-0.3204608675146657,0.10433666993279768,1.3057278302869857,0.568345778290926,0.5932300015020512,0.16439444084103552,0.0,0.0,-9.835556321288758,2.193043476575436,1.9544901775424377,0.9388487567879693,0.1736624455680007,0.5467314021769787,0.43049275691274025,0.3466377854541172,0.053808441250870725,0.27593157675380753,-0.0591050197135438,0.38149943755949073,-0.0011280928596755656,0.2224728576689885,0.07617899235072707,0.2114247839620833,-0.04537396081002356,0.20734972161942591,0.17867765417978337,0.21098285824119967,-0.04472311924878005,0.168682259025631,0.05300931127455244,0.143119711009043,0.015613560357801752,0.13678264156014375,-0.02376651510133035,0.13354231996425778,0.007613568677071189,0.12823970391631784,0.009742579958712366,0.12541326441489553,-0.007658457161164372,0.10550759732932798,0.025890412621014623,0.10149932504724861,-0.01181658953146891,0.09575552715542579,-0.01766319642953493,0.0884846568634734,0.022923338075511307,0.08499867805192611,-0.007025516408652472,0.07991753450360027,-0.014880536001692155,0.07463438005034449,0.021279728879190316,0.07306121410985465,-0.013789721497218388,0.0717496400067002,0.0,0.0,0.0,0.0,0.0,0.0,0.0,0.0,0.0,0.0,-0.00012473271057086377,0.00913474963492103,-0.0001789413554420442,0.021784993834602674,-0.0027023056055697566,0.03543518429818924,-0.040241963558627525,0.09642358851544203,-0.19556135914461487,0.3059219473181944,-0.549449781236069,0.799004853748333,-0.7374070505680205,1.3938633562495315,-0.17616948787292644,1.9426435876574786,0.7716147109275477,2.0475996830616223,0.9657594391564104,2.030568350774319,0.9186277811785469,2.0397147709856553,1.1258269581828748,1.9230435994266477,1.2379300096014028,1.79562192247942,1.3136900861435679,1.7795147256706463,1.3022525678221109,1.791927211573045,1.3136395377886048,1.758450718297013,1.3046918860255725,1.748924957176141,1.227271754938857,1.7886764201571135,0.12533749311924317,2.2862160755082943,0.26292951222456606,2.3039475579009836,-0.3826732331738887,0.46463562857927626,-1.0939425362473127,0.37792034860645474,-0.8240182356885496,0.27306544976790725,-0.85000405679819,0.21871656147772492,-0.7480728200730372,0.1920943614401908,-0.6238077896829732,0.1875641089994093,-0.5924076055895082,0.13705338607874426,-0.49073556106326455,0.1323116738173119,-0.4109769468587875,0.12725129844230582,-0.3688949898434111,0.12135349015637992,-0.2677274971988059,0.1383168482081347,-0.2283953336851606,0.13185895013053653,328,0,4,1,0,0,1.0,1,1,1,0,0
121.68209096447227,37.16240306400694,0.18581742297572293,0.3889617838175268,0.035939287271936855,0.040108005266821345,0.14533265338306697,0.15960433736922078,0.4274972044914518,4.312265556762622,0.09512481830787288,0.12368157069870735,0.09440460719294633,0.037847417319490914,-0.32910832237162185,0.07139050106085104,1.3940987046182158,0.5355580100299812,0.5743762292128425,0.12765805057068466,0.0,0.0,-11.25918134826509,1.1630250805387448,1.688832493576091,0.6437659085905101,0.23561983153760546,0.3465365209104132,0.33707493693608637,0.2408330057237807,0.0692261593909204,0.21586101213315564,0.19907468546458676,0.1893928200983336,0.06164420289245982,0.16892420713389986,0.10356693957976826,0.1789616475898648,0.07929845043962983,0.12242045069115344,0.11892611289574989,0.13100839247664345,0.0048610361593047395,0.11644084949238491,0.040667141647417145,0.1170452588386569,0.008881817509043306,0.10456649844509311,0.04316670612579617,0.09532378116627965,-0.014596975049313426,0.10288496375058896,0.034082217571367965,0.09309728317359398,-0.00529540077298674,0.08871305683985287,0.009617727968567745,0.08112614477765898,0.002501963401338181,0.0799967876390704,0.0018638628445112832,0.07841921052055417,-0.000855391300132467,0.07140832574583186,-0.0022627180934919836,0.07335185624405943,-0.001527104709910435,0.07461056782982121,0.00755852911845472,0.07104512879563675,-0.00750260496233192,0.0670264086410086,0.0,0.0,0.0,0.0,0.0,0.0,0.0,0.0,-0.001190397793498555,0.01194062380174806,-0.010887568290297857,0.05041824960283376,-0.041555707448005866,0.11200300998556027,-0.08799590403790598,0.20035438122054272,-0.16594339027441507,0.3659466303198557,-0.27139601256463297,0.7092277845411891,-0.15061513106334423,1.1522655121933145,0.092451478885251,1.6227041470688994,0.3332596450213219,1.9897500609727758,0.3778442101820456,1.9715935045507467,0.45518553353977265,1.9516971908913237,0.4878818428205726,1.9845023266746702,0.4772471740202136,1.9875847550075547,0.44047400173100676,1.9897929906941232,0.5016228618224002,1.9777602426591303,0.5289931558701377,1.9483159054999575,0.5219624085230005,1.9305323578044684,0.5037992740679447,1.9588759916122085,0.46681308937431787,1.9556299698007538,0.3043377040553979,1.9701146987176563,0.1516880335947428,1.9359763989331056,-0.14133301920058977,0.47734740547361776,-0.8048402132182345,0.33076536184732397,-0.6549261611882671,0.2261747540071975,-0.6618844681571205,0.166667401783026,-0.6039062533379478,0.16241706928296365,-0.5681250301362262,0.13464216643295443,-0.527105107645656,0.10880183405709037,-0.47301510101942945,0.10370909403870943,-0.44261523580718337,0.06952900836561837,-0.3863426976649687,0.07556883930295942,-0.34933851241781705,0.07355249767642859,-0.30996218904926703,0.07969531501401665,330,1,12,1,1,1,1.0,1,3,3,0,2
136.84638713545155,37.94547643261892,0.3823394576295095,0.48596169889075874,0.05916331097700157,0.04808570490793343,0.21068733675457202,0.1565742396267387,1.3436546271665786,5.010331100364453,0.1318086953386724,0.1368495565935738,0.09541520324597806,0.035100222142711746,-0.33326121926453206,0.07368194742626212,1.3323167795135826,0.5349955471197706,0.6110045419708244,0.14134282622107297,0.0,0.0,-10.459198947937605,1.4464115453783164,1.9150552102918736,0.7476694944560229,0.12288377502861139,0.45431627794723095,0.3224158573308766,0.301682970367991,0.08599122076837229,0.23879854091629482,0.22651656616439209,0.24054703188209517,-0.05985106980895841,0.2549766439348905,0.08830561070531202,0.1893929901721091,0.035002204849952395,0.16825122031852094,0.12212437177114879,0.16066670520242887,-0.03171018291740334,0.153510237023921,0.08971687500344253,0.13801316957467932,-0.053742335086726385,0.14490343944372702,0.024774110344327593,0.12043258628935467,0.013918969058306594,0.10819165996620075,-0.02991416915657968,0.12176173575567997,0.006730892208114397,0.10260157583198291,0.00563320782892819,0.09577167463375075,0.025037937876559578,0.09091109649362064,0.0026525363500511344,0.0811741508837265,-0.0038200970955885086,0.07771365843727794,0.009523036745697124,0.07752336382230761,-0.0008852032306520438,0.07367882421292657,-0.007022576733178169,0.0708701624410117,0.006755301325948959,0.06668978506707847,0.0,0.0,0.0,0.0,0.0,0.0,0.0,0.0,-0.00021917545124799513,0.004646035826849667,-0.003007712913682454,0.026099919517091966,-0.008033681549706233,0.05215669647926315,-0.03435752343989315,0.10748231339981491,-0.12953732569893972,0.21318904602369204,-0.34629598274306755,0.5030227515916473,-0.678307961155248,1.0250913730045845,-0.4520374721254363,1.6454513405134374,0.3493877900355938,2.0859180157060653,0.9584517713334039,1.9730192907772652,0.9309032758927486,2.022982084729633,0.8968697452014199,2.069109730270439,0.9409353732522667,2.027493661306178,1.0903418918463048,1.9570049988593983,1.0850821856880728,1.9567398121361,1.108326851430029,1.9679682030131083,1.0831382521935915,1.9665872887510047,1.0449721772632508,1.9973308909191576,1.1088905621015976,1.9623347026216522,0.700725237918562,2.1593816544425084,0.6768712755208708,2.188808422530934,-0.33625653195011584,0.5284774255082125,-0.9561043126917517,0.3145978074340734,-0.7428956818894805,0.22846190190145305,-0.7614888208672755,0.18284443478968151,-0.6751894158044458,0.16005913266671068,-0.6179420010839182,0.13418383459756664,-0.5608161182213679,0.1113206604134012,-0.49231318329066315,0.0995654552422896,-0.4262658652922852,0.09849369738737176,-0.3869317571180543,0.08477528114979858,-0.31055900988603047,0.10836854002416299,-0.2876981524827027,0.10359839542399105,331,0,8,1,1,1,1.0,1,1,1,1,1
129.5699422263489,39.73940560652244,0.27756112658619625,0.44779796374581077,0.043727645014728145,0.03954736293586691,0.18588109175270814,0.15553059711058792,0.6217914628683936,4.510422713358582,0.12063873670265551,0.1370136235364551,0.09072448054678635,0.03724034516202328,-0.3305719463928609,0.07327443243604116,1.3887339695656662,0.5411685708028307,0.589394474672444,0.13182291071841165,0.0,0.0,-10.894384356752296,1.3704019015441877,1.8589166354774578,0.7850752912935838,0.23089856855382343,0.40699036683716305,0.30027187562537916,0.2710334219523364,0.06600021293592284,0.28496238893197473,0.15210421299985763,0.27192727350234785,0.05794376871427834,0.19337179810088365,0.11786996044155576,0.17055035911586144,0.02262283601651739,0.15596391565319834,0.10278119525637988,0.14318522426969066,0.02195454754621067,0.1280285553308365,0.058211452916091005,0.12070975150135595,-0.01833418842710853,0.11928936291707432,0.040974786088241,0.09905345411902196,0.013596418051100794,0.09943564973219358,0.005271389077081399,0.10034566431314516,-0.008725151508435365,0.09203828125050052,0.027166577135712373,0.08638456289548824,0.0067479411726544735,0.08660949703411117,-0.003823985425240896,0.08112859768474917,0.006589522947607449,0.0779021545493451,-0.008559072983322914,0.07239865561758632,-0.00423802066894986,0.06897653126822051,0.004261171345539771,0.06626303291732216,-0.004118574785469101,0.06467279442003002,0.0,0.0,0.0,0.0,0.0,0.0,0.0,0.0,0.0033130685873137104,0.017154066553266133,0.010566064918158867,0.06824589133053592,0.01816529941107098,0.15067332965107738,0.008538736500730426,0.34049758107580014,-0.09023438155727333,0.4084730928678709,-0.29009691986263597,0.4508082675548453,-0.55997797970026,1.0426086885041017,-0.09734711452817496,1.7016831834159942,0.6124370057457134,2.0077129889758742,0.5302418007082327,2.171895145824134,0.7656430890253377,2.0871517271467974,0.690717071244661,2.104469729433952,0.8107913641469718,2.0667537443780817,0.882479206205901,2.01922800139749,0.9278663498707707,1.9725254068910902,0.9628487029659202,1.9669935533221659,0.9769447028046115,1.9696710263220816,0.9742566317761993,1.98602302193645,0.924515742551532,2.002509702659609,0.3784562015020117,2.175691167865998,0.5261571903934799,2.1784998620141347,-0.18709395482131444,0.40447573438679846,-0.8268699718972453,0.2773310284154145,-0.6753684304998556,0.22195471319322232,-0.6968097458062519,0.1693041514811774,-0.6339278102558548,0.15148834822375815,-0.5775420034393893,0.13645986019101522,-0.5509436672031364,0.10043862241942053,-0.48137301164242235,0.09195888873514824,-0.435381632855669,0.0772223996610313,-0.38481894528948724,0.07461780691648565,-0.334874653813061,0.08321831228228836,-0.29924790268217993,0.08760298276814459,333,0,5,1,1,1,0.0,1,0,2,0,0
227.41573906758222,66.20919852603592,0.3973135766775087,0.48934485095731994,0.061765753297842424,0.05423461816083902,0.20548854903701969,0.16019593838119084,3.943529522486556,5.78177747474435,0.16120190415160826,0.16925561654790675,0.1033032822298518,0.0370741542592579,-0.2992734846358511,0.08531666679230428,1.3900257647271412,0.5253022638701519,0.5841506943741719,0.1497421974830836,0.0,0.0,-10.190066208890494,1.855493687705593,1.856648619181207,0.8208579933162694,0.19937343896311288,0.4581803775693931,0.3394167326003337,0.3217594657400578,0.055834034218429106,0.2891940466944285,0.08344853137025299,0.2895768357767105,0.016420055235553784,0.18795485071991677,0.08983285340456451,0.16876937231157596,0.008544157891439587,0.1592416764128094,0.045630516233846403,0.13747787605090764,-0.06903593403298759,0.14638436213489844,0.04284774580291772,0.11132486759043338,-0.013606791507993135,0.10811416501549623,0.03730488148263451,0.10590979483822349,-0.06091234615888014,0.11018293356644278,0.03208941605864112,0.09460744755945077,-0.013090028407588963,0.08287334935213175,0.009357213799054331,0.08042309724107267,0.01083938106308758,0.07668482903628572,-0.00915072559543308,0.07389997566165685,-0.002686047679603903,0.0685285358498556,0.012231638335246356,0.06446538881067333,-0.008576480938122275,0.060382643378097484,-0.0031014691206218523,0.05823134151883688,0.01034225533680882,0.05727690344315937,0.0,0.0,0.0,0.0,0.0,0.0,0.0,0.0,0.0,0.0,0.0,0.0,0.0,0.0,0.00038051436341191426,0.007411672949969515,0.0016857963422442475,0.025934376641090533,-0.0008986468398895085,0.05997577184414783,-0.08587409278587278,0.18404187173555395,-0.27236749401928806,0.49297859231435964,-0.5224882133241224,1.1346256744200431,0.2204625604385375,1.6753750839319683,0.6895175537563064,1.8678275108062938,0.7954511388817492,2.031636966476959,0.870380120109746,1.9063070515713627,0.9551444169278037,1.8494412687066424,1.007478773674509,1.8237773681993985,1.0805309531807012,1.753843193816032,1.0565270089592025,1.7646328885329374,1.0694324104799429,1.7425538889923933,1.0584746523897122,1.7527699426308954,0.9220609216479941,1.7928513488163782,0.8267383353971329,1.74874607904563,-0.5071271530254788,0.46807201053260916,-1.4064853677870135,0.3774889810728469,-1.148269283775449,0.29921897278204546,-1.0682556013604385,0.22588215372270773,-0.8870740002786413,0.1949730958476166,-0.7276508120118058,0.15480535327345862,-0.5835289373204432,0.13802310551836752,-0.42931893564559687,0.15417442534043382,-0.31451314869313446,0.1639184705508246,-0.2001179800499277,0.18441436900480762,-0.11966250840520948,0.18504000782024077,-0.056172080248141194,0.1794394273973321,335,1,12,0,1,1,3.0,2,3,1,1,0
126.40293703480185,40.18006562846855,0.3512371756185878,0.4773594397604504,0.07659600413528993,0.06349593327692672,0.2520368335403127,0.20347237170659857,2.3060631713589346,5.481896000102403,0.16613948905243572,0.15819715652678393,0.1042530944754312,0.03257321520366901,-0.3437786392851062,0.0951613496915075,1.4645231770585185,0.5250020059187149,0.593836665502017,0.15467331943108276,0.0,0.0,-10.84180055162045,1.6105395141540972,1.8916130070064479,0.8135095259497919,0.2395545365906066,0.3643087148041008,0.4297118550639172,0.31858561052401496,0.11751423840541457,0.23241369737411857,0.08927219774069603,0.32385452923984404,0.0572526434889697,0.19428132197661285,0.0907095526212506,0.1661138864713715,-0.008061652534777497,0.18600733778313577,0.17680743405244628,0.18783441579318785,0.0003382357535770613,0.12959342375794855,0.0419003533172781,0.11958759089055196,0.005540326569411005,0.1203537972452345,0.04051719068701193,0.10941718873085489,-0.007188420329087442,0.09847387113852873,0.008488367038912006,0.0964443023501125,-0.010866866516932737,0.09131076983456432,0.025648562774404172,0.08166202516165824,0.0065414208326207805,0.08229801684488024,-0.006343887240518797,0.07399476381673753,0.01378735172585067,0.0765785126765849,-0.0018132236647704055,0.07171230934580189,-0.010415800327931716,0.06719559125448414,0.005873532987050577,0.06577511702247799,-0.0015085845919674112,0.06473354606377518,0.0,0.0,0.0,0.0,0.0,0.0,0.0,0.0,-0.0009213200116575083,0.00841439207783248,-0.005700044813072684,0.0314690273939179,-0.023587844445124198,0.07470717425671372,-0.06851392745440081,0.1685977560293643,-0.17130031526514988,0.3875080283126718,-0.37614880053795813,0.9995489694306955,0.18864631814249064,1.463762456892107,0.5686272287927772,1.4404171948729871,0.7427330378718356,1.7470666741056704,0.6996150706371057,1.715006689703395,0.7205390031484292,1.6980009769362534,0.6961194495313122,1.728206738545537,0.6822137165153257,1.7137892275786635,0.7599998573377803,1.6438795784987543,0.7004125974291099,1.6796398467109526,0.7299478671203508,1.6668439109046747,0.743592560469788,1.6749966774821015,0.7217397781948142,1.6553011393572643,0.6320658614645258,1.6869466888814213,0.6056092019121325,1.9324236568680997,0.7574890821583501,1.8064721831110655,-0.28190379533450116,0.5433223402757464,-0.9511062253067791,0.4231812605287753,-0.7062335251130876,0.23419597756042412,-0.7201907058518352,0.18435796774054877,-0.6333667447104786,0.17385557855544043,-0.5263264729755952,0.21972828321294252,-0.5343155205147752,0.128061974348497,-0.47103613662156296,0.1180039351247041,-0.4006901657575728,0.13005469437119885,-0.3941874366346706,0.09227852346818409,-0.32369235499694016,0.1050395704082844,-0.29041763890371525,0.10572967562450906,336,0,7,1,0,1,3.0,2,0,1,0,0
201.87738568005497,58.65340191338007,0.3723755424856315,0.48344173802140666,0.042989951138534495,0.042083020464958765,0.18434651771722382,0.15698676830368352,2.9389487720755043,4.914083086733939,0.22376563025795843,0.28212813744583254,0.10493552882069068,0.04148855295175747,-0.31800731865379783,0.07529187661347321,1.352978086261499,0.5147097301479254,0.6053557717119925,0.15269258961622137,0.0,0.0,-9.95118078721158,1.8409505509176873,2.003467549550931,0.7420603177632639,0.06656879998114061,0.5300777457263434,0.3939801951655524,0.32035990323385716,-0.07740555601881902,0.3942295872622244,0.20101859024632954,0.2158766664371743,-0.0872780386364165,0.2576930904197499,0.14316708414710033,0.16379258847354927,0.024045451128445017,0.18230072552687732,0.036850317240089484,0.14379138986814433,0.01752395142242832,0.15696276186539365,0.004441238937011847,0.11765987715223926,-0.0394685306070276,0.11447669610306156,0.047820221081435674,0.10533182970774417,-0.022359069536671196,0.10258607195213333,-0.012521393891467182,0.09379555282039306,-0.0034165202447857704,0.0904367003099382,0.03060601036801722,0.08434587787350181,-0.028639701565914305,0.08475314754549948,0.011890557758328724,0.07542032534353141,0.004014199514655072,0.07122881463633907,-0.009641358959970843,0.06903954643147953,0.012056400789007856,0.06656579469885904,-0.01098017136514067,0.061771619703597805,0.008452779570609428,0.05747591891476448,0.0,0.0,0.0,0.0,0.0,0.0,0.0,0.0,0.0,0.0,0.0,0.0,-0.00030759936696911805,0.0041804076576243444,-0.0013664475093945277,0.013231398421948076,-0.00490280046880499,0.029268367666003756,-0.034503501168239414,0.10195230739366323,-0.13995889077409374,0.40009883178334515,-0.3518317727433821,1.1279670784646212,-0.3142148848588029,1.6652381929317308,0.4328081504836525,1.901754600818907,0.8754285649305116,2.0612790003612873,0.9555926392434858,2.0504850847616476,1.0265871632466697,1.9550214888278363,1.082899415025386,1.8550052529992411,1.1116800300736274,1.8257780223231452,1.0788422548514551,1.8478580707070127,1.1680024687866921,1.7957906419770668,1.1189107621847736,1.8109427966542242,1.142270612039483,1.8068085604598147,1.1005712938914862,1.8165987152311662,0.9513503603232292,1.920111278977059,-0.5826137310137235,0.6193721650707665,-1.3001140810167728,0.33088063019399677,-1.0091498921487458,0.33369301846242316,-1.0249232278908829,0.20086151485115042,-0.8138908895264666,0.23053199798065468,-0.7396417667353677,0.134505730457511,-0.5766427240506711,0.15026647773095483,-0.48824179525776235,0.13661939769550077,-0.3734853580410697,0.15000317388837286,-0.2513781838991605,0.17244911736506122,-0.1967075817052313,0.17489401179741437,-0.11318808833345899,0.17178092523113225,338,1,15,0,2,3,3.0,2,1,3,1,0
95.50697655552851,26.363904879309455,0.2983926108774004,0.45755533750609434,0.060105667926578135,0.04958558854166084,0.22506624995668045,0.1888339008871686,0.014909743361297452,4.779522169001425,0.11602642223079304,0.16415708417468533,0.08272618403322556,0.03474555047143603,-0.3517740548914694,0.08127715486982857,1.3265505875604076,0.5414621004103733,0.6084441730695686,0.14164060390853692,0.0,0.0,-10.950366281913107,1.2151420525420478,1.9455665704609275,0.8093753579758256,0.2004127951288797,0.3766351153567965,0.3797361677910741,0.27391729323626485,0.05905119979501953,0.27165129356210593,0.2519560506211429,0.20442059033907967,0.029632859916409973,0.21497430384553792,0.11997798762117305,0.1694527469229354,0.06472368110148397,0.1634698920862639,0.0655545924198635,0.18359264097994055,0.05558784899928381,0.1176378016998283,0.031494688083418515,0.13894718228169517,0.01091468189041952,0.13130345909331137,0.0360393571384585,0.11594065672490234,0.026294726932385472,0.10833891529333799,0.027077007827912482,0.10767483224674801,-0.03359331066521885,0.11921540702336439,0.06172526634937941,0.09675590984463474,0.0018811090452606934,0.09075282254381933,-0.010561577911937329,0.0880266937422946,0.009844940470029782,0.07766378922824434,-0.004208630684894946,0.07787140175352576,-0.009496399484762599,0.07504975258294035,0.018443573460293433,0.07167873214898154,-0.003654277552418848,0.06920883288498691,0.0,0.0,0.0,0.0,0.0,0.0,0.0,0.0,-0.0021861495183603816,0.013264901953598767,-0.039024856742130166,0.07648297839878662,-0.13947200647368807,0.19476930970884995,-0.2696287718985512,0.35168567343634216,-0.5035185125353058,0.6471533527786819,-0.7403198747721507,1.0655513587189958,-0.43953788292289864,1.7370740569677012,0.7552144612438201,2.0316030102775167,0.7690917761835704,2.0776974465926776,0.8670495429568311,2.0607011357104796,0.7367045114156381,2.128621209575551,0.7720686048668542,2.1204407084242147,0.8610641569799279,2.082152402356257,0.9102870823827834,2.0577066117484293,0.7693366861647869,2.122610877949492,0.7926079444130537,2.112742631949756,0.6274050576238221,2.1276660473455937,0.3919606607119911,2.1232869372006626,0.45426203754035854,2.132407589050866,-0.4156802831257287,1.917845025633851,-0.10473349031175468,2.070652598669489,-0.18712836964732435,0.4512941870695136,-0.800857810891307,0.3787918335772121,-0.5815826261724669,0.15113851895990657,-0.5718183824091136,0.12802072411839752,-0.5318288163227758,0.12812830023893482,-0.5190417743940712,0.10736858452962772,-0.4617625945187799,0.1250452939371046,-0.4356777318164887,0.1154066347724973,-0.4207060870503424,0.08916661885275826,-0.3764092925085468,0.09359306386946804,-0.37306382190082166,0.058770184892694095,-0.34331357643152655,0.05978285102746281,339,1,11,1,1,1,2.0,2,2,2,1,0
112.36092339523786,34.53351808206968,0.2362883983247401,0.4248048990513452,0.045665872142130116,0.04731024651312834,0.17176886076965175,0.17911967837001763,0.9967816490157513,5.126581955070897,0.11858133581086751,0.1399370288813075,0.09700445853247902,0.032504143601407624,-0.33786212153609985,0.06375443601468501,1.4038625429243627,0.5398273839528527,0.5834308279521451,0.1333188703174027,0.0,0.0,-11.229515831539604,1.269378602560348,1.7226603600185215,0.6100738970792453,0.3640260773154962,0.31334320089112927,0.36342030623168314,0.24394051341157127,0.05890515592337187,0.18793028337057943,0.15611944641628372,0.20665332469376005,0.009489931810684454,0.20268504889769143,0.15172366204903306,0.16687757997977629,0.05233544604743121,0.1471108175389104,0.12967593716931974,0.13844091244999565,0.025935727546753766,0.1339145512707968,0.08084639768827587,0.12466546304266665,-0.03025780206411874,0.1447619283088012,0.030515686832258762,0.11615623459793506,0.017697008660639238,0.11668844748521555,0.017269522475351823,0.11627961366700058,-0.004751882779941933,0.10825555712225438,0.02748271481880613,0.09519451656181029,0.01373834486047905,0.09340726772448557,-3.423245023777316e-05,0.0909099555769775,0.008892193010283659,0.0841372462883067,0.010677805729938596,0.07748498684049561,-0.01359286888297175,0.07575237980482179,0.003237101786840033,0.0736550646220752,0.016468600817194774,0.07058810915013622,0.0,0.0,0.0,0.0,0.0,0.0,0.0,0.0,-0.0022925786421990283,0.013157029834507837,-0.015033460420059536,0.05379834500460873,-0.056917087848428034,0.12962597797729475,-0.11473985601578067,0.2400258512146091,-0.22504349638049423,0.47951655556474276,-0.33519398798357447,0.8895350596115059,-0.05794532451082579,1.281025414028995,0.43537137903065193,1.6682186842827786,0.5930500569659943,1.902413157004627,0.5367824762664064,1.9407010690575985,0.5521576500866996,1.9150105461084161,0.5128700138103319,1.9395014902090006,0.5025526716485959,1.9298709443358482,0.570245325821578,1.922678713387802,0.5955775053204335,1.9217218706848656,0.6460575409445863,1.8861816728962775,0.5869709945274398,1.9311850645805733,0.5617639706766449,1.939723796730079,0.6769449837653301,1.873081759375184,0.07034692017770437,2.0860689733326314,0.3144227434808363,2.0533142612746325,-0.14695435532850612,0.42318493766314125,-0.7811852079224441,0.3050908180449498,-0.6423972435971367,0.1869480628933152,-0.6243965626677346,0.15958040571942808,-0.5803225546118036,0.15548926949530636,-0.5409685762650381,0.13801311791048868,-0.514841739548147,0.10709634551881966,-0.4628729338774591,0.10629113723570467,-0.4295352457879895,0.08039904404562004,-0.3996441012414277,0.06666713721555902,-0.3486068249246967,0.08079233090885804,-0.32618937642565626,0.077825168406731,340,0,1,1,0,0,0.0,0,1,0,0,0
218.2484524674067,58.375522013697534,0.38173623358808545,0.48581519343560636,0.07238368023744164,0.06160640687561472,0.23400126669638394,0.18419172079169932,3.478204470089313,5.0528890348737505,0.17244040271087366,0.17325257585484005,0.11036470543970676,0.03282216275881963,-0.34013553090077353,0.07919514720727477,1.4563892465792903,0.4945652614355808,0.5789929650378669,0.11376096523143472,0.0,0.0,-10.313846178142036,1.277706162790062,1.9084346314124332,0.6883732434098049,0.41597748005952667,0.3679126987104535,0.25444597444589684,0.349942610240172,0.10515446257974316,0.2316365496766733,0.09592824945485585,0.27801689245237815,-0.027472053828700535,0.20400706725995596,0.16639017141731108,0.17504155118351739,-0.0559679232407555,0.17583343915580388,0.05971219871447649,0.1370589101248476,-0.033540976303945425,0.13442509206790265,0.032398548645323974,0.11742836561762904,-0.01007481574123987,0.10517445709351919,0.0455487846496709,0.10996166873953188,-0.05847964537980657,0.10869880412568314,0.020749695287233576,0.09822718590200033,-0.017131180872860145,0.09463320760031158,0.025489563754698803,0.0972601844967054,-0.02484046033851863,0.09713892185796807,0.034985391975123854,0.0925565432802446,-0.028957020166053418,0.08216012147916486,0.01335930745220793,0.07388052210995837,-0.002152938920798377,0.06632438177943853,-0.004362082054285138,0.06218218066502735,0.007342936623373332,0.05882223200573346,0.0,0.0,0.0,0.0,0.0,0.0,0.0,0.0,0.0,0.0,0.0,0.0,-5.275049286343674e-05,0.0024918585517747396,-0.0003515604699850953,0.010623000262098987,-0.0006840924058366818,0.024463930017459303,-0.015812293003384714,0.06154966432632544,-0.1163504686678369,0.27248525089229597,-0.35686163852519276,0.890708276729223,-0.1490464147510553,1.5801465317066115,0.6878581734721213,1.562325093582067,0.8793860221148357,1.7375570556805415,0.8536474009447269,1.7760559204111217,0.8480179128472294,1.7399821114475529,0.9204809153771023,1.69857565257778,0.8922652596149092,1.7275803902875548,0.8643222244203064,1.7142047930102493,0.8437426859160704,1.720612290517431,0.8006362541182234,1.7578416173964722,0.7656201699988473,1.778068924312213,0.5777268636210395,1.8680818113159283,0.4903898522541642,1.8746967763686846,-0.40968405983678574,0.32807194166730974,-1.4056105731346038,0.3808656054002549,-1.1570144489285428,0.221445086043351,-1.004756624476951,0.21462572497438906,-0.8755974409355514,0.16095212948285795,-0.7378208882087814,0.11815577423035145,-0.6031087403808602,0.1060246194086208,-0.47350285143133797,0.12302735811537922,-0.3532412278608777,0.1456508683723033,-0.2561403884403292,0.16192879425516102,-0.17023791553915227,0.17157289955794872,-0.09300484664713836,0.1732709679014675,341,0,7,0,2,2,1.0,1,0,1,0,0
125.43992235522485,38.09516101092536,0.24180955462094253,0.4281818200827119,0.06561433667290846,0.06483470588018805,0.18060597897745065,0.16435182932849368,1.67203314841651,4.986314959943674,0.13926978871718,0.14278440032176684,0.10283664186164132,0.031111407364146967,-0.3222658838154966,0.0855706001205469,1.518568181818182,0.5406409270588055,0.548806537690068,0.08634499154412642,0.0,0.0,-11.430971942197779,0.9370508811638398,1.6234927137178419,0.70952117565155,0.2999170853444193,0.28829934747743274,0.3179575073249758,0.23437951119212028,0.11697304940640894,0.17906753445806314,0.17370201787766418,0.2080392957616144,0.05945127100597325,0.1690835390551006,0.15390838264767745,0.14009459379814163,0.027105931050751642,0.15419395957252885,0.13049696487791004,0.13214227776771334,0.03948922460354794,0.11522194634409975,0.048657911268099756,0.1030395460836867,-0.017326426089153458,0.10997619527973504,0.048314149245810414,0.09677950631795262,-0.00011117965739242946,0.09886534038522764,0.0067746007761501125,0.09531660543261537,0.005954692466625687,0.08515231775762241,0.021047536681288687,0.07941833181741352,0.02251419994873601,0.07776078398804102,0.0012228815401203494,0.07435837352944209,-0.0065211256760692345,0.07089486700264949,0.013621444501541463,0.07050023179662779,-0.0009303955206632158,0.06702965926631611,-0.0009299999894586433,0.06560349164633163,-0.0004841903012151407,0.06445629738575955,0.0,0.0,0.0,0.0,0.0,0.0,0.0,0.0,-0.0008304185455269061,0.009681402514463562,-0.006389826181813663,0.0366138513561465,-0.027128058665629996,0.07725832496279564,-0.07433540670848485,0.15683406063845573,-0.16553513589472377,0.3271439617049586,-0.31679844089327497,0.6491121001007905,-0.26887531635210177,0.7768102051708072,0.1283002108953575,1.0796747931986435,0.3683869616397174,1.72188085411917,0.2682685344287285,1.6791781856035788,0.132341136886121,1.7092922009504758,0.12027750726984793,1.7218384659861472,0.36067851246709803,1.7121442553596127,0.33641121145642183,1.6823680976008117,0.28891129119837494,1.6839679855696954,0.34350964314472665,1.730286555499477,0.33539028976988033,1.726299693432585,0.32680291678919443,1.7349288598141583,0.2642299763891049,1.8046370034760364,-0.04623327099547935,1.8668413301638698,0.2174748906012035,1.8804745443064315,-0.09060516252454978,0.2553737149167474,-0.8346033559905102,0.30048264399099595,-0.7345323040127251,0.19583731627292167,-0.6899552820985657,0.16666916758605504,-0.6413813513426075,0.14576736348756994,-0.5812728191038499,0.12613428395982434,-0.5351475182788742,0.10037608572399415,-0.48531304150221083,0.08414049128531563,-0.4369968050469104,0.07362907969040094,-0.394733363851073,0.07233196809701721,-0.34504107772426185,0.08273467252488259,-0.3031663177405047,0.09273994762867721,343,0,9,1,1,2,1.0,1,1,2,1,0
104.14332416322787,29.83637363817798,0.39766162310866576,0.48941705438401323,0.04371381832050988,0.03513758558296943,0.25307793107091253,0.20394215025728746,0.1556175463326364,4.324481770951736,0.13169690313225033,0.13908386209723758,0.0880148062737735,0.03770479235150785,-0.35043338049481887,0.0733024418773969,1.3172538154974784,0.5368819799673485,0.6502406078862907,0.17005565949139684,0.0,0.0,-9.968164697845024,1.7739949459793691,2.1987697068220995,0.8262888295127343,0.012603079668363135,0.5599562886910421,0.46840089667976165,0.39749433711495236,0.06207143277355067,0.26792244006030663,0.05594070747379001,0.3681866696471184,0.06350354616405787,0.22337277994234012,0.08255265018257983,0.20993691529277442,0.050945031899693724,0.17553505983927697,0.06655221111607887,0.17705162826619175,0.01884155832749198,0.14696442905364804,0.040886569691045385,0.16140287376264278,-0.0010110967563218708,0.13410713918549294,0.02354766620864824,0.14214261324023464,0.0240845987253746,0.12234233099194032,0.009608887081207832,0.11576361464812528,-0.0223325335770188,0.11605014810267383,0.053861502883896364,0.10618169265582772,0.00567860454974498,0.10428295644454663,0.004628519992838514,0.0902977261477732,-0.008882301129156351,0.08776486203878718,0.011808927742590737,0.08384225592586939,-0.024343318378749017,0.0804974608069143,0.010818090606163226,0.07692280605058135,-0.004610139663056764,0.07309798316665085,0.0,0.0,0.0,0.0,0.0,0.0,0.0,0.0,-0.0016319194573927828,0.014322724033881983,-0.01167378577466249,0.05663519406350723,-0.06211049548609738,0.15534134121708995,-0.14951830988023476,0.3112492089457026,-0.34436206595172947,0.6760623013980924,-0.6176968995311929,1.3109241603550015,-0.40658543020160476,1.8068691826918941,0.18118579582656583,2.1857009791591766,0.835289613151215,2.139873364178206,1.0687755022789729,2.0208572044677777,1.0881290553127372,2.0414513996561756,1.1128975916855297,2.0410648062223786,1.0939909179786576,2.0532485217590826,1.0987649783258184,2.0409879683360637,1.1178418168361486,2.0115956604074627,1.1482612348188903,2.028547256213524,1.1811619743639827,2.012600511212612,1.1658098607138008,2.005362409688745,0.917739360086951,2.1643994181049937,-0.055271068859238874,2.442017427578672,0.8887279051306006,2.2507541296081186,-0.3365405315896112,0.5759636335909707,-0.8674633940761117,0.3678149633058513,-0.5597865410445576,0.21901096730585917,-0.5936387868129298,0.16570943861597806,-0.577238316077579,0.1361425793502128,-0.49352638072264654,0.17029447613578116,-0.5001267413635946,0.11834609632988986,-0.4577337752838635,0.10456759386881144,-0.4213451453561852,0.09503867479772143,-0.3946110525065567,0.07691903723416675,-0.35982496910988543,0.07296081267016369,-0.3205060047691793,0.07677298230904116,344,1,11,1,1,1,3.0,3,1,0,1,1
240.69756515386263,62.97921502695313,0.4986836967338044,0.5000014164124228,0.07761294588900226,0.04995274340966453,0.2994874757328723,0.17714735263353595,3.330192236154213,5.781640403682179,0.21052739765129175,0.16980639269884076,0.1025866664349847,0.03677806427994467,-0.2641482944750028,0.09200634042449601,1.387067983095895,0.48416862238348185,0.6178334446837722,0.13816734184749677,0.0,0.0,-9.617733898902872,1.5971759396699805,1.8826600363415962,0.7509969152550019,0.15649900399743036,0.547133698074533,0.29724288483011624,0.3917021593352658,-0.10953671450003655,0.34843261035043555,0.025216589687924024,0.29598095413226394,-0.06943036539282268,0.21781201278983006,0.036616386973520265,0.21943758366374164,0.03834592967177569,0.19198409067042055,0.08272068356720075,0.15276942535722182,-0.05199461010596795,0.151024241003005,0.053757145507320914,0.1298177443586538,-0.04418383242883523,0.12369456833938412,0.05709164225564373,0.13089005520717148,-0.07314768668554725,0.13043446233935932,0.04922953393541044,0.10928536605455211,-0.024898941460780963,0.09104424515074482,0.010945615269290455,0.0853349165233879,0.011878348999897972,0.08123042740520645,-0.01823261190689705,0.08037036162448746,0.009506745270807932,0.0758812279009583,0.00038811399002159,0.07111943341963675,-0.003254897880620388,0.06942567318319033,0.0014945410391119674,0.06563251792421915,-0.004392093203159128,0.06201516447844636,0.0,0.0,0.0,0.0,0.0,0.0,0.0,0.0,0.0,0.0,0.0,0.0,0.0,0.0,5.8991536177556094e-05,0.0012194006133450044,0.0006088922318894306,0.010912121904124154,0.00035831533190077086,0.030844347456451485,-0.049796250743282325,0.14115603234459503,-0.21262550452674073,0.525144648891077,-0.4423029300582575,1.3788951026068106,0.27161028069107307,1.8986994277308216,0.9936961775791231,1.7927911467061826,1.2652720446048271,1.8375760147963092,1.3259864416292937,1.811366621321018,1.3844061624107873,1.6650327025889164,1.435752983226946,1.5885874780384723,1.402611933147464,1.588113516711159,1.3626642309213244,1.5908519184107546,1.3525424062981897,1.6055428279600292,1.378364427466101,1.6206784275052075,1.3007572031669625,1.6617545937279619,1.2823231432033404,1.6070853384102972,-0.7619831313506908,0.6312246106784098,-1.5426519364521531,0.33368743150404917,-1.1915766817266875,0.2968803254898637,-1.125923317537694,0.18801217169890333,-0.8900278311138823,0.19220913040478624,-0.7318364347401908,0.1441250098265431,-0.557930627288894,0.16592435257403665,-0.3774888979766882,0.1994264922527331,-0.26399669086239913,0.19512818581302788,-0.127008260822067,0.20971238931962838,-0.03883792261876746,0.20160133526326263,0.014937988758316648,0.17911560913719976,345,1,15,0,2,3,1.0,2,3,3,1,0
217.61680621373208,67.43343266127155,0.39932559072196167,0.4897618059054629,0.08327025416576063,0.06862845572126527,0.28868626904863687,0.22827437687390287,3.2056313738272637,5.619946140056989,0.23117032039027346,0.1972113194553661,0.11647306407178694,0.03159479874030097,-0.32899794938509264,0.08184966424222179,1.5319463051538291,0.5273168293978231,0.5640036001505961,0.10671592857314474,0.0,0.0,-10.435463622821882,1.3120523038082794,1.9659025559563272,0.7455552265652908,0.3392981275201463,0.46814015083891924,0.33332620955621584,0.3112137685697249,0.008403060689098959,0.2565602837566125,0.08785076535265057,0.2810093809093568,-0.025833492586649315,0.22812392886931213,0.04437851159052962,0.2134688398881088,0.04604418504265639,0.16856722094519966,0.006096117705874074,0.1502002984881979,-0.07619129182050899,0.17952469856041334,0.04754233222413223,0.12817178872267132,0.0003323146701655738,0.11918330460518493,0.016629097638004027,0.10278157296548282,-0.017255015783203202,0.10711782207388462,0.03621002130155532,0.10138670376575137,-0.010973908949903832,0.08766075254091664,-0.01048814039573207,0.08390305333255171,0.0075286531570723765,0.08204569990204813,0.009733775264338971,0.08062154668628103,-0.023797943674483676,0.07816183606254898,0.021775225529946065,0.07496778380172786,-0.005765902580705863,0.06968912655097763,0.002652166083814856,0.06432782444166056,0.008221363970475603,0.06084860862267325,0.0,0.0,0.0,0.0,0.0,0.0,0.0,0.0,0.0,0.0,0.0,0.0,0.001207222623428874,0.005729498029623796,0.00939569318669008,0.035207062828852505,0.02416772399306467,0.09127770145101016,0.047263714781269256,0.2323285188504705,0.01306248951746507,0.3796970024243482,0.12583215168356784,0.751388567358826,0.5952026929057553,1.0622140500493333,0.737143687200334,1.2891026044227594,0.7976594837986275,1.5987460175615211,0.7572591949355384,1.625441096417275,0.7965581359132925,1.6269520418875933,0.9037169534255362,1.591128256188696,0.8449569134748447,1.5704707944696523,0.8288366403811394,1.583535456789289,0.8684660152003496,1.5824609764051207,0.8273975399338448,1.5995423976073249,0.8682091666400751,1.609018666822133,0.7693299330129317,1.6450689454877723,0.6718861611170722,1.809214112675553,-0.40950344655985793,0.33757004634277665,-1.327098455815552,0.32640148533727015,-1.096287372673329,0.2810861195891213,-1.017492939885907,0.20865348047591697,-0.8702344853782504,0.1599579951402358,-0.7336444200415778,0.11548513030693192,-0.5954632925712672,0.11686854579362095,-0.46608058104283323,0.13663822377178944,-0.3708336342307167,0.15351219126317908,-0.26387872449569816,0.17345674771141417,-0.18971288697253763,0.17750948691610527,-0.12131501783557598,0.17501675518108362,346,1,23,0,2,3,3.0,3,3,3,3,3
149.71841533003058,49.01640854734809,0.23825640522555222,0.42602025545940275,0.06411872004126143,0.06149071411779717,0.18777279878672845,0.17049400800104642,2.7733971275997735,6.009535938561487,0.15604234036848152,0.1530532865666708,0.10192409850507676,0.03500399714408434,-0.342855732801949,0.061907046287482656,1.5016626199702425,0.5399115651819654,0.5583516059253446,0.10727430620758908,0.0,0.0,-11.40918046631023,0.9698646505715485,1.753708178850411,0.6826994175680975,0.3801014257394909,0.3762348601986777,0.3898118408340937,0.2530389987628078,0.13761540248732362,0.1789098410603885,0.1479461125602045,0.218592369451526,0.06309786121481009,0.1654063907519268,0.1074890785634751,0.1520888439524499,0.040167278263370444,0.1319475727478168,0.1023780582102379,0.12211274647144377,0.0320549641666719,0.11167458043001334,0.04227136819579307,0.1035808847446786,-0.009648020341902519,0.1068825562453484,0.04866310151903991,0.0992833792456366,0.015598961763520868,0.08863985988431788,0.018046492098227628,0.0878677711398584,-0.0030737986483772334,0.08244709728366865,0.020856521349129024,0.07920619021427908,0.011267657213230654,0.07593813557332992,-0.00432456448776181,0.07111730972842861,-0.004915673437193634,0.06818874991691161,-0.002571260011212538,0.06536994940318992,-0.009192990868816732,0.0630112502035789,-0.0025329128216723075,0.06038950789969849,0.0025066220335727015,0.05822697094231857,0.0,0.0,0.0,0.0,0.0,0.0,0.0,0.0,-0.000698005517727637,0.005262313909108836,-0.0053401701912214805,0.029386480248526345,-0.009758373750408642,0.054920602924812205,-0.01893335596515819,0.12461682878310106,-0.04388200959582577,0.22819008880193928,-0.11053611430504734,0.5475519521629754,0.0311292778862347,0.9050995037030851,0.18358974749014567,0.9083400667413748,0.29281485715828715,1.4353447893561586,0.36630231397393764,1.743313000646975,0.4208231733384837,1.7262032781818981,0.400095165239123,1.7896235780568677,0.43908392271038743,1.7817067334843057,0.4252850028044669,1.7381121797665173,0.45105426011997846,1.712280540529438,0.40127771306592436,1.739247523625513,0.37033106156558915,1.7377293807819956,0.3106502422722814,1.7100530627292703,0.13415145872186526,1.7941684290859679,0.07831926814967054,1.91621559629019,0.23987519419798561,1.897797221955712,-0.14561031176932687,0.29329940772827207,-0.9348834509736595,0.33018446411048863,-0.8042818974935007,0.2553612157657182,-0.765940900622946,0.20967749072207573,-0.7083842902748484,0.17125491761929754,-0.6236958645959025,0.1521181606557657,-0.5647182046009712,0.10341461553615239,-0.4982702320400254,0.08141703320819628,-0.42860396130262746,0.0879673874433838,-0.3710261973324831,0.10059751226787976,-0.3216231269051356,0.11939964312347531,-0.2714700901606971,0.13279298494220257,347,1,16,1,3,3,2.0,2,2,1,2,1
227.44847789824854,63.70253937117425,0.4251459549624687,0.4943685560599186,0.062385213998304136,0.05559852381214483,0.23621479687577285,0.197558897270054,2.713160503780081,5.17672040544212,0.18821614000510287,0.18104907929422714,0.10759295082985823,0.035136432647330795,-0.3227548856613845,0.07613184856406476,1.440048717264387,0.517789035069211,0.5834684114539895,0.1229710158471357,0.0,0.0,-10.49808608701696,1.3140122809940813,1.915988763729191,0.7704856773588924,0.35758635348732276,0.4474878205133703,0.37787017853115096,0.28300290368017517,-0.0076472960885529614,0.2648358673845647,0.07693913370456214,0.25251612472564217,-0.06144812097961495,0.2109598498148305,0.05144991225703365,0.1785679346113282,-0.014954766779852652,0.16134533777307003,0.07838046228866834,0.13965706198624991,-0.024692071240349722,0.1348419989134281,0.004719450831672227,0.12411088391211124,0.008158315475112178,0.11550613719945843,0.029757641664641368,0.10434394033174439,-0.01680426941249319,0.09672391554919559,-0.0024226788400375314,0.08678832663266361,0.0033915381505157075,0.08677277947313639,0.010288767462002793,0.08012530919763998,-0.01305002471625799,0.08147417082035109,0.009130002942599387,0.08019024870510612,-0.0038465024582402,0.07169572529369139,0.002405747110273839,0.06674796055174925,-0.0028336975221498664,0.06413654239324007,0.0022855120070005563,0.06151125411881751,-0.0005026753610113982,0.058130330885825025,0.0,0.0,0.0,0.0,0.0,0.0,0.0,0.0,0.0,0.0,0.0,0.0,7.79837213032805e-06,0.00020265872874453708,0.00018247050540836816,0.009921910360040753,-0.00022917963908005283,0.029164081551626586,-0.00887471839570838,0.0731589535144451,-0.05090076185281271,0.2190156387536853,-0.1295079974494134,0.7070928937825065,0.03447528705248263,1.4373791672583414,0.4548787993301362,1.563537529595658,0.8421070137439532,1.6958103396764834,0.86450826624098,1.8149311370807129,0.8496881422661522,1.8139010531024218,0.8995393251027662,1.7616912415538482,0.8729496443362524,1.761675529942027,0.8803471863567417,1.752523175050958,0.8627772377429815,1.7524463725122454,0.8539610817836016,1.7683133449921604,0.8169129484946344,1.8079941866797113,0.8440447895230053,1.8139891198367084,0.706475485911315,1.8902749410646387,-0.5055454879778982,0.4605998480079705,-1.4042041507923269,0.33554755065942776,-1.1315807365165413,0.2800408402150418,-1.0485222379079788,0.18788238370870158,-0.8868737683639143,0.1519912242482816,-0.7432111105713094,0.10881270454367503,-0.5899116128894912,0.12070977151080181,-0.45353619383972754,0.14578258851071427,-0.3368498727164999,0.16698273921541396,-0.23206093417713786,0.18336764812493292,-0.15599492896369058,0.18035686896655231,-0.07998544354969683,0.17697354016796565,348,1,20,0,3,3,3.0,2,3,3,2,1
202.84729357329977,56.15226744499274,0.45580013381870965,0.49804536424743173,0.05732625859927241,0.055545579666131877,0.22035817292572157,0.19628430625302296,2.891220276997232,5.09179850794911,0.2627351223099491,0.3160216095570932,0.11337386801642114,0.03614983771306618,-0.33377352344492456,0.07386354912185264,1.4128367269984918,0.4852961641632694,0.6075257126980346,0.1370593879867245,0.0,0.0,-10.604452175688088,1.0603640933699037,1.9534370848680522,0.7387400019443663,0.24791146712724083,0.43904841416768836,0.2772162804854485,0.31565003557534826,0.030682424049486838,0.23339480688395622,0.057812758671942424,0.2703703381841484,-0.04868953944006509,0.20385600460687311,0.10966045543999706,0.16631461155987856,-0.03615814574196805,0.18734191756349133,0.11858064774867824,0.15089239210104735,-0.03156527880514748,0.14567771224631038,0.013143652553449233,0.12313143453088436,-0.034180278451718414,0.1088286253615157,0.04473652368619626,0.10225470655790647,0.0027070044744535774,0.09717084476360101,-0.03116981684266209,0.09961332447521784,0.00515513721098334,0.0873972599129614,0.024468704300924255,0.08295024480897124,-0.01504321548288141,0.07978274602797707,-0.0016539119288322619,0.07698558173601786,0.006719237490022455,0.07340854235280733,0.0002117137302634413,0.07000047970214764,-0.012189044293986095,0.06760792330820506,0.017546977912353167,0.06331973266649173,-0.007813340154019325,0.05843437927491501,0.0,0.0,0.0,0.0,0.0,0.0,0.0,0.0,0.0,0.0,0.0,0.0,-8.122526939265584e-05,0.0031382805163077234,-0.0006294387039849397,0.010525901627844843,-0.002040028396351364,0.026673654296069757,-0.020474105097448778,0.10585861493206124,-0.09766880507018451,0.43676356180528003,-0.23905701430881277,1.2744277198521348,0.13844907664425313,1.8057136942848864,0.798902669043719,1.7668983359088601,1.105405932090815,1.7870352712277398,1.1137939077264882,1.7843196937590264,1.1050959688882842,1.7167696788241327,1.1362730279349276,1.667014696038054,1.1254923145551663,1.6626447068586905,1.1262139008930472,1.695393082615056,1.1115249998552887,1.6852456643430986,1.0681224109260086,1.742422333874072,1.0126217579369239,1.727766010926701,0.8135242875943366,1.7710222917378087,0.5677382851206183,1.872590792529746,-0.4892904895025799,0.45362320147421603,-1.3679495370212862,0.35218724622281516,-1.0501452252928702,0.2651682326187296,-0.9912863087469805,0.1890459311106245,-0.8546827659633245,0.15705313249200561,-0.7191825650120778,0.1312476272178359,-0.613268984515134,0.10852183130904793,-0.49211610730616134,0.12131333042151558,-0.3711907800352578,0.14361961975938553,-0.29058074765666425,0.15437539109043028,-0.1932324460308373,0.16338580203199654,-0.12798207842853965,0.15809446901703456,350,1,11,0,1,2,2.0,1,2,2,0,1
229.16504892215335,59.44982708243028,0.40361751062253926,0.49062566540773234,0.08456090616572201,0.06497942079032311,0.23170093731349034,0.16033809268158902,5.443934056431553,6.514275861316553,0.18077402049543265,0.16699584370474016,0.11183209875709142,0.03202867979971484,-0.3216957151879572,0.08395221591181298,1.4288572854377006,0.4946201842421586,0.6017372499642667,0.13268676813894742,0.0,0.0,-9.973714716927196,1.322783993650845,1.9645447917523617,0.71618287737459,0.3012804737953715,0.5005505444883541,0.47162831359583407,0.3668582476080427,0.03253494341130991,0.36150540486102023,0.2342181111262533,0.2597382968431184,-0.07282584086588054,0.22748479727141718,0.14150921919805104,0.19416464406563577,-0.03942715797811432,0.17244423322841365,0.03570360311564937,0.14616275450242877,-0.010484325996905885,0.13859038131387572,-0.025561318645421587,0.13995065511762655,-0.009563195963076443,0.11415777967712959,0.028469747689836147,0.1105126568308149,-0.005756832839126028,0.10657921050096858,-0.010882534109141232,0.09897142933177185,0.004880737489453474,0.09681124784919401,0.013038953036518147,0.0949030665712253,-0.015555937531329672,0.08411130209001921,0.016367486797551036,0.0779495980639074,-0.016603769738172014,0.07580587490317817,0.012111974713569043,0.07146466232583643,-0.009588117649770658,0.06791964707859591,0.008500406383398433,0.06298828419583168,-0.0034578577132530312,0.05902079015574899,0.0,0.0,0.0,0.0,0.0,0.0,0.0,0.0,0.0,0.0,0.0,0.0,0.0,0.0,-0.0002895765899731675,0.004274378665228793,-0.0017744208328357956,0.017193506474730835,-0.01132767115650128,0.04844118123594159,-0.11662605927543365,0.20396431134896784,-0.3742985697355215,0.6269379337215347,-0.6878909399655192,1.2563586499422537,-0.06460625387491781,1.7867191384942913,0.8179559554774659,1.7467038985487566,0.8909498058147026,1.7526633995876972,0.9513520193654154,1.7196703843352952,1.0672176725314908,1.77076502552474,0.9579701989898128,1.7252688590426848,1.0021962222668175,1.6990172312148053,1.0425239661000014,1.6934989527390742,0.9693731214607647,1.7441535854218981,0.976297403085409,1.765799292486961,0.8864663343569302,1.6616948536964686,0.5854134592455202,1.9278595990803176,-0.632970986278408,0.5701764231767911,-1.5014504650528204,0.36613031272559815,-1.1512744156498917,0.29183640266091637,-1.1064433366727737,0.18432943764250123,-0.8877676478135109,0.19124419115401836,-0.7465226741199859,0.13441113488855722,-0.5535468585943164,0.15864820905204408,-0.42673313907394844,0.15676320443246694,-0.28200226813499135,0.17836948169641648,-0.16901653602260552,0.19021760395131693,-0.10910722850722464,0.17617721738671155,-0.01631789657848335,0.17797786667393448,351,1,14,0,2,2,1.0,2,3,3,1,0
224.0378234729184,61.825996088725084,0.42468853192301115,0.4942988945948075,0.05829667746337123,0.05371881802872982,0.21263740868915418,0.1615170490236686,4.995123414642143,5.866147312226585,0.24697789881880253,0.2911615410919103,0.11427228210427436,0.03942068092425126,-0.31280372881398744,0.08920587557833556,1.4211338816750205,0.5695276358351812,0.590042636986752,0.13314582918643758,0.0,0.0,-9.828773042059703,1.3781545005948859,2.113177592313349,0.8343633109645139,0.248049168053858,0.5739810302529353,0.4171646271694465,0.363232339891136,0.02737743846664299,0.32161116367588755,0.08241724501812896,0.3004544259514844,0.006295678957832419,0.20867040462371464,0.043274984777661125,0.19858897636435865,0.027638807308928447,0.17503289656596327,0.056329556994027176,0.13843155517310962,-0.05665155542306245,0.148087394245929,0.02479824895803239,0.12255976059033857,-0.038693114000996044,0.13051164635912316,0.07838561445614187,0.12678873923928868,-0.10052731550483482,0.12740233637247486,0.03718073004280868,0.107474067873382,0.015644605867550884,0.08784762696397339,-0.016104175308026738,0.0833097570650422,0.014975224474559077,0.08267503600697004,0.002659454735726408,0.07541289532513618,-0.008399478374205313,0.06838764253074163,0.018035809294588284,0.06796132266311378,-0.006660016577057137,0.06275597996641062,0.0023451376289496256,0.060393549707968244,-0.011091928281839471,0.057652395494835064,0.0,0.0,0.0,0.0,0.0,0.0,0.0,0.0,0.0,0.0,0.0,0.0,0.0,0.0,0.0009979123380095105,0.01576890922435438,0.0027189741131050512,0.05188698645376714,0.0016301669212706064,0.161041053086718,-0.07797768604240518,0.263796687558804,-0.22370183907246202,0.55139988769747,-0.43216305400179444,1.3308567248535512,0.19385249080713318,1.7301463901102991,0.5441454075922696,1.8624127036379214,0.6635318069509676,2.000542875656158,0.7502343047498389,1.9324384577140532,0.8147481141445316,1.8704943314778422,0.8193590618361157,1.8469285366328658,0.7387981430026181,1.8584370588953576,0.7871564113374249,1.8318071232648445,0.809425518424307,1.838031734695684,0.8245448997433267,1.8189659598271575,0.6441026174844035,1.8883787293050494,0.7187779711002223,1.8743113738261878,-0.6258201151759614,0.5748973018325222,-1.4412538945678917,0.3643285618030057,-1.1001555772519769,0.31879901930184185,-1.065534294773125,0.19825497761514416,-0.8590731570496375,0.1918156865930728,-0.7074688277494047,0.151150209112598,-0.5926008046053861,0.12147209393303741,-0.41014064117557986,0.17393045861957587,-0.31895398165220823,0.1743768536667332,-0.2027624497676814,0.19725985953476335,-0.11839360574335293,0.20075531046225148,-0.07152737716541027,0.1912255250509033,352,1,10,0,1,1,2.0,2,2,1,1,0
214.73796437659033,60.405954336118604,0.407735368956743,0.49141663611873826,0.04751071566073066,0.04790298954330171,0.1845944273147214,0.15439221930447003,4.852130002630718,6.153953050276753,0.24025291838689566,0.31176421534285315,0.1049921260524682,0.044295090209920604,-0.31138980944414757,0.08377846621815027,1.4099539882951653,0.5959635027084721,0.5826874646310433,0.14392371615281802,0.0,0.0,-9.913484743002545,1.8060731461699435,2.017255205444402,0.8385130578951314,0.10701662845063613,0.616153563564194,0.42099912817606194,0.33135739642310486,-0.043296214267989824,0.34983325897180584,0.1237682101165959,0.27270278580519336,0.043272577303910945,0.19974936225261317,0.008042551925985497,0.22867359000872925,0.09390853216536639,0.20575018973192497,0.004373482696338422,0.16102764842480177,-0.039946701188867555,0.1586370348832288,-0.001670356670147964,0.12764594037750038,-0.024304386765664127,0.11997941732327595,0.05760907540621415,0.11977751779775009,-0.05204499219580025,0.11806144735673636,0.019812834047358268,0.10381679721360808,-0.004676691944159032,0.08797732936097936,0.007741700661776337,0.08008961281646279,-0.005934286662408906,0.08236272659390655,0.01989782206586132,0.07989735148408154,-0.028706165379810435,0.07610324713977525,0.023643939468759038,0.07556349117403523,-0.008484370156790074,0.06637099601332326,-0.006064577563000763,0.061676067571854884,0.009935157339585242,0.05937536644124354,0.0,0.0,0.0,0.0,0.0,0.0,0.0,0.0,0.0,0.0,0.0,0.0,7.837414214958011e-06,0.0013685630547882687,-0.0001471751180460687,0.010521755846796326,-0.0015791582998838296,0.0310907167417429,-0.013016394620706195,0.10235814926730945,-0.06887138922003462,0.3529857452942755,-0.1979595919875636,0.8921770361432294,-0.3378273468768753,1.323278012181875,-0.12647100800048347,1.677070756218498,0.42748468769959286,1.9392821632531414,0.5028939141281299,2.0042788261566216,0.5820116514143205,1.96502803206186,0.6147385873499998,1.9232129465710321,0.632295752753743,1.9161059026055307,0.634577041174682,1.8876769507658167,0.6480197430064886,1.9011710388322025,0.6918852307532315,1.9018993948562912,0.6631091166112977,1.8917008923804166,0.5747583273831552,1.873551777768225,0.37805857740267174,1.9184650246089097,-0.6684653341319339,0.6569315509693384,-1.446967699605598,0.3883188394289293,-1.0505060833917301,0.3701263761718861,-1.0781350835368957,0.20355322833861092,-0.8376543507834606,0.23101552538656292,-0.7148169480455471,0.16204375368752977,-0.5801724021124682,0.1416874773031789,-0.4099833944849363,0.18164638589624663,-0.3375685541868791,0.16605369160768116,-0.18888025030984604,0.1912181745108945,-0.13536056345570363,0.18256744688930637,-0.05791396957710942,0.1743938395771969,353,1,11,0,1,2,1.0,1,1,2,3,0
162.40299392322513,43.65753059210288,0.4220097821253891,0.49388373244032424,0.0911246635926812,0.07232924505964097,0.2535425559774122,0.19130356705355353,4.245616554029051,6.14204752328272,0.17944016559464948,0.15332742717604228,0.11717932436728916,0.03416546152590558,-0.37557375532933146,0.1042841424641445,1.4672779298947682,0.6129785331269662,0.5806056687416631,0.11642824062440942,0.0,0.0,-10.433871978657182,1.1554531555110177,2.128676942662072,0.8742654856687311,0.3328591969791907,0.35520366489711847,0.3623774361824455,0.28958409872733026,0.12907114716764043,0.22677053498291908,0.2416380088835927,0.23854369255361613,-0.1277389058898484,0.2516444663725499,0.13025965461381203,0.1666780706356184,0.02948506144602386,0.15250948292209793,0.08403991152240994,0.15127203186228988,-0.03132115060251667,0.12506444618599338,0.02833393176226219,0.12810969179505105,-0.007966039565098905,0.10436070251278418,0.0038587168217816808,0.10985475506977004,0.003373263479478731,0.09774695430047418,0.0032511274130294946,0.09307110175896975,-0.016183639943096188,0.08672408475232074,0.017370447577670967,0.08507300318823072,-0.002208648602567067,0.08414596794183957,0.004492960604101853,0.07999249006515166,-0.010278941492517268,0.07289819088397793,0.0076567126497999105,0.0695990550278819,-0.003921189566352008,0.06680553961026095,0.013518478088575663,0.06451431179939882,-0.015773584642889138,0.062098097585258694,0.0,0.0,0.0,0.0,0.0,0.0,0.0,0.0,0.0,0.0,0.0002361349365721595,0.005517670449958719,0.00040465508920002965,0.01393214782848332,0.0005573715128841262,0.02237652782391764,-0.0018935382153491922,0.04641136431960508,-0.02512757730015637,0.201302192178607,-0.08880511454504374,0.8184382473551906,0.30010253428451905,1.2609397073285449,0.21226460353030976,1.293650763616225,-0.0013909213672299115,1.6266553007296485,0.05864623126367272,1.6680992127506848,0.13648597688053213,1.7011793690170975,0.2828057110223803,1.70457477571253,0.27378612575827777,1.6598334766242786,0.23608759875117835,1.6665504898832098,0.2665189957419016,1.653711372882,0.27381081556943826,1.6491658219084588,0.33796942051894185,1.671761383229829,0.3212602329455238,1.6929172029224455,0.41993492136758565,1.7693678270154425,0.48031288557388485,1.8397211958881283,-0.3394244948353728,0.3733581347754712,-1.182888921372462,0.3713520449384406,-0.976492796754113,0.1928614400768863,-0.8553095582925744,0.17975559930545762,-0.7447399172120943,0.18343957938717068,-0.6803050076997184,0.13136214904185636,-0.5943439036208685,0.11135736563929986,-0.5137374928623093,0.10344178254000587,-0.4323493525763302,0.10118663231112608,-0.36639141393223656,0.11130875260775958,-0.2822258523371706,0.12344623183217876,-0.22807058406630054,0.12596739008735977,355,1,10,1,1,3,0.0,0,3,3,0,0
132.89269916142558,37.6537799617777,0.34915094339622643,0.4767042523044989,0.07079395875664875,0.05938903411270246,0.2241171784559319,0.177478428836579,3.1287697139871384,5.480266137558295,0.159130773628543,0.14442245041665713,0.10422177516299791,0.03516692922148358,-0.3466737044417076,0.1023402422750786,1.4626164076519916,0.5793610163674959,0.5797988122641509,0.13197828948414003,0.0,0.0,-10.626880340670862,1.1665228659566624,1.8872480214700944,0.8137008098247523,0.38686011775071805,0.3922923543904858,0.3837242881372746,0.29561610135323085,0.1315471067547715,0.22295430466119698,0.1586405530318459,0.2526032468331604,0.04725770429796446,0.1945434547479911,0.10504757779574843,0.18741712123715282,0.07465339657690355,0.16060874041559464,0.13396953592509991,0.14272350286210755,-0.06089353219150189,0.16513727016774038,0.07413665824567402,0.1305545037978017,-0.032685494591198114,0.1523387064823785,0.08201157975166352,0.11360247146726857,-0.05800055405389518,0.11720110113116403,-0.0031964915113104086,0.10575330078284541,0.014182786794744237,0.10373055597965462,0.026179254627025157,0.0952595340795079,-0.0019856228925150946,0.09122970772948814,0.00814502241246803,0.08930226170843951,-0.00010448219750503152,0.08577107161764623,-0.016390866518179035,0.0822160172159939,0.00672526091411911,0.07456480608015396,-0.0009619644044895178,0.07251448046287848,-0.010339300917406709,0.07035411431196754,0.0,0.0,0.0,0.0,0.0,0.0,0.0,0.0,-3.147310105375262e-05,0.005491594843015802,-0.00043436301059893113,0.023108543943099247,-0.0010090733431889626,0.04104765553323763,-0.007875885843241297,0.07213570831151424,-0.038813440664925584,0.18511104724526958,-0.13536673478782077,0.5750032626001907,-0.09713865364579143,1.155071393416223,0.22206772185054624,1.3239916990676057,0.4146172671121278,1.6649020014933602,0.4248427799129454,1.7406903088020222,0.4307757616131448,1.726775778361039,0.4412021804346961,1.7456823390649854,0.40212431970113216,1.7323384524181527,0.4309238801584382,1.7430697635947687,0.3596948474359644,1.7619979553070857,0.45738090634984274,1.7251903673082793,0.4735520014455135,1.7238234382365962,0.46228667261780915,1.7647647827589712,0.42963965870740045,1.7606513561716437,0.46549876662819717,1.8037383676692593,0.468443125057956,1.7752579751175415,-0.23930583574605133,0.39205009340206526,-0.9426012550209645,0.32510109752717353,-0.7617239311177149,0.20625947231100736,-0.7298006122012579,0.17517064921941453,-0.6546166765016773,0.165257839170708,-0.6093055158574423,0.13342362456764806,-0.5592336616987421,0.10739921064106023,-0.49275082801457026,0.0942445065616688,-0.4571876883018868,0.07486906782968525,-0.38938456398008386,0.08338646854396255,-0.34062263830982176,0.08771145061192914,-0.30104945922643606,0.09937209391437332,356,1,10,1,1,1,1.0,1,1,2,1,2
147.3249801113763,41.069300264248476,0.2603601648947711,0.43883640684807,0.045442247002237944,0.04570459850220183,0.1533437727243663,0.1430986529748511,1.1660741216069042,5.39555709122929,0.12542168478255347,0.151185964528426,0.09239919249246642,0.03877996233619145,-0.3391788680844242,0.07448923137484317,1.3983944374532917,0.5402419763458035,0.5720723827776574,0.12112651369693318,0.0,0.0,-10.74663498951327,1.2496884600880136,1.8697417618437358,0.6637701710198498,0.26993061204347296,0.3998918181495851,0.37926020760929097,0.27131778686263935,0.11860505060211901,0.2289166748959879,0.1977219731807285,0.2359392991648481,-0.02538536892205588,0.23963240989309123,0.15333867937629278,0.1579969713668824,0.021133879843404448,0.17526283930605516,0.09108571574323956,0.140214527464939,0.020534403059583903,0.12266543928143517,0.0007978731164581363,0.15496029442763626,0.009858417426292955,0.10927800026446931,0.03721315187438586,0.1152176613442153,0.0006395147096400757,0.10101577286383674,0.005699212617105904,0.09489360766755077,-0.010600876805313275,0.09348350738991075,0.034859480396195845,0.09234268822440066,-0.008134881131805887,0.09248529874865076,0.015592886699789133,0.07999065960730796,-0.006695774225737084,0.07512997668411202,0.002307612413916251,0.07308892158335246,-0.0014571110000530364,0.07147689351305545,0.0025518290886671013,0.06802096452436657,-0.0026372389706709088,0.06495162547239812,0.0,0.0,0.0,0.0,0.0,0.0,0.0,0.0,0.0003795017454473132,0.006802208292589195,0.001367470453530773,0.03547503529833732,0.0020935634523121427,0.06294486831722904,-0.0042376837083269924,0.08837384975864247,-0.0492289030912032,0.13797563907252994,-0.14449074070773607,0.30218736274831426,-0.3239885991145681,0.6876272959088242,-0.25596985082536583,1.308222535477781,0.31995727068103474,1.8527534858787817,0.3123925872091753,2.081644618884932,0.4127697330451388,2.047370905558417,0.33858670075759745,2.0709859588798785,0.4114811647334924,2.0541295460998854,0.5091709847199681,2.022693262824549,0.5275611274360309,2.041794897421198,0.5191767429676236,2.0364983343904153,0.5843080534707457,1.9854509959450113,0.4497444251478991,2.058410086677067,0.40009229109616445,2.0201037698907593,-0.061121401392685806,1.9455763326107613,-0.1791220506385333,1.945448493300531,-0.20786365779685642,0.41457270140139824,-0.9544813840794582,0.3322100400626285,-0.7940633407326247,0.24573880083049848,-0.779297051782744,0.18526308288810936,-0.7055584260986958,0.1683032621291588,-0.6363283498312481,0.14220566852326644,-0.5764176310792893,0.10549369764431389,-0.5035702095417179,0.0911675278189555,-0.4372838736100865,0.08437883733113173,-0.3790984803911188,0.08606067732400748,-0.3174149050086545,0.09767427105080718,-0.2650397768640269,0.10866144879137368,357,0,7,1,1,0,3.0,1,2,0,0,0
152.12855180503465,44.249050100769765,0.29320430306678397,0.4552348166636963,0.05201157654906391,0.05036811820151586,0.17460465869171643,0.15511759406502362,1.128018917761572,5.274625127136105,0.1477487312220509,0.16238466364265108,0.09925931603602352,0.037761366847610806,-0.33267401919240325,0.08324433733703296,1.4289012529517986,0.5756005316222848,0.5521590626784585,0.09809501832866444,0.0,0.0,-10.977348187248229,1.1993287776328174,1.7975518894202898,0.7367324528316858,0.3419454506463861,0.3975127400726992,0.33762924411217604,0.2962420543847192,0.08071433361576916,0.21892781747418474,0.10427142983677824,0.2511424136899988,0.02389793247400719,0.19562571976671178,0.14664796286620516,0.16110832300812788,0.026415378652951797,0.16249920596405157,0.10105993386152552,0.1473693167730196,-0.009030895264605886,0.13130428218678158,0.0251501552004939,0.1469442945174573,-0.00769932775340788,0.10894679509983586,0.03271419563237888,0.11013859960663679,-0.017127926560230582,0.10496211470322127,0.03159533556700005,0.10320516116172469,-0.027028351611734502,0.09903312315483702,0.02809860861995354,0.09472373883938125,-0.010611210601979087,0.08910501711293806,0.010744669741585344,0.0802849376662158,0.005955246644293189,0.07849877691665451,0.0007461149167646734,0.07703685458256927,0.0024095958664030496,0.07317863087886292,0.0021732631235881527,0.06745382298275375,0.0024213944640395736,0.06603750822205598,0.0,0.0,0.0,0.0,0.0,0.0,0.0,0.0,8.428186486794457e-05,0.005428184003355959,-0.0013681994118373234,0.025018966251467854,-0.003482900953655014,0.047122889412776266,-0.00907350998347147,0.07240574910825082,-0.03120612550591903,0.14022684043453593,-0.07475894474087065,0.314568409048182,-0.15653476741893163,0.6493938574158692,-0.12658089516209658,1.108201600522983,0.3071189925715146,1.577383315848509,0.2382943357108842,1.903415738140593,0.2910123820509639,1.9103483450985501,0.12424993645856988,1.9167296296581815,0.1761734299983485,1.9354838008473143,0.24004258165515274,1.9333014823415884,0.257930209858931,1.9044369154023952,0.2139535224893627,1.929730968107312,0.13981208230741923,1.930390580295274,0.18778542585301972,1.907613419562999,0.12123400111279344,1.9083681322406403,0.10281738961977743,1.866925646440598,-0.09754497593664244,1.8148428399614311,-0.20989331628300686,0.3415407985343635,-0.9988849561204489,0.3374216462910915,-0.8419716593755306,0.23188259657161814,-0.8007672050593447,0.19166437618875928,-0.7235055979688537,0.15885661201282322,-0.6493690124264173,0.128527769067489,-0.5785873917309503,0.10236844966009458,-0.5062722683088701,0.08549219584413761,-0.4355800578459354,0.08546103257978752,-0.36533455410615673,0.10058296744727106,-0.3067535893039466,0.11189107882744057,-0.25130580114989737,0.12352401962338314,358,0,7,1,0,0,1.0,1,2,2,1,0
244.17841734786558,64.36566987935336,0.439827429609446,0.49637169172148327,0.09404813775927567,0.07024505252013515,0.28901744403460494,0.20523686511190162,5.054616161399296,6.035040735046107,0.21635501092450043,0.17580312788138197,0.1207883866294278,0.030932920332561557,-0.34372221268846503,0.07288604183690067,1.5747261457765667,0.522386330727532,0.5784028796548591,0.11761244293174777,0.0,0.0,-10.116634480018169,1.2838506728822754,2.1914409789311993,0.8748643350097344,0.34404852450412804,0.4510680597659266,0.34673839797471845,0.3480042623273133,0.013354730785776562,0.2748230107572162,0.11217534650715258,0.25678691833947165,-0.005537221446387373,0.20930850949890623,0.0012032266770390563,0.19634515837982422,0.022801341897795185,0.16461768439235605,0.056520004098826064,0.13393710528642822,-0.040673865468891915,0.12364666315897466,0.028205520034468665,0.11500952415853434,-0.013969491967948684,0.10768379588500718,0.016340218676643963,0.10311105544195662,-0.020111588297801998,0.09573363255893536,0.0041529992119459565,0.08912927361216766,-0.0016207787938989555,0.08614488221274245,0.011949237675099226,0.07973493796630428,-0.003670182695433697,0.0765673978790033,-0.00028086246618687556,0.074014634112496,-0.0005274600899280199,0.06994878338823245,-0.0004296664944709354,0.0650018524225388,-0.003087706374489101,0.0617126216927346,0.004034555425111263,0.06016471209464002,-0.002961973708427112,0.05742445828178216,0.0,0.0,0.0,0.0,0.0,0.0,0.0,0.0,0.0,0.0,0.0,0.0,0.0,0.0,7.004725637602182e-06,0.0008291906262726568,0.00023390756575045413,0.007917494314584064,0.0011363085281521797,0.02507204887369425,0.025061076331771123,0.10419790821623222,0.1185897075739723,0.39293686186998433,0.3404422191360831,1.0217318586105535,0.6520315368324933,1.1188171452764575,0.6954336109324705,1.2439528148690155,0.7771143668166213,1.5146673318379758,0.7962225711500909,1.557316972287959,0.7899605367924615,1.5869748418039387,0.737276688300772,1.5233010628880619,0.64464293949698,1.5201383432825706,0.6353244431002725,1.5529473445653124,0.6395798310060854,1.5914723673542617,0.6943363386675523,1.5758049233946687,0.6175384320680972,1.6103090346459796,0.47487634528224343,1.6818685757297738,-0.5548060705971843,0.40165013767498503,-1.589420719845595,0.3933825160023846,-1.2821931718891917,0.23100783444613815,-1.0876403664613352,0.20712175035307498,-0.9055656468301544,0.1584531990439875,-0.7424558350862852,0.12043206701241893,-0.5606428214314941,0.14026769448907228,-0.3908927126852861,0.16926385849455738,-0.2752523971124432,0.18034167030329193,-0.1549305413675409,0.19676729533102683,-0.060946476559150774,0.1937017152641484,0.010420495338637602,0.18509678034906452,360,0,4,0,1,1,1.0,1,0,0,0,0
202.86370490858877,63.12671839660412,0.34577000626916754,0.47562268867759505,0.04882804626731867,0.05036620349896035,0.19703821534311153,0.18878615933960868,3.215707275677494,5.343044649394644,0.18329245965343366,0.21229403685445175,0.10726707826293227,0.03651411271058616,-0.34164460291092696,0.08467233728420609,1.4254463891289246,0.5689298000774147,0.5534621093207273,0.12840801220175474,0.0,0.0,-10.271418353411615,1.8178950502467794,1.9240899129044886,0.7399564175674306,0.31039005499345973,0.3901844930986098,0.42625832743104763,0.31053323009787215,0.019274807542477845,0.2894187635846604,0.1616035099609397,0.25386151983504307,0.0022158474788842586,0.20261218154544514,0.06334162375668446,0.1731188065258304,0.04526251077144649,0.15759731051378756,0.01652346546427591,0.1517231876577561,0.005778376568128907,0.14073450756476263,-0.0077919277269385264,0.1253962203406481,-0.019737118258641457,0.11832919540494928,0.062097485643184396,0.12108604708670132,-0.04457408445466205,0.11459207986783017,0.011096863283549366,0.09325133712219894,-0.02595872436606686,0.09590537014526959,0.02955917855321168,0.09590637805425167,-0.01481522649897999,0.08700775987179968,0.014754049196002983,0.08049895762815615,-0.004996951809558617,0.0757833853939703,-0.002490612200894627,0.07103493010764947,0.012462600401712329,0.06937976537086896,-0.014061013820695538,0.06793244885413607,0.008032251581889562,0.06037275872927827,0.0,0.0,0.0,0.0,0.0,0.0,0.0,0.0,0.0,0.0,0.0,0.0,0.0013223295438528104,0.010344392762991282,0.003144379878834595,0.024620733059911828,0.004931128005424,0.04717198907556004,0.019354042237259186,0.11938177265133917,0.07311936361270407,0.3838651992193074,0.24774160620897168,0.9047187900081071,0.45395122737719207,1.251233309719897,0.5210784393076331,1.463564060738005,0.5375794281500873,1.8169971100803346,0.46030775438092814,1.8624100130005175,0.4776587570255341,1.8550774352000865,0.4748236206121758,1.8048484842174726,0.47911178509012353,1.7588335527469483,0.5160660510050153,1.7420117677341034,0.49021696744616144,1.7623636897163253,0.40468190595365905,1.7851541075023007,0.44183970082168456,1.77099138813546,0.3911591861531033,1.791341387432206,0.33245438925427406,1.7912838216484748,-0.37549237187693796,0.35595470187068357,-1.271103665819482,0.35493412994916246,-1.059019784904861,0.289158702169755,-0.9793451635066673,0.23395536294046168,-0.8474608846171571,0.19603533644358584,-0.7208679077511648,0.150262417384535,-0.6013511267202086,0.12482060944839651,-0.4775166534802352,0.12943289153408083,-0.3808962848329352,0.14190743760567218,-0.27191784027731747,0.15911737266493495,-0.20084895101164033,0.1652059627247476,-0.13825294879286165,0.16647878723787082,362,1,20,0,2,2,3.0,3,3,3,3,1
141.88603525413785,39.05022466061318,0.4566739195983995,0.4981213434659462,0.08874563580624067,0.07045164785775859,0.2804540491339029,0.21193918573036163,3.179616856748144,6.049170695231734,0.1823153638579656,0.1607078398489368,0.10484640231537215,0.03014697704671868,-0.3558557662102454,0.09349933140432529,1.5248991017773754,0.5085516490885611,0.6168182257210147,0.14573987955890716,0.0,0.0,-10.4940888500436,1.2603618508061893,2.0766920919392544,0.8368570923553572,0.24612178967702292,0.5065921045627843,0.42216311202465506,0.3346260324595769,0.04302659261095146,0.2518326375345695,0.07749656701410247,0.2819841425103661,-0.0028403283607317314,0.22107588136945389,0.12314682202888214,0.16480718829567156,0.041339437365901524,0.15544307550075298,0.07710120753699404,0.14465409488332498,0.013208549277128799,0.11999306083550407,0.0600274662630076,0.12298516802097463,-0.04121501553144602,0.12591565500549998,0.04345879568254024,0.10091862198752896,-0.03762350101380747,0.10706841060375157,0.004540762494208167,0.09903803373532274,-0.015490024727835774,0.08980708037824155,0.011760952146659249,0.08384261116113643,0.007990055896580202,0.07811531374318896,-0.0026340365209682258,0.07484158704942986,-0.004050663941010847,0.07681815058113645,0.012087015124442381,0.070272124024505,-0.014134685227272651,0.06631087921889807,0.010793052679743623,0.06442434656576868,0.006840737721530569,0.06086643736254926,0.0,0.0,0.0,0.0,0.0,0.0,0.0,0.0,0.00019349445860134627,0.0019950801298701157,0.001480736331716231,0.0138233175039731,0.002722713350120219,0.026781182387314053,0.0012384990008208363,0.04157069088681002,-0.05604547223977368,0.14444771981827367,-0.26431944489027503,0.562221583925304,-0.44410335403486223,1.5416085777417095,0.6309590287163044,1.5071998041069754,0.8706438762537223,1.4073202379031022,1.0003967402103922,1.4955916089208914,1.0861149175195461,1.5230210994750935,1.1389930647607185,1.499925835108545,1.0413830400872308,1.5512124169469481,1.0631747138337042,1.5025947832581363,1.07596761647752,1.5241000594699394,1.068555842554497,1.5250493030838206,1.0943366187039663,1.4953379559905333,1.11181013630565,1.5295645806339795,1.154895287993008,1.5245511736534083,1.075789868530613,1.6940503187099538,0.9872294275470749,1.879149206576211,-0.40468224355907473,0.5170927250379933,-1.0852606721593363,0.348220974735625,-0.7636140722767035,0.26728473871982467,-0.8081749358156289,0.18472612239250202,-0.7058618421873701,0.1695351265325933,-0.6260943681108231,0.15919721201356163,-0.5689373148114646,0.1256012204426751,-0.5023717649977589,0.10900202350434085,-0.45481301461124285,0.09677756796380121,-0.3834034059608293,0.10371818669847166,-0.331649581273354,0.11203711385205174,-0.2704495181153379,0.11925041116822935,363,0,0,1,0,0,0.0,0,0,0,0,0
116.17592577000151,32.65969235113335,0.3582843574760453,0.47949761965797877,0.05374132839441484,0.045352974191317286,0.22707074566333854,0.17777908494362954,0.771054366186664,5.6155727068718715,0.14680851633542263,0.15869914338312432,0.08868857201657039,0.036472762079307386,-0.33969839995700785,0.09101113866110841,1.3809642018198247,0.5177478214077034,0.6312394242459961,0.15599582321851457,0.0,0.0,-10.221318398643836,1.3558745185661218,2.0381693384628483,0.8780314112394729,0.22675549538297435,0.5430366875906344,0.44336973170018357,0.34459296196634204,0.020356490082365675,0.3006452245058844,0.13396045003975887,0.28527977399649324,0.016760302829680773,0.22744628672513967,0.12522083857520444,0.1953855190265686,0.04049811646522198,0.1715339091501416,0.12079633797708883,0.15866766464681004,0.0066322407489881495,0.13847194647330124,0.03778668853861385,0.14752909719347307,0.02720091793980095,0.12226586125164604,0.0610772163129453,0.11816437411617707,-0.018751032987600526,0.11499295831744176,0.012764153338768557,0.1070369589410269,-0.02116956311723349,0.10633402577655673,0.007470272685917405,0.09386667166795903,-0.019575392560785634,0.09532017898944112,0.017213452825300735,0.0855651761743055,-0.0026546967932438575,0.08582892596094117,0.016241231238994885,0.08128784934895408,0.0024669933111474097,0.07622639881528416,0.007736478912710596,0.0726237365301726,-0.013089711702772174,0.07024141848461443,0.0,0.0,0.0,0.0,0.0,0.0,0.0,0.0,-0.00010122969773863902,0.010101526775186612,-0.005141167975324269,0.03250829271778668,-0.04348246406434236,0.09770246091881052,-0.11680999819313917,0.19950669958475323,-0.2800915920872775,0.42567078038350936,-0.5567732122511325,0.9609607018498793,-0.08514747295998853,1.554786918352454,0.5801226078736677,1.908950505445156,0.9912718401709419,2.0458848193309973,1.1792109425899724,1.900606378223094,1.179379858570646,1.9774542337137515,1.251494389545566,1.8958184379231107,1.2499023517178316,1.911481714984594,1.306949332065187,1.8704474887427855,1.3187157123161795,1.8697868647670528,1.3340014506132563,1.877298588018553,1.3367408420771332,1.8815558833069754,1.3143315302038805,1.888328155345349,1.3100335307360467,1.871685826340683,1.1635964092222748,1.9697189988261776,0.2589825441311655,2.2956100358446063,-0.26012880793378607,0.4385591719520834,-0.8798725498711752,0.3037313471777772,-0.6404237015694783,0.20936059600588788,-0.6738039295965738,0.15107897374191376,-0.602526746676995,0.15583799804024093,-0.568282738824849,0.13432612969719626,-0.5320986550724394,0.10837104690845492,-0.4816017985100001,0.09828320379627208,-0.44874896747784143,0.07779709436887197,-0.3978248968751439,0.07642360917462054,-0.36330044368895137,0.07182287707377391,-0.3183809081173063,0.07845196327179738,364,0,0,1,0,0,0.0,0,0,0,0,0
146.28767206770726,42.47049075595283,0.36858864486444076,0.48242390971040494,0.05701955508672571,0.047600962523258156,0.1943194846973383,0.1504610372586536,0.8573795358538367,5.328652936466741,0.1389633107185144,0.15842705567082105,0.0974124033653282,0.03650960662728455,-0.33376483048833333,0.09257065728147759,1.3051714793061682,0.5448640822797013,0.6005026481096357,0.12927956015611117,0.0,0.0,-10.40588994446603,1.214209083635649,2.043857742050529,0.8494557824563893,0.24608648896927426,0.5900068110016048,0.45483115949846503,0.3404372332453919,0.17675123757245698,0.2582023510746409,0.1157902172209856,0.3283407311852439,0.03624064367434163,0.22877143121775534,0.15050051823749833,0.177749223524287,0.01936791811163471,0.18789969839268356,0.16317123119200935,0.1596584335505652,-0.02746307818395837,0.1395072750706655,0.04027412867163905,0.13620700845508982,-0.010764141797678846,0.11991877840829866,0.004544353195849044,0.11777282783349403,-0.012332964815574348,0.11224853012781238,0.008751316794527732,0.10672563611496204,-0.025490871232324526,0.0983089659593925,0.03421187090229823,0.09066425670373907,0.016034136319474982,0.09059150232972688,-0.008233663723587236,0.08162114301559814,0.01274228033137936,0.08082406995844217,0.00488381200267462,0.07555002856687475,-0.006400923001036558,0.07167591179644163,0.01414105153259157,0.06815261423561136,-0.007839923511127667,0.06562192714542982,0.0,0.0,0.0,0.0,0.0,0.0,0.0,0.0,-5.5957755452537115e-05,0.002271054146333223,-0.0018969066758008776,0.019863633569188504,-0.01332627146583167,0.054771106147992625,-0.05011751951893312,0.12840529827477415,-0.15142289164498987,0.24773107716677886,-0.3572932929135721,0.4922015238986465,-0.6298127806934075,0.8937345495948341,-0.6130486450174752,1.4146963437142823,0.1903154441565007,2.0857376852708747,0.669541100455409,2.2290661220205856,0.7610146343380452,2.2129722305819883,0.6462321517058679,2.252961726875773,0.8564642207995063,2.17581373284704,0.8965806734801136,2.1585242427967573,0.9250872749932963,2.130934506167973,0.947757134058779,2.133275937306091,0.922948138529203,2.11374196253206,0.8067074563011709,2.1558058200244417,0.10297213131844811,2.1417880202120805,-0.1412335007513693,2.070857276708701,0.022788540378903193,2.157045628410971,-0.3088612609270385,0.40821896655335005,-1.0742633326934357,0.33189937373350425,-0.8147575566815976,0.2483707752679105,-0.8136888841175888,0.18138021395311008,-0.7548435322645521,0.15262583811553793,-0.647740255789306,0.15360850953768132,-0.5947834879609358,0.10691351625890783,-0.5209017885252647,0.08894318041379733,-0.43704996683492936,0.09539881726155895,-0.38073516157315546,0.09295369031406717,-0.3047421411453939,0.10681861715949827,-0.24918256907686925,0.11715194583554013,366,0,0,1,0,0,0.0,0,0,0,0,0
145.3467388714791,39.00364367731798,0.4397224207549129,0.49635483117305074,0.0726463043537657,0.05526537297977185,0.24758186700650764,0.18511397562317208,1.7428645125395978,4.881671229768707,0.15016167968471972,0.14383738288836737,0.10110191880092362,0.032244117170615684,-0.3671978654699299,0.087508581018111,1.3672093507064709,0.5035403921944127,0.5954355261116303,0.12018799835680498,0.0,0.0,-10.643054880544408,1.1156087692612566,2.0945714885298194,0.8005104478530108,0.3477311572151734,0.4200718802897465,0.3459268343490705,0.3115499153264506,0.09669526747844281,0.23053565572286636,0.09482044503368947,0.27605530733097544,-0.07535816200529015,0.24478296447381884,0.12011674917487765,0.17754802341932485,0.006653950245054705,0.19113056052201177,0.1157393262209577,0.14543047952863442,-0.008646154569498904,0.12030092308980916,0.025245767317932075,0.14019867651088325,-0.015384924039046587,0.11182935858751679,0.0258353762059795,0.11483994798177208,0.01962919181114996,0.10727366910968755,-0.033575374713416414,0.11700751216005509,-0.00997354256386216,0.10119963371398615,0.036125013031393205,0.09787580378371885,-0.0010288114394469184,0.08952750008827301,-5.906720882890183e-05,0.08274031515510387,0.0033961995707362824,0.0802279718680547,0.006876436255925096,0.08015475988764341,-0.010312692591936767,0.07386876065024815,0.004112498675167036,0.07016514643869293,0.015860363942465712,0.07070655583490004,0.0,0.0,0.0,0.0,0.0,0.0,0.0,0.0,3.337260569886561e-05,0.000959643120984538,0.0003165494855752561,0.01069982255648259,-0.0016721474244288672,0.025359794477533858,-0.016148136478492614,0.06258428610997303,-0.09163345467555555,0.17643074661142133,-0.3319289353218289,0.4969359949721485,-0.7657632217165494,1.1007867624597072,-0.5453485512381141,1.752336044967348,0.6789101395863925,1.9128698552375698,1.2088927921258088,1.6949773270921433,1.1979560798764026,1.7750316421687227,1.0297634198288463,1.9559723744997006,1.1457813041291747,1.8411808617407783,1.2229693826209729,1.7975267198620528,1.158482186532953,1.8212893171302909,1.1861012924687453,1.827336048105621,1.151491184782842,1.8355289790478821,1.103793142098301,1.935932736776815,1.0501590575405344,1.9509480028071624,0.7479186528339142,2.0787536737988788,0.11389851348322245,2.2300289151593597,-0.3490198133587908,0.42062629646856575,-1.1033887752060156,0.33136832142886957,-0.8414902632781718,0.2058672477604458,-0.8287897556215295,0.16535045958626243,-0.7480889706965748,0.14239773270762687,-0.6497595210677333,0.13408734425172242,-0.5801793544688181,0.11318998838802491,-0.5037688868284862,0.1034468836633751,-0.4296796748551811,0.10065873575051189,-0.37626012364947065,0.09467665924222922,-0.3147939337588347,0.10479389144311886,-0.25711810652504263,0.11244933522442234,367,1,19,1,3,3,2.0,2,2,3,3,1
165.94249335695307,44.87448399903496,0.5664230882787127,0.4955701626226373,0.06227579760111278,0.05154065268083953,0.22002763596934605,0.1685670214939507,1.3260316852115588,5.562824407203872,0.230099780412317,0.2785748549333196,0.10438761189622084,0.03563565805039418,-0.33791940728712727,0.0901608411489705,1.2746469904782998,0.5460398707719998,0.592224867950989,0.12139795140830259,0.0,0.0,-9.66754939548273,1.5413811686186605,2.160795314888323,0.8200261179085288,0.04957886681851344,0.5175727266259665,0.49746212600849576,0.342051830251899,-0.07049265703914999,0.3340204869127208,0.042451514967153825,0.3026773079733155,-0.14713213474487594,0.24882405430539034,-0.01586307175263397,0.240627910861325,0.15964826622514394,0.19858238341845322,-0.036757313620254646,0.19180931083156985,-0.011374694708370164,0.1449358161134297,0.09924092894376069,0.16556258080015407,-0.11339114995503889,0.16906629238544482,0.05136487167674173,0.13537640544694762,0.018131356833779748,0.11906429212848935,0.0010148848618224838,0.11750436252414602,-0.037509702725886475,0.10539274588790822,0.06348618163010702,0.1123012041680202,-0.013134596233503543,0.09167061375126627,-0.004993642559528417,0.08551813576088567,-0.011795349352575176,0.0796700907082846,0.0197604043254225,0.08324191343256503,-0.007898378286521996,0.07593182403475746,0.003103054291863006,0.07110294197112392,-0.007306458630416667,0.07052062597227166,0.0,0.0,0.0,0.0,0.0,0.0,0.0,0.0,0.0,0.0,0.00018486209535922049,0.002862214323140538,0.0008115409024078093,0.010732785705928744,0.000982014389216335,0.020120898394034466,-0.023616872622805502,0.06422501955789951,-0.175997530960131,0.2534895971828134,-0.5593460028241992,0.6851935354169407,-0.9865963787868688,1.2793031519176172,-0.7617539123548641,1.86789134576528,0.5391304996211248,2.2642799175834583,0.8775146868470329,2.2654661003185437,0.6437622952221362,2.2964975459556722,0.7574910464740183,2.2599609217555883,1.3223829248794432,1.935944049851397,1.3271436969792882,1.8903017320269686,1.4148789844416814,1.8242223745851962,1.3820262804907584,1.7969243320613615,1.2097314129514096,2.0010809018285785,1.4904031269139948,1.763880446187851,0.0922065019706451,2.349066304719536,0.8830399319934011,2.097312884668929,-0.48622323690104075,0.4242550106270417,-1.2598344805358725,0.33968076065158115,-0.9659501425007383,0.22047067203457132,-0.9427481700250961,0.18109465380428258,-0.7919917036433421,0.17548068719814539,-0.688015372586581,0.15166554787737282,-0.5950574095386773,0.12520183509951216,-0.4772794184015943,0.1351766789603382,-0.4335946643379096,0.11622620840588917,-0.3291088011243431,0.1337124939626348,-0.23754372877688956,0.14810504454018697,-0.1964658702802653,0.14479675874445078,368,0,7,1,1,0,1.0,0,2,1,1,1
239.99927960118723,64.75457603322984,0.4705741098272003,0.49913576311742974,0.06869893884712494,0.05632771689532244,0.2305839101733001,0.1711862242790702,5.34955973890409,6.010884664948533,0.21827233864344003,0.22217518487025018,0.11509982039694937,0.03648621932974513,-0.32019587908970404,0.09184245738042061,1.4736276586078052,0.5802232763000207,0.5739790805790085,0.12049422052993122,0.0,0.0,-9.56544548117838,1.3544226545984859,2.1869260921954874,0.9212743242106423,0.35288405629331376,0.5606084047432566,0.4664275631775898,0.3795391769450298,-0.12500381101485175,0.4076325662890208,0.11496015099313223,0.3092691215673411,-0.08846345389458644,0.21342629703868102,0.0977923182825673,0.2055789126903875,-0.006065827351777848,0.16575098245931885,0.017867628421714743,0.153787748192668,-0.011975950570700517,0.15152221506646493,-0.02424811581847035,0.1516503294404986,0.04980201630378143,0.1265769966201544,-0.012887971608966946,0.11576627740998653,-0.03007282728925434,0.11085337373878112,0.033418277882924625,0.09695232839268755,-0.006459939631199991,0.08787760227580782,-0.007199690153091472,0.08646050005048284,0.006014718130441171,0.0864507449246551,0.007695095502785543,0.08144667828889501,-0.02337196901862471,0.07618362070060895,0.029528021205517296,0.07507979888179019,-0.019683467223595274,0.07213791181221213,0.002320738604865477,0.07077469058867596,0.01233041834051907,0.06763338401285907,0.0,0.0,0.0,0.0,0.0,0.0,0.0,0.0,0.0,0.0,0.0,0.0,0.0,0.0,-1.843084550339548e-05,0.0023984340841991768,-0.00046468426948053477,0.014660161778034659,-0.0020031906474732492,0.034423277245601056,-0.010988101728020179,0.11300385784477755,-0.026864343408915525,0.421137015698966,-0.04074554228249143,1.1322222269375668,0.21269834974009938,1.516624987906742,0.5717975318612867,1.6325215665831359,0.591983858078312,1.8456852975877944,0.6018833999055988,1.780959979387971,0.5732315367500407,1.7574045022830553,0.5456718580536168,1.7197424763894864,0.4374730296611917,1.7176318509956112,0.4799700341777849,1.7216627518391154,0.5015230369380169,1.7363487727345706,0.5416279976834856,1.7259747747955994,0.44086195768886444,1.7255276534252315,0.24273506808195067,1.8043525358421015,-0.6718467911842397,0.5200456729966277,-1.592174424775956,0.38985422326366176,-1.2250532278294863,0.26171110971070266,-1.1107398476020325,0.18719931009300628,-0.8643465375974027,0.21385731101649177,-0.7348101670396122,0.1472004324935103,-0.5453192133076583,0.16007058929093623,-0.39716018865646013,0.1766565898266748,-0.26244488550243494,0.1872733679198463,-0.13406437987671285,0.2037548665995774,-0.06438838066319531,0.18731455825419766,0.02828341789960618,0.1879125771906418,369,0,0,0,0,0,0.0,0,0,0,0,0
122.90778663092313,34.45244653382625,0.510619637434739,0.4998892786174303,0.08363048340302248,0.05965798736895034,0.2548692861353117,0.4480447727128839,1.790086315279981,4.937601857425319,0.1430651479201364,0.13639409490588542,0.10083755174456609,0.029841714051827156,-0.3517660020574048,0.0844603936376332,1.3508252702691521,0.48599723458017285,0.644063951481454,0.15063412027283013,0.0,0.0,-9.814025481338065,1.4506442617607325,2.1058918512649654,0.8153992815153718,0.19672226571988313,0.4670301256094034,0.5039925898693226,0.3640761191338675,-0.015940498966443267,0.2912742929965586,0.028550640386299134,0.30221517865567804,-0.005002305898466005,0.2075716398738987,0.1022964166159191,0.19853724565527633,-0.037808272832659,0.2006785966538828,0.26841549542075355,0.23741313165198644,-0.08106490375590472,0.1674180369298165,0.06166164502162551,0.16677234228360413,-0.05508046208548574,0.14359528622785225,0.019658152300977158,0.1437160395206498,-0.012569217128609724,0.12666044357986267,-0.045732643705485944,0.12279596519005145,0.012854413919725716,0.10624129629980376,0.011432750094815118,0.107820035245996,-0.012733125625327442,0.09823011829911367,0.0067909167859044675,0.093807711239763,0.014511060106779357,0.09609714078247507,-0.014830841875279869,0.0873319552601733,0.028465512098399735,0.08824355291627282,-0.005525441372794367,0.07647388715811286,0.006962328213374538,0.07317632877999465,0.0,0.0,0.0,0.0,0.0,0.0,0.0,0.0,0.00150101118394267,0.011208547314730461,0.006315396126683356,0.05446635547387692,-0.004677040927125311,0.11736456533566851,-0.07404035353118409,0.23718020137689114,-0.27454427302208845,0.40310640922682395,-0.7127276047607656,0.6987144844225709,-0.8340481461075658,1.524687943180936,0.34655054272830277,1.9681423629017947,1.0369543393712861,1.9886177154195144,1.275407432982186,1.7738754251893587,1.356250477254449,1.7578963180979272,1.2595414807380794,1.8234687297666976,1.4016499289200732,1.6548684329583812,1.4301433356823128,1.61059265950063,1.468531809904957,1.5545967698673653,1.509051942799356,1.5479887104303847,1.4970929368462782,1.5603452041395414,1.486548362692018,1.5462957616515218,1.4729610081594144,1.5567468414042782,1.004020718551973,2.272199285161129,1.1940889594420778,2.140416410159474,-0.439360231572662,0.5313262533604063,-1.0027542972257386,0.34444271829105205,-0.7022604966492088,0.2114711770618613,-0.7747835919196433,0.16326424727149147,-0.6676968922812155,0.14871394880663139,-0.5508530562794532,0.18097176093993114,-0.5452673920652652,0.11870429592862769,-0.47630818535036107,0.11730919199339598,-0.40917126859143976,0.11591074169446866,-0.41338751021835,0.08677058411326806,-0.32350874007671615,0.10522266593863631,-0.295307995497795,0.10060342686985983,370,0,0,1,0,0,0.0,0,0,0,0,0
126.29715915323023,37.36756383864704,0.22181638696939782,0.41547054141158324,0.032694640432789294,0.034912158143825055,0.1290069192473138,0.1310167908133176,0.1463847531705605,4.901608180224257,0.13802399183295164,0.1892448363543104,0.0918076184297466,0.03987132557997376,-0.3570957826796977,0.06966693837788926,1.3616350705275857,0.5516237904019983,0.5733540548426017,0.12555225850207657,0.0,0.0,-11.012213406822422,1.2534105507628122,1.8414421013992541,0.6637185821980738,0.49271968698294943,0.31529581625966246,0.3431826729177986,0.27069679728042734,0.048776467831787435,0.22199066517023777,0.21430556127358125,0.21428178164811656,-0.038251235150462894,0.25972550348889184,0.1636827912176275,0.15526386242539425,0.029226930078753422,0.15068264497069936,0.07423268967263692,0.13947608269532355,0.010118537441817626,0.11575223791496422,0.030517578370084453,0.12816239551249986,-0.013149671795165406,0.11015165293620353,0.056271158062768015,0.10073193971480264,0.005602179044564331,0.10052515715584011,0.030504944511887684,0.11025355998400636,0.004204226140959745,0.09580407751185693,0.02324432606359877,0.08974430349414314,0.005317979617156521,0.08601092996350393,0.013854453076936493,0.0795070407184224,-0.009307680793428103,0.07595669759344117,-0.005834708081700778,0.08103332096924183,0.013710125009265547,0.07497235943912323,-0.006160011092227926,0.0678339597667119,0.0011401879624924867,0.06276232814614946,0.0,0.0,0.0,0.0,0.0,0.0,0.0,0.0,-0.0003034047998721839,0.010828461060072217,-0.003825890673103532,0.03502704138421115,-0.027021999392483235,0.08709003077943725,-0.06643621078866697,0.1681956331655104,-0.14132789378385588,0.31989550273261935,-0.2808013004736087,0.5976453099952564,-0.4199647921076252,0.966123450456303,-0.23083197567376332,1.6364602836075062,0.0677439718797521,2.0873995678994217,0.13917564347877592,2.1127813406857365,0.10777844610198534,2.1217108129227666,0.09137297990183614,2.1153090843729068,0.15446325656984755,2.119956453379318,0.15126593810364264,2.1216357844858127,0.0936792764743227,2.1197625761696055,0.09665980124710101,2.0858628153528773,0.1223341288563124,2.0974059495866637,0.04097528218038828,2.114050760981732,0.14105192702518374,2.1155094198551794,-0.031977989095755194,2.062231713107245,-0.16638665406100692,1.984132855064355,-0.1320652135864466,0.35166442071811577,-0.8418081643084349,0.30521011846631807,-0.7241138063211583,0.20241767219087625,-0.6904699369518482,0.17247722466191817,-0.6376577456969398,0.15885804898342618,-0.6012327950641659,0.12392704681738005,-0.5432550984127456,0.11119036172088122,-0.49384639448502793,0.09131251207573585,-0.4456748998260392,0.07473116194249867,-0.3907394971427004,0.08031982774042273,-0.34578508207652736,0.08463648801274716,-0.30465487675428216,0.09257288793806695,371,0,9,1,1,1,3.0,1,1,1,1,0
249.40030454974863,70.83397892138517,0.3556163333795773,0.47870123320885416,0.05650788040060662,0.05145855869163401,0.2010610054049012,0.16320027609028412,2.9972322000526592,5.856413672646417,0.16128674716157324,0.1807507503274229,0.10349158374939718,0.03760903034531293,-0.30609254536221603,0.07780772924333976,1.376454115979943,0.5330740078772946,0.5831131444596389,0.1279214510448304,0.0,0.0,-10.15819610757675,1.6264079116618466,1.9590603221821226,0.6524524764052075,0.35153104837023336,0.5283890219281808,0.4234813354181006,0.295162916943034,-0.02779068818027759,0.351918105879996,0.10804056436704254,0.2777011744478665,0.004106418676208784,0.20464513270458795,0.06976608676364561,0.19926071093010744,0.0756495920950256,0.17465104572428683,0.0024941920357224963,0.15272392216539496,-0.01585841514118094,0.1335825634825264,0.0024807650677597442,0.12547760115501358,0.013484638468104855,0.1161531916075184,0.021683900975697456,0.10461857805821649,-0.035582818617096,0.10036069670119434,0.019912144855872126,0.09483114242774056,-0.013336627428138941,0.08529213807978435,0.015065347691738446,0.08289129055538688,-0.010250363063212175,0.07943809376472721,0.015624906695770331,0.07523557271061748,-0.021800049711882,0.07037062102143375,0.018716730949779246,0.06578209696377664,-0.012482901305500853,0.061338989015548476,0.0038614192225340386,0.05845937813496773,0.002066194786413302,0.054835690080259625,0.0,0.0,0.0,0.0,0.0,0.0,0.0,0.0,0.0,0.0,0.0,0.0,0.0,0.0,0.0005164388078977215,0.003958851345397234,0.003953033657181323,0.026696526645494337,0.005109946166331021,0.0755163447675525,-0.03869485093885982,0.18572975320324558,-0.181337764384706,0.38574686568738026,-0.39163990771075663,0.8792221055148929,-0.2963064708978668,1.4789425761619475,0.29822179359992995,1.9017118823105608,0.6118030933325538,2.1020498666387444,0.6129564192739151,2.096242506674049,0.7424837387940225,2.0383985372227773,0.8421844621961472,1.94804221887319,0.9143516074100653,1.8940891567921279,0.8653102454774625,1.9294609868103516,0.8793669991858875,1.9311486628368466,0.8691631885024808,1.941536904635076,0.7572145679034425,1.9841045032163467,0.6541738000640281,1.9592979170974554,-0.5205135243005596,0.4167817370739878,-1.455491325742712,0.3061756373904506,-1.2224475447556005,0.2708754961590415,-1.124309026458172,0.17967751076713506,-0.9262132022501005,0.14841625406385855,-0.749546764464792,0.12252035904340422,-0.5791905404380212,0.13030417243617268,-0.4199058320477106,0.15902001604230953,-0.30165234426902715,0.17188352164410062,-0.1756953008641186,0.1888487492709057,-0.09965366944410667,0.1832593149050066,-0.017552372291587955,0.17743173709491153,372,1,13,0,2,2,2.0,1,1,3,2,0
192.11275617578764,51.75580636391787,0.39484658574656945,0.4888196140474672,0.05640676014121839,0.047661539273292725,0.19661831487458628,0.14224409064921498,3.0450448520118663,5.733750936529839,0.1424398941551235,0.1546421299758827,0.09202020400678733,0.03985082030124923,-0.33610864238442484,0.07458722516295244,1.298658751019267,0.5300625059869986,0.6187482220876143,0.14711053302192645,0.0,0.0,-9.863478504143076,1.463624762115698,2.1318794650200585,0.7671517497434203,0.1750217625607095,0.5431716827270615,0.42561866690503125,0.34633989830533674,0.037782396918454746,0.31239828704757344,0.049287536192038454,0.3405769450882647,0.028364424897758776,0.20574200041541432,0.07644260219407155,0.20487055231501206,0.031332611495089036,0.19766163230745687,0.07964098445067982,0.15880460128611742,-0.04907118755257445,0.15908662891624287,0.06628489026134038,0.13235579815117204,-0.063699722847001,0.15361025500327066,0.08067599767134694,0.13028762937546165,-0.06566883466908008,0.12462742937907431,0.0005965331303023244,0.10443195679454711,0.026208810096688878,0.09650634862104235,0.001897404263205352,0.08357086181692189,-0.01583165661286645,0.0810187776837755,0.0244328126635703,0.07854423739106123,-0.013661069440501671,0.07460817148275495,0.00040313141545892224,0.07003909271692497,-0.0009510531969006514,0.06430486766736232,0.007577718726273863,0.06288681590810434,-0.007505052911363651,0.06120904348574692,0.0,0.0,0.0,0.0,0.0,0.0,0.0,0.0,0.0,0.0,2.0790359837182087e-06,2.6641195861612188e-05,0.0013076716102407408,0.011838232070969916,0.002263506757246239,0.02918212782770781,0.00021869373972198972,0.057570826302714824,-0.06889658152828956,0.15178383994817227,-0.2898232692334397,0.41821427827282015,-0.6898503299237171,0.9640915089496809,-0.8943126511786584,1.5114683180428372,-0.2716459390157181,2.159118389183036,0.40421121074272537,2.3549036488470456,0.28325676640022823,2.380748090029908,0.7301683106810102,2.2633644894684046,0.9131327978908743,2.150180419318242,0.9507551834336679,2.1212095215476516,1.058992118724543,2.077108600227489,1.029199822641535,2.1051660873019165,1.0388557101670977,2.1093955557755,1.0804152002443932,2.0813029621747394,0.794371211684466,2.129475176183668,0.9661044041171712,2.051570748785635,-0.5409256333062429,0.6229295533617208,-1.2700344163113795,0.34216821477138415,-0.9618559572780717,0.30948735732169297,-0.9764498202947137,0.17887820234032012,-0.8230533413252413,0.18307751272653644,-0.6995407691271192,0.1587706960229463,-0.6245013292065639,0.10210622182135522,-0.47939157075217637,0.13651347282674675,-0.39303872651237487,0.12802182571814158,-0.2983038455740084,0.1473401115156113,-0.205737124034704,0.15823515278025235,-0.16070312386229157,0.15588355785809258,374,0,2,0,0,0,1.0,1,0,0,0,0
171.48939971990148,48.73388547204212,0.27076190016258594,0.4443569197240585,0.056202699444989616,0.05194400906134822,0.18009300138475234,0.1551078099221274,1.341061049032453,5.66941870246353,0.16489942015436002,0.17433482272870787,0.10911551816970107,0.03474857674122786,-0.339197004416059,0.06985671875753681,1.408151254165258,0.5356322933162626,0.5618563936511002,0.11108417480421987,0.0,0.0,-10.915195948230066,1.0601748813732663,1.8449321849638127,0.600945086676497,0.413597044404979,0.3704500680437314,0.39209747853709703,0.28111974661652195,0.12247340643361986,0.215509433669536,0.1665593716676293,0.27424142523754624,0.03412804145780171,0.21643800601857374,0.16822502210832085,0.16270874619611225,0.03668293973642729,0.1592636768050144,0.1039672394295314,0.13859172888010313,-0.00682849627408284,0.12631469843038579,0.04303034807524139,0.11555555864765421,-0.013403555495363886,0.10474443479334862,0.02675433679023406,0.10303950986393184,0.0038941576868273204,0.0924691858363242,0.0057085858264355055,0.09150600073952223,-0.018620697605713603,0.08970616911543071,0.02103142215750133,0.08563342459502624,-0.007174420695059642,0.08025918805038683,0.008696128150063586,0.07274639742716793,-0.000835770249161475,0.07437394530169808,0.0030360547335013927,0.0675352049362623,0.004157205213359573,0.06861413725324923,-0.0058074433172724685,0.06399428439182948,0.005449412862432993,0.05900628033363874,0.0,0.0,0.0,0.0,0.0,0.0,0.0,0.0,-2.1331247870285413e-05,0.0007098582657391145,-0.0002647377427223162,0.008095162380337806,-0.0017653086345554643,0.02000396609971743,-0.011285735722205953,0.04613529925606252,-0.05117347633417041,0.13366098648664693,-0.14462940277939748,0.34675322278580023,-0.28345470715232146,0.6996394383510761,-0.20993260276884784,1.066595194575903,0.13991884140913702,1.4934395172446286,0.47267153408903595,1.794885673317252,0.38827596156420535,1.9194435735670574,0.45179097039535737,1.9219021449186195,0.4982095179631686,1.890392426541104,0.4803072589261827,1.9070770353814746,0.4909004172082388,1.9006277252332044,0.5982112437190323,1.8785924260299969,0.4654369429918223,1.8705610718804355,0.45568613281885356,1.9197716879506679,0.4359212697539962,1.9039426844448832,0.2176307982225978,1.9689897435152433,0.25585722354419604,1.969855148007264,-0.25346526192970975,0.31809504825088053,-1.1024293723539544,0.28693548827712206,-0.9610968144105858,0.24535606252062356,-0.9105180877642021,0.1885496707120502,-0.8145620277844852,0.15532671554424807,-0.7030622663334459,0.1336923078058267,-0.6130593242703756,0.0959378650642638,-0.5157257947458991,0.0924911983227249,-0.42229674272293916,0.10418554678778288,-0.3467564901622478,0.12177199474023236,-0.2675262627610776,0.1378509655465168,-0.20926214541579818,0.14739360315131908,375,0,5,1,0,0,1.0,1,0,0,1,2
225.640148191479,62.76370221712107,0.44451594033343084,0.49691440559997463,0.04965949388146181,0.04720918674970772,0.17311519474634293,0.14910251162815502,2.978383349178099,5.643451699394867,0.1953854686534864,0.2520062960215196,0.1033626173462026,0.03759534936549656,-0.3417482640493321,0.08090486499460636,1.341246853270937,0.5273227485563375,0.5972443415228624,0.1262391356306233,0.0,0.0,-9.912543783757434,1.478224244552955,2.1217039249141854,0.7568968194858201,0.4315650896165166,0.41170650225224414,0.24690902147954463,0.4500809826176441,0.09323216691433138,0.24059827689520843,0.0548262269812177,0.31752952498648,-0.08161995420114361,0.21633589195791003,0.13198985942695526,0.19914053026543668,-0.05598216326972312,0.18916110404613606,0.02157997964373248,0.14799394409352412,-0.025079543007584876,0.1403643752961319,0.012209196148121285,0.1458736278765943,0.03020694747902954,0.1250206832512764,0.04079105933002389,0.11064671285615851,-0.04007750213689968,0.10867394834068214,0.012967813528608757,0.10442239543675053,0.008833225068312371,0.10273551339354997,-0.004811217701365302,0.08961816440589727,-0.023701149321816002,0.08858253742803666,0.03651954201700965,0.08221425673127507,-0.027408115833933357,0.07623697780818192,0.009186505029951253,0.07193845960318528,0.004883382733674173,0.06764161171695462,-0.0012981495619600273,0.06509966869848072,-0.00845155316821863,0.06268265624176048,0.0,0.0,0.0,0.0,0.0,0.0,0.0,0.0,0.0,0.0,0.0,0.0,1.9418624856283512e-05,0.00026748074879276294,0.00035395655655922785,0.009479688534932926,-7.387444803382093e-05,0.026747040803418623,-0.011748017706576358,0.06369385326770488,-0.09852780698896323,0.18395062887577887,-0.27721449363289946,0.5436348717772319,-0.5074312293822267,1.2982901953748416,-0.31082094851482894,1.7761906909631497,0.4445124987745412,2.110780562901666,0.8409868754114751,2.129021956926063,0.9622585079122727,2.026136790828055,1.0714888883983427,1.9833276351022568,1.1367611018727697,1.926269298729372,1.1374587125969975,1.851759379671798,1.1356680326452766,1.854258453995951,1.048399534990665,1.8814286668663007,0.8903615065349615,2.0002350079032762,1.0132842349318516,1.9088282165745178,1.0427213472279613,1.731585105171704,-0.5311673721619381,0.4671028851108661,-1.4171756185434337,0.33872246355339847,-1.1360115552793213,0.25013678950567264,-1.0194014447947741,0.21019231226934748,-0.9183008861850445,0.13389924951678195,-0.7479412885767767,0.11345457016300468,-0.5894259985122355,0.12791865879073644,-0.469060824364395,0.13818912254453827,-0.3263467123438091,0.16402897867851535,-0.2270311744155718,0.1718323146330997,-0.14023495025825972,0.1751923146329808,-0.06455134095946183,0.17523914818713793,376,1,12,0,2,2,2.0,2,2,0,2,0
211.4062530583975,59.799326383053604,0.37902296903584254,0.4851456790514497,0.0684509490748259,0.06153173550842612,0.21876400106381721,0.17559149438061916,4.487546592059037,6.164001740184137,0.1718599314323682,0.16704093582497448,0.11157833708486724,0.0339571396722678,-0.3505994655415091,0.09666876000097903,1.4601693728873533,0.5654702918671337,0.5681641908138914,0.12126191225171283,0.0,0.0,-10.607304045742335,1.208173031151345,1.9837707085026688,0.7716173829758913,0.4925364105457506,0.42471775304048637,0.37944410327400685,0.31378274524627875,0.08894222681072418,0.23640773965334103,0.14809845426722673,0.2536523076365782,0.007579805648010631,0.1796995458544835,0.07374538075509543,0.17753963181433569,0.03381286172432114,0.15423513355242552,-0.010472567967817753,0.14523833366868422,-0.03548229599516476,0.14646904523818968,0.009656311629674653,0.11506106093477941,-0.014098977781197685,0.10623536567326532,0.025682351473818234,0.10456789744591545,-0.04679898791704866,0.11364478276287648,0.02625722563966695,0.09086245027582789,0.02526891268700311,0.08397462374875499,-0.02674436203068034,0.0810109209731777,0.017306354650819988,0.0753957949825789,0.0031256771719423934,0.07220846242417028,-0.0074000346385241405,0.06800405469518564,0.005131974112868984,0.0630066347681277,-0.0017559809797703851,0.06053298870289776,0.001502221964437067,0.059798147938114304,-0.005190738733523651,0.05774492405783162,0.0,0.0,0.0,0.0,0.0,0.0,0.0,0.0,0.0,0.0,0.0,0.0,0.000523334665366982,0.005222394289272472,0.0014811012927274357,0.018838811427035213,0.0020681288177401137,0.045066232839228504,-0.004840124824749193,0.11868299772993776,-0.043150257322520265,0.26466612789272137,-0.10682972764578667,0.8137572184054628,0.13715728268452287,1.2865153178876405,0.37817070095728467,1.425717245639719,0.4392758798883016,1.7242191031088336,0.4385888783941098,1.765185919305602,0.4215995783434589,1.7891835753698873,0.4403852563126213,1.7308717569832086,0.44924869970261394,1.7213423528114968,0.3731079175486142,1.7361313514650736,0.403663354881624,1.7280179060379914,0.35146223509406693,1.741490231178428,0.3372815366730659,1.7407415333017977,0.1551279155623318,1.77310011917288,0.21791902962045756,1.7270438643975519,-0.43203720892860864,0.4014065755925259,-1.3536664042580417,0.3513972483124443,-1.1030744822616712,0.2677207485994035,-1.0146188675610364,0.19942288751906456,-0.8633557413864235,0.1739757243455705,-0.7294179998755562,0.13428612386176506,-0.6046682761895943,0.11345975640829424,-0.46725975073008563,0.13151014811645526,-0.36860947035516556,0.1459287352064328,-0.252565206363763,0.16377726596837383,-0.17909990272196563,0.1701177736900521,-0.10884881538151786,0.1698433997068317,377,1,16,0,2,2,1.0,2,3,3,2,1
115.81207775748685,32.22072175029406,0.41067169615503596,0.4919581987457336,0.0631843672576604,0.04993811349481035,0.21297712756773146,0.16173542008224204,0.15885627198621097,4.753616930678825,0.13248643692673215,0.14402402558850877,0.0944388983149218,0.03146866162187994,-0.36379724777664674,0.08545953685213546,1.3048059382889763,0.5365427656545817,0.6108303372950533,0.1296520639638283,0.0,0.0,-10.048270100489976,1.4405882002155723,2.124559273925466,0.8379778746885095,0.2985490528181201,0.44268977125459064,0.5229957034990871,0.3706911849307137,-0.002987041150335798,0.2748261224378133,0.07890799739297827,0.2642931100036453,-0.02348736410025986,0.21392905250016822,0.04747196717205641,0.2242449840383394,0.09859567670803829,0.18160904709768685,0.048222565903370956,0.18433970016595674,0.004270294259128701,0.15151999026374804,0.10116112484114502,0.1516947955646838,-0.08745193358326397,0.1985582735695747,0.0976710509653605,0.1417827861294565,-0.04163359402766618,0.12768383105642792,7.661589258050666e-05,0.1203950269154355,-0.04115821243457275,0.11624996702045583,0.04327318569294076,0.11240567332593837,-0.003971095059351037,0.09972807485122276,-0.000466034972998034,0.08973857839115845,0.014643137145640611,0.09035089845935124,0.0001917477225238251,0.08784814330337795,-0.00953031393897155,0.08206628108079635,0.01627788380999491,0.07379546339851698,0.004528523432428225,0.07031404217560779,0.0,0.0,0.0,0.0,0.0,0.0,0.0,0.0,0.00012004553625333048,0.009227640915495173,0.0006394859411166259,0.040168654486380455,-0.028725056832428222,0.10486237883485912,-0.10499578911977768,0.23203417717495975,-0.2820320839154966,0.39017059496376794,-0.6318788167198943,0.6992585264388729,-0.8488088149333923,1.3524792633858647,0.3058831155630692,2.0856630726919554,1.0800791284471456,2.024128125385742,1.1499979058023733,2.0393195436890386,1.2300699901677405,2.003760469747334,0.7871412120190292,2.1936884855348016,1.1287305891121457,2.0175573038194385,1.3406143892110223,1.8985717585410384,1.3161510518371604,1.9273266689042674,1.3232499814294623,1.9318653984926955,1.3735831038659103,1.9026230541002302,1.284908334572803,1.997939255143248,1.3781847788279493,1.9078983848725695,-0.21188027197896397,2.345093185455794,0.28279211347139477,2.4241562802770638,-0.28547602594898464,0.422995777426411,-0.9031268797712779,0.28423437573249627,-0.7145670880430132,0.18182725862313562,-0.7286477689029927,0.15033575753750159,-0.631218383802852,0.14820686490779156,-0.5820482695588219,0.1341005063864306,-0.5410847253591493,0.11533181472405205,-0.4677475775129878,0.12746257819597237,-0.45718820154107914,0.08220217802633473,-0.3997889213190432,0.08411520457434353,-0.3576732472428624,0.08914770404106363,-0.32900155770246187,0.08660024731674552,379,0,2,1,0,0,1.0,1,0,0,0,0
141.8948886176381,39.00050342144406,0.4627860848336893,0.49861446927377095,0.05534684761396297,0.044698856625959904,0.20017307592214367,0.14678307810055438,1.2665223180912064,5.18989869457282,0.13607122240268846,0.16105437202948994,0.09772401718502698,0.0387810307718897,-0.32639089387196724,0.09334523155547543,1.2240734437493643,0.5464261013640035,0.6261694361204353,0.14674205480983285,0.0,0.0,-9.715383323670023,1.7679160112209584,1.9393221195509105,0.8170420300756589,0.275200338601593,0.5012501669837128,0.3636716425967607,0.3693150930380213,0.05392886426787559,0.29317590982387726,0.0736868876342488,0.33935953277931885,0.007581988595268232,0.22560298538345064,0.11192755409092461,0.18952917430100807,-0.03094183206297408,0.20736253237049082,0.16346903546898028,0.16484034512247545,-0.04409232388376384,0.16086017886874057,0.08002759060279371,0.13730182104326943,-0.07459467465339392,0.16527136037622883,0.07130554311917557,0.12372143923615081,-0.01733168888731731,0.129066502338616,-0.03747674657870848,0.12454186334222168,0.04710106838190815,0.1181372748555797,-0.009128502833909214,0.10993546461351814,-0.015003094833252614,0.10158470892255489,0.02069364618807553,0.09355400650976582,-0.005042942886660411,0.08926009995321478,0.011522682576306075,0.08588118726807245,-0.005514512958591496,0.0791020965693506,0.009609774449442682,0.07544166566573374,-0.008653654384053097,0.07423937011770966,0.0,0.0,0.0,0.0,0.0,0.0,0.0,0.0,0.00017905817635963271,0.004707194167947739,0.0009035178755148864,0.04225395220634582,0.00024251143244348423,0.09578026019449946,-0.019264092771499604,0.1719304291266724,-0.12877083859091698,0.2764146570012589,-0.3561959699552187,0.44344651234565946,-0.7209429840218802,0.8343077274673424,-0.8748866766860508,1.3763517644992587,-0.28971090521341164,2.1812742148889632,0.2967004371180551,2.424488617021262,0.1691329060565253,2.4501212386971103,0.3633059369760924,2.4103610164090017,0.3497085722907746,2.418412153805503,0.6686411401034688,2.370955422630316,0.7254675512809072,2.3588026545655256,0.7344247304871174,2.3587114542845184,0.8541232621650394,2.3179452638471045,0.8120766129038655,2.342146791657421,0.8680775715640222,2.318328714968967,0.20501441364929812,2.4058711549346254,0.3304546981279473,2.4230999370359094,-0.49603668166156145,0.6431060012123546,-1.0619702936629032,0.3500804341741416,-0.7952999628203844,0.23548913534338192,-0.8160706006510017,0.17962715045160677,-0.7017193167936632,0.18608391036357116,-0.6073849845004474,0.17104979351624605,-0.5666312777281558,0.12684479179729147,-0.47143883217608074,0.13915842205754017,-0.4253037289020954,0.10716276057346788,-0.367235433720003,0.10490209901588456,-0.2983649666372831,0.12071102583901135,-0.2655399172662598,0.11620158367959545,380,1,10,1,1,1,2.0,2,1,1,1,1
118.55550353437988,35.282080205277424,0.3143303038648673,0.4642507324018567,0.060070296222605526,0.051474495721760334,0.22319837243694388,0.1916131687346001,1.6606498523479847,5.129947504555207,0.14024710265670798,0.14273187519642241,0.09933004674717708,0.03184924737544666,-0.3577581764228403,0.08422668619921608,1.424226974295419,0.5073628624827007,0.5860132293215827,0.12755990313135848,0.0,0.0,-11.14198131368769,0.9825832153804718,1.8518915846595427,0.7215068969646631,0.4514130384394657,0.3141710090229978,0.3448399480257754,0.27592444326504,0.11961263497066281,0.2005421748806954,0.17884323980083633,0.21369793359754685,-0.07906021428209768,0.25126179132307697,0.1588781987631534,0.15702006427334075,0.029213178171742404,0.150159540784892,0.09433179672959609,0.13444231239866747,0.03136708563688828,0.12052373982587561,0.0634734266803571,0.11868038960313815,-0.00011173543603874103,0.11390695717932957,0.02387139230315065,0.11876686082006492,0.015160574116350132,0.10083042787748162,0.015451800872684938,0.09886763402989981,-0.016888219087146883,0.10721073552369796,0.02363124667267722,0.0906606260926943,0.016714540279184984,0.08913952691772124,-0.013778697778037271,0.09066392688334135,0.013227401559154844,0.08535719803814212,-0.007480543990254291,0.07730315438526109,0.003190892415252915,0.06991671191491677,0.003430461913158725,0.06744430459476632,-0.008753333806778759,0.06595337574110909,0.0,0.0,0.0,0.0,0.0,0.0,0.0,0.0,0.00020123134220779404,0.009098664801371503,-0.0002506547183296154,0.033870489017748286,-0.019064417876283945,0.08047713225977986,-0.07055339659744271,0.17312333659607793,-0.1944368562353089,0.3991038205282585,-0.49737756935276783,1.0411458661124122,0.05590974743935739,1.6162242853862399,0.7267671358476434,1.6196469056763223,0.8634380216478655,1.7854256185810664,0.8077055234520611,1.7998239883564415,0.7894410764564491,1.8390915730783832,0.6576126843105939,1.870272135300639,0.7683752525885432,1.8114588546951158,0.7675477027198384,1.751565774401677,0.7195415966427614,1.811255694185983,0.7733387111237949,1.8144947021868314,0.7497306335172405,1.8494669508368415,0.7571405526226567,1.8752953890398913,0.6555785673980629,1.8956050484571896,0.32898759571698344,2.0512804829238926,0.512056725002341,1.9632677786732915,-0.14232652917555944,0.3089224704108945,-0.8633205899384925,0.3252772511674845,-0.7243976832653997,0.1807899364769534,-0.6704525404204534,0.1551923022076924,-0.6184043218780869,0.14642234971716125,-0.5656378610705958,0.13164802088269728,-0.5224745941053888,0.11242393263915909,-0.4826851542981732,0.0909148579494714,-0.43371066945561376,0.0823771161643877,-0.3981450160759204,0.07481559643472643,-0.3545340093691768,0.07968072722141005,-0.319598449786909,0.087752840006832,381,1,16,1,2,3,3.0,3,1,3,0,1
139.23842196580887,41.37646558646798,0.3392300319101178,0.47345088136983726,0.05129958865155,0.04693643881535455,0.17843531558765574,0.15381069743550035,1.152102861973471,5.336212361554953,0.1562721249677865,0.16217663198547014,0.09843378406418424,0.03253811444800603,-0.34863331080102894,0.07775386353393154,1.4652876752933186,0.5843473449067497,0.5728601883060944,0.12233506802859509,0.0,0.0,-10.830766723692351,1.2348797576964954,1.970540729813975,0.7704987121491206,0.3689862526073963,0.40476918407667134,0.4233078420715975,0.30370901954362356,0.07427476904792585,0.27606426691973596,0.16701347317988,0.21595131422189776,0.0004055121955064985,0.2161999408637287,0.10105481017978378,0.18360946624570004,0.016457225051271306,0.162818575176122,0.08647541443842197,0.15444011529287452,0.04064129722084908,0.1275683645853811,0.03002556311452286,0.1345424559734584,-0.028492818710345914,0.13132255148152225,0.05725086418522744,0.11778995283988711,0.013447842436293815,0.1126986084021426,0.019324693405307028,0.09818828757405076,-0.00668284659069996,0.09397933309405672,0.04345196672883316,0.08958426371840952,0.006489420764144189,0.086561848588447,-0.0011033730612305414,0.07793007524453674,0.0010921916552644418,0.0762884275353839,0.007623897417266009,0.07249276974311199,-0.030823113449774203,0.07659805349048782,0.00998738800100705,0.06897594465026356,0.0050106441932501,0.06547655646525247,0.0,0.0,0.0,0.0,0.0,0.0,0.0,0.0,0.0002573554656129169,0.004306801647139889,0.0004800870545055266,0.01836801373537184,-0.0016660984223567012,0.040118042409970314,-0.014364845640599014,0.0981695529885671,-0.05054433221910312,0.23739324511288684,-0.14984601516409304,0.5529483006668063,-0.3114072945797729,0.9778387726611956,0.09029114850466882,1.3904202608813148,0.2582554922279207,1.752541625284016,0.42196328570856234,1.8685496353583932,0.49449979432520413,1.8430143793007296,0.4611789998128831,1.858068094427191,0.4370368459346874,1.8665637560100479,0.5490290671980029,1.8297199253659688,0.5047024584971487,1.8411437374092663,0.45921613206794915,1.8832255419126405,0.4555780718432885,1.8725791735765374,0.4106622937082955,1.9002720222669045,0.45443644901888397,1.8998125783380342,0.19161104878159163,1.9166301620150739,0.2033915254271831,1.9207432036622833,-0.2653505033386525,0.43911308878702787,-0.9945505765418167,0.35503094191137496,-0.7904309608705518,0.23600897577592586,-0.7718219092272414,0.1966688545524549,-0.6905387694254966,0.1825314989866632,-0.6456084177426079,0.12965518584210733,-0.5716785846746988,0.10958406632116714,-0.49027072025685836,0.10954358630843826,-0.44473563005691646,0.0886388247983263,-0.3671180571828461,0.1033832506500068,-0.3244592727312149,0.10902776874796416,-0.26762739482620507,0.11979996690067721,382,0,0,1,0,0,0.0,0,0,0,0,0
121.89875539584109,34.73324936017653,0.38226292993258393,0.48594208204261047,0.05839633482618584,0.05231829838043065,0.16858413817292034,0.13177248757412893,0.7548361185000921,5.437436637671168,0.16323772909560078,0.21529267315622178,0.09932276530702427,0.03400256711174081,-0.3598272836905069,0.10295996775886146,1.2830193056803327,0.5580439325083713,0.5964667031867417,0.13721888779823763,0.0,0.0,-10.491535934293081,1.4647526595235822,1.95411300262908,0.8052960548495738,0.43652872687047795,0.3894699945086739,0.4766995198348708,0.3168109101475845,0.12320206846886306,0.219252462959078,0.1712538594005646,0.2484354455666219,-0.09186308447934226,0.26498912609331593,0.17823927210984142,0.17388539222227248,0.01977797375115659,0.1876210897321972,0.08836521504292935,0.16324632728337915,0.013451432020222481,0.12432333479283075,0.04194705021432536,0.13745887935659265,0.0071171810454002974,0.11510655494471575,0.007285864098134969,0.12363557810900237,0.010382843404985239,0.11425735506660081,-0.029497600389439858,0.12031373866083805,-0.002309199465016178,0.10637137902811675,0.038194969283388475,0.09567406683716888,-0.0008424205697130178,0.09329296413371696,0.022251631869910228,0.08693534523356203,-0.002642911202134233,0.08024881722645547,0.00016356805581333857,0.08091798640117306,-0.00023516001603326244,0.0750116948357956,0.0017323483686285251,0.07231816349225882,-0.002730454386295842,0.06752183246582734,0.0,0.0,0.0,0.0,0.0,0.0,0.0,0.0,0.00013121661558772486,0.008162235449148528,-0.0003449422323087533,0.02318940419334397,-0.015933409284056902,0.05049665403436497,-0.07595001432237221,0.11997753662817102,-0.20321764758913533,0.2536876437773763,-0.4559395406871486,0.5470692949572755,-0.7441280316107967,1.0020107572277372,-0.6439926443087844,1.7186773819804213,0.34453775940554815,2.235917565804196,0.7976265220568844,2.0375621101012826,0.9141369718658034,2.068602830010597,0.8542885447124839,2.0777703959435043,0.6414234166864459,2.163287389210423,0.8028308196003828,2.1499554790820317,0.6981073542307557,2.1623900615147704,0.5950306071635515,2.1876007614020216,0.648169537265764,2.167759839808431,0.35471537272205295,2.2196410772087214,0.3433388196183798,2.2088412467029013,-0.16827949128826755,2.1291102143056655,-0.4253436600439701,2.1357055012807833,-0.24647259285501455,0.37092741056430223,-0.9792100197500567,0.366780810743058,-0.7832663956511894,0.20201743329300315,-0.7267559544521623,0.1714748327940694,-0.6497656310391422,0.1636465473331026,-0.5888498892899036,0.15094369286175147,-0.5339571113794362,0.13420396456704914,-0.48819796368100454,0.11513048100617472,-0.43470533636588726,0.1007214716343355,-0.38300917565918796,0.09330895746605121,-0.33694971046912237,0.0897990350080416,-0.2866051707083836,0.0920474149114963,383,0,7,1,1,1,2.0,2,0,1,0,0
226.04451716358076,67.88107195942928,0.24799090078499375,0.4318505427621633,0.06258556818760772,0.06136721664476953,0.19862914236245827,0.18606664565293038,2.9208075999218366,5.295051213216982,0.16591162152880795,0.1747813899239595,0.11590960814100054,0.033423821314867944,-0.3442185737784117,0.05952952768878346,1.4549330642725289,0.5400765126150705,0.5420744645820514,0.09230960009397512,0.0,0.0,-11.250265368909774,0.7794382024096137,1.7658802012530066,0.5730712536830562,0.467737538469527,0.3297754599425719,0.3461648970884936,0.24676993990290358,0.12843061355822005,0.18263039900385747,0.15360508363451364,0.20498014771105436,0.02336199747691634,0.16452074050374854,0.09488805966102999,0.1406198082402643,0.00870140670393802,0.12051342484260236,0.04619088441474521,0.11366602208627194,-0.01417850592388171,0.10443617055481202,0.04092183042066155,0.10168752398672633,-0.032147037343927945,0.08918711768256392,0.005028067519699427,0.09270078324407659,0.0027475900744811763,0.07935468739421384,0.005553538292334658,0.07582359246081467,-0.009085583051913817,0.07119878367022978,0.0022405151070276517,0.0667931005323064,0.005733678417460052,0.06551107904961369,0.0010534379799949656,0.06053977395029205,-0.0070530448150193,0.05873354814865561,0.0075906406816790666,0.058039250460789574,-0.001419512077656579,0.055063144508271565,0.00267935283116593,0.05335733495180698,-0.003926043753027166,0.05257097756494433,0.0,0.0,0.0,0.0,0.0,0.0,0.0,0.0,0.0,0.0,0.0,0.0,-4.029895530551359e-05,0.001172171399334428,0.0011821850757753349,0.02042281463936537,0.008053438052513304,0.08398795290690968,0.03471251686208591,0.34988862138329574,0.1013548840239201,0.550427900858783,0.1057651972883873,0.5401005534256681,0.10404160027305324,0.6978577799433815,0.09924764795684399,0.9846384566498324,0.1349660744228152,1.579962536764169,0.1510726675981729,1.7939775275125456,0.18394100146202758,1.7833912388283844,0.18865412829576184,1.7850839827143328,0.14107766748419756,1.7644928817144307,0.20638786686472746,1.742195571883034,0.1585258581343626,1.769578694646327,0.06554084227681749,1.78164834736693,0.11079671705254418,1.769842144857589,0.1069626735770916,1.8085694948615387,0.1522026560819862,1.8452880663036098,-0.3172885076502396,0.2516898380945431,-1.3047991641401429,0.300385210913369,-1.162207934645634,0.2753632642394936,-1.0453395455294512,0.20771557245559916,-0.8988875542764445,0.15600395064640107,-0.7418724658592978,0.11330912459548925,-0.5981509105739218,0.11112077754891397,-0.4639886890246313,0.13989858576714878,-0.3524661655470959,0.16928222427010217,-0.2559731288235778,0.1886029675220065,-0.17857197415000656,0.18977255896898093,-0.12189522105635546,0.18800383983058427,385,0,8,1,1,1,1.0,1,1,1,1,1
213.0433900000962,56.67069130802801,0.4862085221423692,0.49981216325970146,0.059495051539432846,0.04783277098290088,0.19321307646244124,0.323241926969532,3.912145521186279,5.562163196561404,0.16715882147546202,0.19536354020137342,0.09906192907928535,0.038404279093559035,-0.3268910050822101,0.09115876597393967,1.2720646427300102,0.5497590174279201,0.6199030830952174,0.13859260550522623,0.0,0.0,-9.837079382534322,1.4109677091857187,2.1476195855742293,0.9176062365450531,0.2710307680718003,0.5860069660435187,0.2770544784520728,0.39707455578761475,0.01769223080797837,0.3030933537885716,-0.002149054630706845,0.3119265117343025,-0.019606869877547364,0.23543722949443555,0.06590300215128776,0.1963485555579382,0.009973774598112967,0.17792799993052655,0.04856949683239886,0.1470122682310201,-0.057208427923180455,0.15655517207081263,0.05209024994552775,0.12237179216635884,-0.019896124103588573,0.11376571517480852,0.040395205030317204,0.11515175083553285,-0.04617847414151104,0.10946011292521984,-0.0025052610369690493,0.09551964807429317,0.026504792092134768,0.09870866024896122,-0.008031636444019394,0.09358969937658926,-0.006763700116551697,0.08884669753636253,0.02238237124524211,0.08711480643719191,-0.023279985383302056,0.08144283022736169,0.012723881765790012,0.07648457239740357,-0.003153608068590931,0.07227320092298772,-0.001195888668106907,0.0673914092603939,-0.003775705389591306,0.0627910315689394,0.0,0.0,0.0,0.0,0.0,0.0,0.0,0.0,0.0,0.0,0.0,0.0,3.196074965267796e-05,0.0015776695360908647,-7.396467635132432e-05,0.009674955889693708,-0.0014121036131030393,0.02572441045924608,-0.025916264345135,0.07178981274349609,-0.1814843035521091,0.26876674087027,-0.5363143551190579,0.7734490894366817,-0.9223988116377464,1.278581957243925,-0.7336142386775769,1.8734539375188333,-0.14179538002533168,2.3518379835369934,-0.37740341645608577,2.3876177219414876,0.02478858206414214,2.3876844984888135,0.5705430678162612,2.328426372429105,0.7161652928825969,2.2676471810543943,0.8523872194479946,2.1670968023769928,0.8475276963686187,2.1550093547338722,0.6744456639309415,2.233013946900456,0.7441721549497502,2.243844914497541,0.22620103239653264,2.3134842672677025,0.677658353769167,2.208470321227573,-0.5834445777927477,0.4770053554207051,-1.4728527481936868,0.36041550512062515,-1.134290134345446,0.25468163199645144,-1.0313583221923976,0.2012693731529388,-0.884417201473336,0.16467811037159344,-0.7311435602461974,0.13316672286791428,-0.5938407123118885,0.12137077864178207,-0.4433195929739948,0.14714786013763687,-0.3360874603642143,0.15485791280397038,-0.21500106041929287,0.17043753098110662,-0.12841018789212988,0.17668567338297994,-0.06009179597770756,0.16866698418549228,386,1,11,0,1,1,1.0,2,2,1,3,0
179.59587829790306,67.32451198452597,0.17076310438998568,0.3763040926791659,0.036464079341618834,0.043154839671145605,0.14551920132774385,0.16339939325839772,1.2303443925829334,5.010156415691409,0.14137422893414062,0.17672651584026408,0.10180491467084972,0.04312111544702137,-0.34358790466669076,0.06526460036011827,1.4823976335703375,0.5734147042145397,0.5292119883062043,0.07080752167205102,0.0,0.0,-11.120704442920564,0.9826476555458841,1.7603222133290024,0.563963488553165,0.47190273085604534,0.3438485289131597,0.40134056034570076,0.25484470440822826,0.20794160736681588,0.19355361102727342,0.19698571638816303,0.22480788142716945,0.054971591549811724,0.17578361595776,0.14504289092630865,0.15491537021440677,0.03114003904145162,0.13964112209701257,0.0871774136659316,0.12557278302885708,-0.01142628975711914,0.11893590199182683,0.05698417689475837,0.10940082685348447,-0.006192807608748332,0.10359795322142301,0.03745535729444063,0.09755091311604304,-0.010812170937304173,0.08984750184904115,0.005287422232024879,0.08487190762963878,-0.002801553339554385,0.08638566996056639,0.015334841454750543,0.0787873788966718,-0.0021164854964525327,0.0780365815288832,0.004155690436061694,0.07084741223530379,0.0018151043822782092,0.07016568747811891,-0.002627946730159647,0.0665872156770736,-0.0020118340777215142,0.06209338626957669,0.007177142896363255,0.06002670447069712,-0.007338193346049733,0.057511498909899324,0.0,0.0,0.0,0.0,0.0,0.0,0.0,0.0,0.00026527088562648427,0.005142711884824406,0.002507830259298537,0.026620049453567485,0.009177110902997918,0.059520789293522586,0.019409147898771913,0.0999315590909784,0.035744750473498524,0.16235028028947376,0.055971512005322716,0.24653164122631024,0.047425599407979205,0.31803682598647154,-0.002060562996760146,0.5258785046585099,-0.05060692021522719,1.0466449694673832,-0.05388634096205533,1.4210084709646247,-0.09549348356752083,1.6332042483129696,-0.06546488610091676,1.720177942363182,-0.10355264964048798,1.7215100931213478,-0.11486809956694459,1.7631418452430085,-0.14559982779663383,1.770000542728576,-0.21393493553617615,1.7596950988970392,-0.11805068237351572,1.7351600083365568,-0.07619465372754658,1.7219675070486273,-0.02654722193621348,1.716274618985311,-0.04861269228517463,1.7237568132709784,-0.006363396655345818,1.7574855119767483,-0.18466487099365142,0.2447816184554855,-1.048867595673777,0.3377768024646326,-0.9570800717905221,0.29117130812187086,-0.8832897591463047,0.23576305119076718,-0.7903766612288111,0.18031217253454063,-0.6859014897077754,0.12936068272081225,-0.5857572226108926,0.10235760468428733,-0.48857965232305905,0.10862717040428936,-0.405558851159346,0.12615521953377473,-0.32752505439189855,0.14600313308329718,-0.2653461711877708,0.15667096411708512,-0.208486512932176,0.16328137005386442,388,1,17,1,1,2,2.0,2,3,3,2,2
162.17247872931944,65.10910486357812,0.19361302573463843,0.3951311933522836,0.0460924397940695,0.050696326738480436,0.15026131842570106,0.15884670265493114,3.34960104071758,5.8755623915237205,0.1597564981811433,0.20580311109410754,0.09995277889580251,0.036313986289728865,-0.36423134144313307,0.0731115942661194,1.4672669655577586,0.5601255792913847,0.545668121255993,0.0887632292132017,0.0,0.0,-11.172408862870991,0.9471933085013554,1.829301241091104,0.6183721889483755,0.5963042995045857,0.32562263803652414,0.4525859377790892,0.24470225933981188,0.19001246517575715,0.1838327073202483,0.20097368929876103,0.21437312985837148,0.03091544171576811,0.17032338652318413,0.15886873240376417,0.14437561648026784,0.05388890044361691,0.133810493495319,0.10836723309663888,0.13242266438939057,0.007885039158490962,0.11545676467961657,0.04924797323441496,0.10776946794612217,-0.015019581753171984,0.10209997875259606,0.024132583495603502,0.10290576461257253,0.0038084025411628322,0.09022116553606509,0.028470360435160248,0.09054238842407819,-0.0012514376714857476,0.08869461696027625,0.02035499380663771,0.0845869854770921,0.004028460046870089,0.07636106608874614,0.0013519985712093078,0.07479811434109866,-0.004499857468686935,0.06968932873901487,0.0002013394612238904,0.06663522705962241,-0.00675650448677483,0.06250464982590284,0.0028941143032519224,0.0614193382739319,-0.007273922394761799,0.060908909769432404,0.0,0.0,0.0,0.0,0.0,0.0,0.0,0.0,0.0007047918039815986,0.00969899614525684,0.0016891668720470522,0.034181987876627386,0.0027615104909076683,0.05722467327820621,0.008622775604954721,0.09274267156284714,0.022072932428343565,0.1666070200966153,0.06823778427604445,0.412587187616141,0.10140186753548884,0.613543733627509,0.06462593856278388,0.9060008008353917,0.15788249155326636,1.449802040054505,0.10881750563654674,1.5642451326671578,0.1115332124252877,1.7282490894918618,0.14426133917925493,1.770005732325484,0.17471111796068992,1.7504608825768893,0.19295986072211202,1.7522451658821028,0.16316398623480108,1.7629059791868318,0.20870155028977433,1.7562884338273972,0.13161441138174754,1.7539618032020305,0.20575118606720594,1.7662436941902162,0.12504181743447795,1.8032121501454375,0.15291676286257727,1.809245737110213,0.18479047844354216,1.8040764499380801,-0.16093631003251502,0.27199391222059177,-0.977451899191137,0.34391910649676005,-0.8703080266620506,0.28460732672961603,-0.8078203295040861,0.2327068971473128,-0.7319287689264471,0.1875228486894517,-0.6454424360508398,0.1435002546790659,-0.5710622273264512,0.10322932474026482,-0.4922002354168634,0.09631095170913943,-0.4170534488970405,0.1079378509507678,-0.3529579144987044,0.12169622224648086,-0.29472213902492367,0.13243041739006214,-0.24477045209341572,0.14117436444695694,389,1,14,1,1,2,3.0,3,2,2,1,0
123.96632244654269,35.676340058814525,0.2859975381258799,0.45188986653657703,0.08023124757316778,0.06606478044743229,0.22076532599857304,0.17281549452405667,2.9979377441473734,5.343237021616875,0.1402365367954256,0.13559539655401392,0.09981272648851984,0.031451005065690915,-0.37165498376652006,0.08630869859579236,1.4743263281221208,0.514861862600791,0.5851522325660247,0.1260621437639716,0.0,0.0,-10.957737327613529,1.1136179267493262,2.013731992090131,0.7311295974621709,0.4503621147673287,0.33246912976629434,0.32040266434613585,0.3137573057030895,0.17554592414744047,0.2134701594543584,0.21295003383203384,0.18538617712774813,-0.006806558654881363,0.2137619538150015,0.07887264960790454,0.21096685885931477,0.06994672856005706,0.15212245949287706,0.10719073819271788,0.15038914049859953,-0.03754758019569394,0.17845622790824517,0.10057529533061348,0.13802046054458592,-0.025795704855171478,0.13643861472155197,0.035802376343204406,0.11949668825034647,0.013400159562837495,0.1146456688778472,0.046492489678226855,0.11838855881709802,-0.02652125766308324,0.11129866144412964,0.001970407989840789,0.10094465372850966,0.008239252876868554,0.09382085225204434,0.005316502608940877,0.09098715719217752,-0.011794974892895058,0.08452953076689372,0.0028170785723916295,0.08092146960641104,0.008676980334869645,0.0751469291257117,0.00019342071520796913,0.07173433275328354,-0.007293349008189913,0.0683452380935749,0.0,0.0,0.0,0.0,0.0,0.0,0.0,0.0,0.003089241016156926,0.02370467457642736,0.007721292518439062,0.0652381618739238,0.0052687700957262905,0.1439508845643445,-0.045826952419550704,0.20620522413168396,-0.16113361892162995,0.30361105683793566,-0.3813852702932321,0.65169275334034,-0.28042392015674916,1.3168959318301896,0.5074902116550355,1.3943373499847322,0.7362600707641097,1.7503392614179512,0.784978279680583,1.7308963102626431,0.7987775441556361,1.7507252353207872,0.6920132094076982,1.8101825465604198,0.7746817139996685,1.7513593205100695,0.8107855699521629,1.713097814997849,0.7171511623520996,1.730301205334079,0.729271933107971,1.7366479694018349,0.591743512007592,1.7773410929849542,0.5848582379409888,1.8096004914307497,0.6137104518425432,1.7845952740104665,0.349589187990182,1.8281327171553772,0.609697129917822,1.8301647335975557,-0.1713891965742771,0.37941672064500787,-0.8916547551172339,0.34789077335131197,-0.7428444536511656,0.19437381253140115,-0.6814680037430069,0.17554012487430765,-0.6371417716134121,0.15465627456438896,-0.5864897184260959,0.13405656443889621,-0.5236353594113615,0.12591082933051578,-0.47312546737295186,0.11031409352233904,-0.4417323351305015,0.08038502607457144,-0.391802570516109,0.07709842036458982,-0.343775627194424,0.08934991857248643,-0.30806022993731796,0.08570306059060717,390,0,9,1,2,1,1.0,1,1,3,0,0
248.0631377738568,70.34883582778522,0.3471695338920747,0.4760737140099532,0.05757657925976577,0.055018687349822876,0.19217576533900896,0.20131360229493545,3.709960001386179,6.09736559762129,0.17998675369975,0.1982885263965091,0.11191951692236435,0.03625853680495677,-0.34199588031024847,0.07177353882703459,1.4242264697838554,0.5531145551469198,0.5556894447875311,0.10446813674998137,0.0,0.0,-10.54778512130569,1.3406919898967686,1.9585826737716514,0.6550047437360914,0.5306168055932804,0.4529629125083628,0.4150792918021026,0.3074607933826841,0.10651674272532276,0.21917943281917016,0.10195746619601087,0.25241423868436397,-0.05250204585408029,0.20511601194036716,0.0798623118102632,0.16357409562831648,-0.023625006525507863,0.16150111126800973,0.06530384419675929,0.12773764286518738,-0.0258456397900147,0.12687845359980585,0.028166398162743713,0.11427180431085299,-0.016163764633709745,0.10199030045194374,0.03724744508111161,0.10386262336027056,-0.024934179033710924,0.10049238703881999,0.006629531290852816,0.08899672506329795,0.007447437533370827,0.08881349210969523,-0.005739395591823852,0.08544725780454504,0.0005541718716115284,0.08098755712963794,0.004283600237358918,0.0771659738700661,-0.006725567202034407,0.07341813752023726,0.004836425625224231,0.06803157308504577,-0.005671102171156492,0.06418061349542205,0.006539099614667107,0.06217932190320912,-0.005264327961718864,0.05888833996597543,0.0,0.0,0.0,0.0,0.0,0.0,0.0,0.0,0.0,0.0,0.0,0.0,0.0,0.0,5.1538350274609184e-05,0.0038102019512648902,0.00015821607100852797,0.014779494494258869,-0.00246514103479031,0.03853561776609183,-0.03371539408530579,0.1390575685834675,-0.09880295414110263,0.3683651305441154,-0.19000729503999117,0.8424472216938619,-0.0005118564666960736,1.1888876681625238,0.10128965495127187,1.6170638260355321,0.22721740700222026,1.9136317466995811,0.4295101901549198,1.8742431513955435,0.4033328418939861,1.852307098206349,0.3564665826193208,1.857185490155985,0.3910777287576092,1.840506513202586,0.406715953868637,1.8730762827461755,0.40367102534861055,1.87678037558915,0.30150972215525657,1.9255070028172026,0.35389621472974564,1.8792003131744992,0.3370811689382737,1.860482402338992,-0.5311927305144831,0.5436318306909816,-1.460471936818115,0.3619269343423018,-1.2098569529333922,0.2853588312082307,-1.0926377991030731,0.18779780410062452,-0.9205051830466107,0.14955312120650538,-0.7333103037175416,0.13472367890157974,-0.5580864008058815,0.15503751671841978,-0.4134248380002794,0.17856233947984274,-0.2825671468813557,0.20323350880199625,-0.19101794250544923,0.2018854086116538,-0.10997981853304513,0.1989007465663112,-0.04552294187686517,0.18602662158438568,391,0,9,0,1,2,0.0,1,0,3,2,0
223.45588751124734,58.91982920476584,0.3768891735675832,0.4846104683019809,0.04459275132271903,0.047780963840909026,0.1572080727881121,0.14913413339382905,2.826578300214012,5.272840372771543,0.19911976710463467,0.24861985738990286,0.1075259218770493,0.036461200835038676,-0.32508627812579954,0.07419707130551814,1.446676455292736,0.5753398926911921,0.5609322633481264,0.10886754543858104,0.0,0.0,-10.704069111344952,1.287987402699954,1.889626029171127,0.6610948217063094,0.37046480863164055,0.5245086645349809,0.38137075473517257,0.30008233820495284,0.0474172578088774,0.2665944897558769,0.11120942160173859,0.2575492746843055,-0.03771630238691038,0.2078313991543653,0.10906408678037088,0.16553787136217815,0.027337970490214577,0.15721583135602504,0.026666676262636226,0.1461495748220453,0.022356502286921046,0.14584858946947182,0.011123296267334645,0.11430754098006435,-0.01533083018360923,0.10400118485953289,0.020360387767926827,0.10464697685447422,-0.0326578191864071,0.09846791430855896,0.010764753750674995,0.08658298662934269,0.004027880111613366,0.08119410800121492,0.008829924083376796,0.07788059318579801,-0.003424622068059493,0.0744259409582156,0.00774886162291455,0.06776887099852083,-0.009024102933090238,0.06631840814956283,0.004539716505357553,0.06262136061149286,-0.002471672597939638,0.061283629423280285,0.001595257866125269,0.05974292887029206,-0.003519610233429413,0.05856293067307053,0.0,0.0,0.0,0.0,0.0,0.0,0.0,0.0,0.0,0.0,0.0,0.0,-2.37418272922481e-05,0.0005735994590649536,-0.00015711970963813273,0.006775571133308189,-0.0002493450899299994,0.020461665904834614,-0.00496954821552363,0.05708071751121927,-0.044356862390488486,0.19967516109165034,-0.14140090724870444,0.552411499240984,-0.2565055888171555,1.021921371112671,-0.15936019884773453,1.3893477446816644,0.161641936414482,1.8224800199609983,0.03499122492398163,1.9792371135314544,0.2657042539640314,1.9352685362512785,0.36959579635532475,1.9048140966840372,0.46187059710131,1.8488352935135988,0.4352318173226122,1.8602067006443845,0.42044672239796554,1.8913634522245781,0.4168757869161367,1.9209712032855386,0.40162773852378336,1.8862927204056124,0.36748249828440926,1.898945321545352,0.237289000998536,1.8791557314362481,-0.4941425313121044,0.5104145981424046,-1.3816044175931432,0.3254119108728663,-1.1490875803022678,0.2625558873919391,-1.079855184304037,0.17410043219643406,-0.8966334919537601,0.15716031359030533,-0.7335416588676396,0.131724397758602,-0.5809245300995868,0.13204822363653015,-0.4402949686108188,0.15441667464299824,-0.3312730070503068,0.16859260571924356,-0.22096500753197906,0.18598669296259548,-0.1509898494163025,0.18410629759431085,-0.06934516118764392,0.1837081910365884,392,0,1,0,0,0,0.0,1,0,0,0,0
131.77995238095238,39.35038410344517,0.3060952380952381,0.460873426015992,0.03384427030909079,0.03858117970540103,0.1323583015639857,0.17988704195224212,0.5122699086367938,4.6236721143120745,0.2177252586522111,0.2565914872722587,0.10589123549206349,0.034929425072798,-0.3503128581890635,0.08714810578127735,1.4330508346031747,0.5762390340090418,0.5551634766666667,0.12000932832569962,0.0,0.0,-10.909844430158731,1.3776723279553051,1.8872368871707936,0.6432902550555575,0.5200767896600603,0.32052822289090294,0.38922791223606346,0.26745801232659727,0.11466315399077301,0.23068791634086805,0.18826676831236636,0.21109963320716452,-0.03561309658693652,0.282044908340247,0.1753301019765873,0.16449026980254913,0.0730531287360492,0.1442256595406604,0.0742299026392408,0.14840021338591364,0.04179967634345397,0.12190321079358735,0.0813969010342365,0.11526467023967561,-0.024944935235827238,0.13025886367310466,0.035475367375061906,0.11086212195211441,0.001440009057994127,0.10350106825433773,0.023507442453987306,0.09876327656140431,-0.010771454002173969,0.0976171555612638,0.006241783682721746,0.09369556890665978,0.05527499411584381,0.10141393815685194,0.0025497821435565083,0.0832319773072639,-0.020147117007642542,0.07362161204584186,0.017124863749015874,0.07591633714657654,-0.011425808504533334,0.07082755029475322,0.006154906830222539,0.06485958423390661,-0.0001985451316492064,0.06381099053763961,0.0,0.0,0.0,0.0,0.0,0.0,0.0,0.0,-2.30818460828254e-05,0.007485605566114079,-0.0007718200062202698,0.023643411125938704,-0.0056486951453438095,0.047199070510798115,-0.03581058846842286,0.1181636066167488,-0.10271444888480163,0.28617930318923335,-0.24702903297094814,0.6937227314044054,-0.2712043779156507,1.174042950227882,0.16441049835893648,1.4250774664818955,0.40677956423974604,1.8472288125221716,0.43793315900626684,1.8050706823059182,0.39727337969015875,1.8416307342705642,0.31447470030526986,1.8797231662897647,0.33332036115280944,1.851888691250278,0.3042296190339683,1.8516273376008763,0.2415415909673317,1.8392843172349849,0.2857998663901745,1.8206192474498522,0.17348103694109523,1.8018668963398354,0.119948392128,1.802405543654152,0.1693497485767619,1.7735661838470305,-0.04754823659695239,1.8166131786473136,-0.1451361698128254,1.860064629746584,-0.1708107714164778,0.29733628432744524,-0.9686536742857141,0.3759608924263539,-0.8330982668253968,0.22843081595339565,-0.7418486058412698,0.1926193775792803,-0.6719629752380952,0.18040088041613808,-0.610737587,0.15744266491152972,-0.5380572388368254,0.1466232113462063,-0.49050466723333336,0.10998211148608804,-0.4360790143587302,0.0949402600491692,-0.37554072456206355,0.0960855868473632,-0.32399062409423807,0.09990446701022962,-0.27069276176806345,0.1098859555383725,393,0,2,1,0,0,0.0,2,0,0,0,0
199.22668690958164,61.5933986740427,0.4155195681511471,0.49281415150013297,0.05392454141108019,0.05484126493413642,0.20357635892439607,0.1895083238139571,3.5289280048971543,5.518647745331985,0.21456888041625058,0.24550652836354142,0.10622174092836256,0.037309203351289774,-0.33142149178148894,0.09587668883211709,1.410141586932074,0.5963201281680981,0.555329940845704,0.14252466875092407,0.0,0.0,-10.365335728744936,1.8741454426017943,1.8902758699989883,0.7658218787046699,0.3797999344031951,0.45764606293318016,0.41519006395136304,0.3164439297271508,0.023190919316857853,0.2732965942301154,0.135033425256534,0.23947704147680407,-0.027861469042320057,0.19697941307999695,0.0626905068674531,0.18506168392570285,0.02976141222482344,0.161320581777419,-0.01666838300600877,0.1573664890209539,0.00676779446698718,0.14130321196197143,0.025346750900282277,0.12097553509479594,0.013241375112275642,0.109301356512591,0.009269479732532726,0.09984612952197976,-0.04219600713648864,0.11020295039245703,0.04116825720068354,0.10463811477356717,-0.026366119508464913,0.0872052369053896,0.014128817830004161,0.07953356273514404,0.005409237929816578,0.07424098372970572,-0.004183709622335807,0.07649054850455296,0.000572092088022942,0.07165234308174873,0.0017783709535354139,0.06617973058526125,-0.0027355036716734146,0.0638416080575189,-0.0038753927566975935,0.06119659279746592,0.0065489319017015294,0.05712445465336071,0.0,0.0,0.0,0.0,0.0,0.0,0.0,0.0,0.0,0.0,0.0,0.0,-1.9902082951749914e-05,0.004118967280171534,1.300125327967841e-05,0.011236305390129236,0.00030780096196661043,0.023631903488527884,0.009866041020287222,0.07846527761960728,0.056140324831729975,0.32863144307137787,0.197835368729693,0.9822695869262815,0.4307598209424539,1.2077749832920055,0.42784115934633493,1.3989661011178083,0.39323846889915653,1.769400156081733,0.43348543591981553,1.7920962798857223,0.33337510703289475,1.7522893228486605,0.37749150550647137,1.7396617724432342,0.40081193311978186,1.7041384425878,0.39083329006392253,1.7203941878094624,0.3654173907932973,1.7226601300995545,0.37860451652585464,1.739159047942146,0.4000833491954003,1.7325569525631457,0.27588797607840304,1.7336305112331734,0.20656621979246512,1.7460300197765752,-0.4629166506081647,0.44866339980230724,-1.3278332982905983,0.3984898457415944,-1.0476200449044084,0.314552609162043,-0.9995120322076021,0.23446235421365166,-0.8493106463795548,0.20549692206333028,-0.7170535162145749,0.16264671776491632,-0.5843963499950517,0.14884512550461768,-0.45393847724977504,0.1543338099815534,-0.35722213659433427,0.1563372907870764,-0.24968428308209065,0.1701174688041673,-0.18976810802491675,0.17123033131958118,-0.10483120616971435,0.16960734511315637,395,0,7,0,1,1,2.0,1,0,2,0,0
118.52389568975464,34.54439569524462,0.33236827474798336,0.47106467962335224,0.05079381343395171,0.05197418511122419,0.17129452776843002,0.18576840113933552,1.2658938254073786,5.228918396358296,0.18531451914659244,0.23249832878321824,0.10096154404202201,0.0334623018102532,-0.35814804262894545,0.08888414378178262,1.4060469711846093,0.5177120317224007,0.5963209625410413,0.1322957065181055,0.0,0.0,-10.621616627330036,1.0560444983958752,2.0149489038957844,0.7663046622070845,0.27316472482038373,0.40354889559227586,0.4114384619780554,0.289687733594406,0.11183126474896936,0.22837649115998127,0.16341995376969087,0.2158413307413137,-0.06149279019645656,0.21773005526126366,0.12553045277945368,0.16840086374045016,-0.041053307253202,0.17494852045594148,0.09863157906820132,0.1535839610462589,0.049397566997055525,0.14846918341407614,0.07293927227429588,0.11922798137527578,-0.0020039198392419882,0.1214216005848857,0.0030483602737011043,0.13628525410404924,0.05253700228751508,0.11487585302031084,0.023674485595323563,0.12017339087505685,-0.00494428357814863,0.1011780878144601,0.024385557974719765,0.09661380449340498,0.013826441475234706,0.09256642457763979,-0.015975194393271865,0.09249336097978576,0.012726186561058105,0.08942626355364741,0.00989135851427542,0.08149583016230602,-0.0020781378580537286,0.07821174497286569,-0.02011748332679611,0.07615242899305237,0.02044089129956992,0.07002637789762652,0.0,0.0,0.0,0.0,0.0,0.0,0.0,0.0,0.0015484367386516978,0.012793788430019713,0.005354616708997651,0.053192280507405404,-0.017079389911064502,0.12069193520708024,-0.09151171602660027,0.2429385276589522,-0.2756240270066558,0.47570293209665065,-0.6297891916141003,0.8780796999722743,-0.5698515572408785,1.4493424398522037,0.35597637017753936,1.8149192417266922,0.7729276285199705,1.906521522601072,0.860902173355089,1.838173741907702,0.899212671989013,1.808772767642115,0.8079874280108255,1.8725386724331454,0.8540508035904774,1.8641652642774753,0.931324999210708,1.7993827358398236,0.8661946836073995,1.8852920470135202,0.891220134491477,1.873289821159831,0.9324015401453881,1.8532611830291756,0.9383953846295644,1.8773783685781862,0.8443114163241654,1.9541645768239506,0.8734205592960319,1.9777870589160018,0.8360272892345617,2.0057219057361317,-0.18966316527291563,0.3500129451216804,-0.8787641402272083,0.30500038150521336,-0.7278766881245344,0.18935030164174466,-0.6954868334749453,0.1625919773112514,-0.6352103530078358,0.14870930135478858,-0.5850084997732113,0.13249994388351397,-0.5298609560392737,0.11902720476343966,-0.49223222553943613,0.09388641704105365,-0.43382817777637905,0.08892737265759137,-0.40097125645624193,0.0776534037745885,-0.3522937591473917,0.08439209324538331,-0.30290034108704406,0.09455541450174217,397,0,5,1,0,1,1.0,1,0,0,1,1
104.83384043813855,29.994174142259425,0.24996530335543243,0.43299497923128416,0.032780155541925184,0.033515679442751016,0.14474449876859047,0.1438255632707856,-0.9507583704188846,4.703266778081826,0.12911671202067493,0.1744189089342536,0.09599358902016676,0.03663611137938032,-0.3634791056334539,0.0830696428634154,1.3097631062571395,0.5510742741742058,0.6066112923165615,0.1451779212903538,0.0,0.0,-10.910744131996712,1.217536828333015,1.9677750920678088,0.7625533376315157,0.3971151159737586,0.36002602800610733,0.38089331752887745,0.2783580534384158,0.08729820037498105,0.24933161951927904,0.2026231891755127,0.21549925947065698,-0.07768325018792877,0.26109628684263947,0.11434914607272416,0.1731540113201407,0.02677677146969969,0.16470081623086666,0.09442602711815846,0.1558901032605876,-0.0018593910949833994,0.13979130162754175,0.06688403552557251,0.12119339089921699,-0.003080354915485381,0.12391228961010417,0.026061430378848924,0.13119521637686068,0.02131099537575644,0.10255597983545106,0.039652090111002895,0.11292723710727291,-0.01335010503072639,0.10017114002497411,0.03037731432568086,0.0902201393307004,0.02679365179306996,0.09009178868131154,0.005529169481682307,0.0912260206839131,0.009710805921863156,0.08781682568389176,-0.004007136003748305,0.07923654858219534,-0.017633173181090863,0.07736820649521675,0.020582673997337146,0.07426516010444827,-0.004455268720007152,0.06905504652072005,0.0,0.0,0.0,0.0,0.0,0.0,0.0,0.0,-0.003389229833893658,0.017770220197534815,-0.03100689675687159,0.07161485482265824,-0.11047730402580978,0.1764333920085299,-0.20677038548196422,0.3056249103845041,-0.37129723161671846,0.5326925476080857,-0.5870327140363879,0.9151860108997801,-0.4841996463506827,1.568632980200069,0.3425653596460088,2.159552800886589,0.10213793595202254,2.3083339794563704,0.5212858122474886,2.2449911670526306,0.46229005352485886,2.2429492456274183,0.31765038734567463,2.2360438306516794,0.6119442520821295,2.158073236776158,0.6044508499667766,2.188912577063627,0.521630480523439,2.1807232184613343,0.46327879892469226,2.1941419773473294,0.43308368195675173,2.1927153373507995,0.2928364297316081,2.213650974569043,0.33528961054334944,2.2244005721772027,0.11998244577925461,2.2194992140365164,-0.08615066899939361,2.166317269472339,-0.18310983109386134,0.46496625075666526,-0.7805280927201101,0.287836275617787,-0.6262019802916654,0.1738639350748363,-0.6140820999637019,0.14223522632150007,-0.563244507738526,0.1469187162299916,-0.542819865698246,0.12275370391157829,-0.48905375393961714,0.13142525989195458,-0.47409267731266486,0.09090052473245262,-0.4259617656232692,0.0933011578173457,-0.4020972312628939,0.07027617466626947,-0.36240473802156536,0.07163342415087624,-0.3294344307680236,0.07009404777677455,400,0,7,1,1,1,1.0,1,1,1,1,0
222.8678869621066,60.82127428080742,0.3922286448298009,0.4882498200626323,0.07833676283396487,0.06521828647086826,0.23808391032180473,0.18261431587060606,3.5242456669417264,5.674356489654742,0.17764802234565402,0.1672592350649393,0.11771139042175123,0.03164759930315002,-0.3345663903709056,0.07810741218813941,1.4813637443802183,0.5060566263512564,0.5771990188396489,0.11402800413950473,0.0,0.0,-10.737349401627059,1.00392299368452,1.9659240491219547,0.7249190896642798,0.36565404794285705,0.4609716809723022,0.37540811738638846,0.2911883386389707,0.06506588189944124,0.2391030115427827,0.11882876276226718,0.25589382178594455,0.016509794660808177,0.19856312908229048,0.06792704223287507,0.20046514825155942,7.537819240002078e-05,0.15589240394832632,0.05272089808304004,0.12955665134669953,-0.019051929319078755,0.12359934083357714,0.018576511009049883,0.11327302777865494,-0.004126523847248983,0.10915453574951459,0.02298408624520445,0.09898692689741737,-0.023184177829031045,0.09085703876345533,0.0009294917601244599,0.0907837318066622,0.006568490840840613,0.0855214207019505,0.016741307467084136,0.07648361465431856,-0.02834847719746842,0.08177683746911148,0.03491976422718305,0.08128767117537468,-0.02717759600862565,0.07441105655093151,0.007606523618711197,0.0631134213556191,0.00489196441374042,0.05750909805898305,-0.00571879506165168,0.05661503289350418,0.0026447794558456432,0.05469180263362305,0.0,0.0,0.0,0.0,0.0,0.0,0.0,0.0,0.0,0.0,0.0,0.0,5.344617532422393e-05,0.0008162014139439599,0.0006470830834291693,0.009026460673992997,0.0008827586227851636,0.026697008682926293,-0.011466121811870648,0.07082326818600777,-0.08724543982727682,0.2435544794416829,-0.2567078643150574,0.7388844704199158,-0.14191029703782057,1.4135946117809979,0.44311864707120535,1.49447186576244,0.6685198485359237,1.5776280016048487,0.6811070281732157,1.7200367995945278,0.7681857985905374,1.7139772201248646,0.8313300487881395,1.6922931498274845,0.7912894992646446,1.673058786539918,0.835575023335474,1.6777056494869347,0.8274850752156926,1.708221041886368,0.7389312088887389,1.7226024259806918,0.7167217850632306,1.7239031321048068,0.5708082599515201,1.7400518202077326,0.39101872558227363,1.7843369465231507,-0.46028518916780137,0.40735441086286633,-1.4058502461571398,0.3508503004254695,-1.13874908780775,0.2573639072316937,-1.0580764640012845,0.17912039945147534,-0.891228470834939,0.1521198891955621,-0.7437317068208094,0.11683281231432441,-0.6003708249958147,0.11962912521948799,-0.448584908769771,0.15121704829514687,-0.34834092163785696,0.1579576862633399,-0.23359242786292014,0.17762409858882056,-0.15401392577786555,0.17761925161477277,-0.08277226887996286,0.17395022386527886,401,0,9,0,1,0,1.0,1,2,1,1,2
218.91613291470435,59.86081497109327,0.36744113029827313,0.48211054605542514,0.07093084009657981,0.060765040981452675,0.21631188256890632,0.16471506527531155,4.927363496591314,6.690386600137866,0.1745963594729147,0.16639799835119332,0.1125736148913658,0.03670991703481899,-0.34849131002375716,0.08585500119324474,1.4532068615384617,0.5160333892583601,0.5849925149136578,0.12525371405059338,0.0,0.0,-10.576348109890109,1.0342386349449766,2.1919793476793306,0.7706701377096499,0.22355310961679958,0.4535795298593476,0.4975471480386499,0.3345617509028966,-0.07732585597768017,0.2950782758397042,0.3344765402390769,0.24817876604084746,-0.10122361277683829,0.2077805849734347,0.16795711827227314,0.1969052384264066,-0.06053450110656891,0.17409625902713674,0.12525497067529462,0.14697409691496308,-0.09943146504055174,0.1461085663385563,0.029884199254740916,0.1357778189930887,-0.03501803542421465,0.11457552153769802,0.046674138572179655,0.10464325164462164,-0.03624002849664039,0.10294022731706799,-0.0034750348281203563,0.08768044300101106,0.02507524508363457,0.08111939252438809,-0.015196623187138674,0.07511467477426413,0.016846351237550808,0.07212909915352074,-0.010372857125039072,0.07014756755481735,0.008773935691233699,0.06757942330624828,-0.010440349256110098,0.06550404734772007,0.018001431903511562,0.06027447151810241,-0.020370132738139153,0.05879232863190626,0.020231543507807113,0.05668872051024068,0.0,0.0,0.0,0.0,0.0,0.0,0.0,0.0,0.0,0.0,0.0,0.0,-1.9545603872077434e-05,0.0032394631994881106,-0.0013064503735220616,0.020033001655044607,-0.004535297897325588,0.05247135351357473,-0.014583580043547694,0.13373893007768858,-0.07211510604954609,0.2565036295560839,-0.19219759720078494,0.7447008262155617,-0.2220906890494359,1.4218200150712643,0.3763956275348718,1.6026358072317692,0.7949176437491992,1.773512552130696,0.8174472418802092,1.8835120933775773,0.8633928388316483,1.83954745389891,0.9043472274326427,1.7840808996466953,0.8404625167976977,1.7508986347271036,0.8443733820871482,1.767939234162992,0.8319135079374883,1.7989565310718776,0.7647006162647934,1.8003608360777825,0.7945122238826792,1.7599291176861929,0.7094975206265202,1.7877132999729932,0.3343918933056201,1.8347443048128032,-0.4252013708295133,0.3764397641874748,-1.3667421387755103,0.3420193625725504,-1.1191497158262689,0.26845374866307176,-1.0317753463422292,0.19968151582901567,-0.871081165568812,0.17192909954287647,-0.7497544163055994,0.10566155501888928,-0.6024173988593406,0.10982883442376727,-0.46689619264321086,0.13537634439948515,-0.3581935295832967,0.15264948620263333,-0.24828770391209837,0.17235246074875757,-0.17114282440233491,0.17540775611687756,-0.10022783294756983,0.17471371373314457,402,1,11,0,1,1,2.0,1,2,2,1,1
228.99242898550725,60.33619770728461,0.47857391304347824,0.49954360776549533,0.05550631013389101,0.046697726385722345,0.22872760451632465,0.17438785183220912,4.853025707057552,6.026455906153655,0.2787348781370655,0.3182166629285832,0.10825352326892755,0.039508705602373545,-0.32589593506411596,0.07774162517118006,1.391694539710145,0.47460087951856084,0.6008975188405796,0.11960786685572468,0.0,0.0,-9.426424311884057,1.736918064077404,2.069763031349565,0.6900083342836306,0.2734462334122319,0.5465150947297372,0.41315038427753276,0.35953147884203607,0.036997909700773324,0.36241047178557895,0.02653685058729275,0.2679791085204249,-0.07450777436926145,0.22356964739766622,0.08945692530252058,0.1700845579103966,-0.017864807585212753,0.1998727868758129,-0.019513578348351768,0.16295863165843533,0.031531220747823774,0.16809536130337582,-0.02235679794764806,0.15779455326033753,0.01631605574087026,0.12239790776864054,0.014971443453912001,0.11164909254709662,-0.04515730940021797,0.12150677159550201,0.0059475987365462035,0.11030607348991704,0.010016186466645796,0.09859769121810999,0.021821962104638028,0.087664936756162,-0.014938889521514202,0.08306122470630176,0.009819230436041741,0.08654032242704757,-0.01981876440834313,0.0845313739367664,0.020475346250055655,0.08112110492744472,-0.013531393865729859,0.07723388199450512,0.005389400199785391,0.06884790202922055,0.000944600300993391,0.061416445826804326,0.0,0.0,0.0,0.0,0.0,0.0,0.0,0.0,0.0,0.0,0.0,0.0,0.0,0.0,7.233419613451594e-05,0.0032084034353298025,0.00015593210868673513,0.011772186220241766,-9.62581415924647e-06,0.037078512851188884,-0.008469688347416696,0.22513233401533994,-0.036827860478368696,0.7473038553877582,0.08309675958029449,1.522103801271514,0.4499121972724289,1.8249211119772155,0.865247729143942,1.9641069891362073,1.0595202522024465,2.025345008576533,1.1412030609402437,1.8107893445592849,1.1657230863297856,1.6704733675022563,1.1638257981936464,1.6353257075651495,1.1461975404763594,1.6312084863567142,1.163671327081774,1.667388510316471,1.0920755122694956,1.7036797146226688,1.1326972810242666,1.7172627080667817,1.0430648401824387,1.7258502766412684,1.0005709783045333,1.6887330972058447,-0.8033685049208117,0.689513577645079,-1.5024374049275362,0.3128512474443676,-1.1083503178150722,0.36564956059648207,-1.1095515171130435,0.19100956618606563,-0.8761032049455073,0.2055713428950008,-0.7416353115310145,0.12281425116339173,-0.5499438441872464,0.14406044001961246,-0.3975103656750029,0.16840055716062788,-0.2696961824190898,0.184042232286034,-0.13815233216422843,0.2025454039183647,-0.08753301376090666,0.18810411886269607,0.011261662610918259,0.1867308175337554,403,0,0,0,0,0,0.0,0,0,0,0,0
134.79566340294178,39.111716154631566,0.2768770840519719,0.44745718819013325,0.0655347020423727,0.056941125257509356,0.20235028085043913,0.17401650585329348,2.1016311436827997,5.167406297612826,0.15222953126956423,0.1492546283142885,0.10031577363113717,0.03609978125866944,-0.35524811654789007,0.0819710359170342,1.446669812225259,0.5556676418500666,0.5630404281759405,0.11240843805643973,0.0,0.0,-10.879031778420499,1.1599368819466276,1.875820936968592,0.6855408414755128,0.40538477965006503,0.3674302678139792,0.4273726011237477,0.2847094773518429,0.07348828837674265,0.2523570039409498,0.19978968397997462,0.21285223808098466,0.012165964083150689,0.1979142222959759,0.13078055550783826,0.17354719002684288,0.03226995776903795,0.14791249760892952,0.06988944776288425,0.14312273205114648,0.0028157749551490784,0.12287296764337637,0.045255269453419476,0.12471141343956438,0.009315295652562776,0.11917292493862915,0.04910143829220093,0.10331362148397784,-0.008842815230221917,0.09783286313972475,0.006943604813774334,0.10029128031987718,-0.004578786445365245,0.09023248124249099,0.043359007394639,0.09020076890448303,-0.022500731186402032,0.09971580008665423,0.01658598615613784,0.08082103000505278,-0.004861591547013028,0.07544439106386844,-0.007515333084645456,0.07662987741364466,-0.0021466582790577644,0.07443486448949223,0.012582278821200946,0.07345843712463763,-0.0035472826810577477,0.06738841201599413,0.0,0.0,0.0,0.0,0.0,0.0,0.0,0.0,0.0004290055547467826,0.010208038843311035,0.0007979081325261846,0.03231446772127776,-0.0004981850070595432,0.05320126978024465,-0.019544985269181102,0.09645016534741264,-0.06707578835743085,0.22320767730976346,-0.17056853946982567,0.525823834797848,-0.16819088174658284,0.9972881210005589,0.15653807724438754,1.2346644287922601,0.39269304728568644,1.7498399706620773,0.4091616738161346,1.8112725688581033,0.4240253163467942,1.84065960584647,0.4054299152325913,1.83377513919849,0.40113400301150615,1.828129922165441,0.4561364737014266,1.8193036829660578,0.4512553755109718,1.8360686204463135,0.4425611088337269,1.8267753926451895,0.41648030886938914,1.827143205398615,0.43689282333633156,1.8379294778445034,0.3874410273436111,1.8409213404507354,0.3253099607722556,1.885403591628563,0.1216916011851036,1.8997675027622507,-0.2083442296569003,0.44617401065799067,-0.9098709816116962,0.3521513499933826,-0.73158044666419,0.21974551541623033,-0.7259865874519065,0.18300760201031985,-0.6490738558494972,0.1694583881999158,-0.6065931237544334,0.13112280879882357,-0.5487272016177108,0.10486990545784251,-0.4808311866720089,0.10301262312235816,-0.44091151968167636,0.07752489654994099,-0.38100438426107147,0.08139090679936947,-0.33336725984875426,0.08944443639600781,-0.28612996510342203,0.09926555207396554,404,0,0,1,0,0,0.0,0,0,0,0,0
229.3450055417013,61.770037855841025,0.4257689110556941,0.49446246844823555,0.070822121089734,0.05971295851234445,0.23293639097564697,0.18182895253028922,3.943589150367055,5.576771376463912,0.17817864496022442,0.18111925167414866,0.11153242661679136,0.03399043739179292,-0.33986505071695766,0.06951077374956821,1.4572839957051815,0.5075857191681762,0.5955125227209754,0.13623905263559777,0.0,0.0,-10.39613135771682,1.3103721343795973,2.0777036299515097,0.7556444708951595,0.35500623628262673,0.504278124475502,0.39583709289808805,0.29877924176132603,0.08321530486483097,0.25237157384018016,0.09093648993660294,0.28520455266954264,0.027222831013772514,0.20353674303952268,0.04173015332466889,0.2023945494448097,-0.0044731879058863945,0.154576540662847,0.08478604236009435,0.13566513407232123,-0.06331613159862427,0.14964228553888687,0.050926967089922406,0.1191640446673676,-0.03399747196314602,0.11119812118967363,0.032139362870559754,0.09956102718496158,-0.027815859374304516,0.09326041156673037,0.004242482796653366,0.09094608420479179,0.013354820742055972,0.08727031944012614,-0.004968106463002217,0.0777985683267889,0.0015135311863011776,0.07268412845132359,0.01100047168817124,0.06887985955520234,-0.01242979606781477,0.06875808430923278,-0.0014278236804765867,0.06749312911706991,0.010655197685462732,0.06550477959554835,-0.008080548187197284,0.06150548877034614,0.004950002545705736,0.05817903134389962,0.0,0.0,0.0,0.0,0.0,0.0,0.0,0.0,0.0,0.0,0.0,0.0,-1.5753602246605707e-05,0.0003574786778589571,-0.00047319847578835823,0.007054195185714724,-0.0012202561261894873,0.021486235589446973,-0.008559148701255749,0.05316867575648311,-0.05965852778345708,0.20315584061858968,-0.16440606251683013,0.6876911691793153,-0.11363157061498198,1.4176052755765518,0.5618928756560265,1.5854349741421059,0.8576820770224162,1.6907307989287168,0.8451210885618314,1.7716177776894921,0.8633238884403158,1.7371318263357591,0.8483664473816845,1.748124019242755,0.8737942395886672,1.6925693319628434,0.9268802621359102,1.6911713863192228,0.9248575542852591,1.6947109966606029,0.8633600827685923,1.7211414041959976,0.868814904415115,1.6833234272874567,0.7088504166443058,1.7988644497512525,0.7030357003659241,1.673656856998193,-0.534040209367969,0.48681836134359885,-1.426421412080909,0.3440801182008493,-1.132629833827099,0.3182120729032143,-1.0768370839983374,0.18422127503068453,-0.9009264519541422,0.15131055846084124,-0.721850989677473,0.13772597926037086,-0.5967876739223331,0.1278125204755036,-0.4332059845552784,0.159722978490812,-0.31998851554275426,0.1786610260954057,-0.2259313668345456,0.19060155225956232,-0.11332583215149074,0.19995697241152557,-0.07324660132493765,0.18518117933079734,406,0,2,0,0,0,0.0,0,1,0,1,0
122.45531727351099,35.41714217666707,0.41753600867889074,0.4931551944916741,0.047341549912496256,0.037259598635425696,0.18265760175571247,0.134806976931007,-0.5752594361998375,4.845446587758718,0.12714282987846648,0.14905215438863736,0.0989784658164066,0.03866759888696358,-0.32999347575169263,0.08295543794350957,1.230022353955385,0.568370368133661,0.6233997918422302,0.14624873330336288,0.0,0.0,-10.136321172231426,1.4837567406996364,1.961349845998702,0.7864843493644845,0.202826678945292,0.5080186493922767,0.4798627021817268,0.3626004107851447,-0.07272153849865942,0.3887438618534779,0.20727480380404456,0.22373278185311601,-0.022814693233665577,0.22536857048399667,0.07586371288264705,0.21896208117950108,0.05567046590333885,0.17575251811835435,0.07640595243951415,0.16594120509798413,-0.0138893840941525,0.14952240930268096,0.06271574334031131,0.1387162539241549,-0.06655566560280998,0.17008483843763572,0.0454962912425128,0.12625529430168864,-0.01814238296554277,0.12010379982638698,-0.004600758801444222,0.11511470250779246,0.021584825542722928,0.11037049183084793,0.015392102464278037,0.10024031827632886,-0.0034808932869496985,0.09663424347842048,0.03960204872070826,0.09301759374067059,-0.01624588339750124,0.09134097225001135,0.01381375937954862,0.08037632384847783,0.016741953778261025,0.07815041799037498,-0.009380505354030939,0.07245338881926491,-0.008379346012868199,0.07351078544245589,0.0,0.0,0.0,0.0,0.0,0.0,0.0,0.0,0.0009271808522614322,0.01103695767551816,0.004412527835622634,0.05571206461629953,-0.0017953234423063937,0.11714559248183484,-0.062073701851916636,0.21990869047870207,-0.21599243043525804,0.38658754565429365,-0.5962526277547565,0.6073325199715981,-0.9697157950459901,1.008509958834926,-0.8897885174376129,1.6792993356063743,-0.01721916336674124,2.391142881349581,-0.21113962447758408,2.468335842852321,-0.23331172165592465,2.453894661436553,-0.12702381391732775,2.4429855391564006,0.09494765672943366,2.4663746778372704,0.2698456126758783,2.4652687997517204,0.23357242593839533,2.4611451324226645,0.27002991992216124,2.468100987950069,0.38145651520753787,2.4682262592326047,0.20963153424000622,2.500293524242957,0.5022974297746492,2.4415798568750002,-0.3640937308928408,2.4241685449035066,0.29748788731768033,2.4011726725421356,-0.3075599982228283,0.476474717689893,-0.8904164615339163,0.283578615526777,-0.6875797361924272,0.20170910257979222,-0.734875190989839,0.16618740863962847,-0.6365029678132295,0.15394692244473507,-0.5917302578666976,0.12720158433886075,-0.5437855132556494,0.10626399729137605,-0.4781953630419706,0.10342327013267735,-0.4388245960195275,0.08652031771706696,-0.3883986029387151,0.08536185102069763,-0.3407285544109474,0.08910277470494621,-0.3131270198153033,0.09450730643081141,409,0,10,1,1,1,2.0,3,0,1,2,0
171.34708655720104,51.87637251522082,0.30372626591511165,0.459868556538139,0.053307209661444546,0.0585982853453583,0.17139444639889367,0.1728714276078865,3.461703436163685,6.987275753421809,0.19274588991502997,0.22558585019558305,0.10959591977068234,0.03327954960672115,-0.349301006325952,0.09218368482929769,1.4618175566292053,0.5792223911627847,0.5599031795212921,0.10239036330055262,0.0,0.0,-10.783989984712159,1.1534985059732112,1.8664981310909918,0.6955518383960808,0.533114547856481,0.3706099694460735,0.3342928319725753,0.3144038448938458,0.13108302844547026,0.23380361243355527,0.19259442107701802,0.22806989717489404,-0.000536563042548052,0.24159469890890906,0.21317255834141255,0.1956357606510704,-0.00877314847733735,0.18195534261005794,0.08157694016229843,0.13715264817446782,0.027681363314440596,0.12807786755102213,0.0133511008362812,0.14820371831766918,-0.011101274363245574,0.10607633441699386,0.0398983081393355,0.10288341149220608,-0.02683010138445296,0.10424882551648595,-0.005856813890057065,0.0953556942740802,-0.00222904800507323,0.08932691800335968,0.026285588367662132,0.08586394394661064,-0.021930041739184725,0.08703738399196283,0.011730304327298954,0.07519240697009724,-0.006589755864535947,0.0750685974677721,-0.0006570743962667322,0.07286437795808415,-0.00386420473125372,0.06951657705775965,0.00394499623746922,0.06574573584220662,6.905963764193779e-05,0.0632595901938377,0.0,0.0,0.0,0.0,0.0,0.0,0.0,0.0,0.0,0.0,0.0005498880750401685,0.011476417021422988,0.0014422861166910929,0.025548479301879996,0.0026343050927090522,0.04081007449414505,0.01571145353545414,0.09861387789181783,0.04935010760657915,0.28764026867834586,0.10930525828892544,0.6829489012156651,0.16047320884531266,0.8721028074761806,0.11975805954219323,1.234821942319668,0.09848432985513889,1.63331991651897,0.14422281581008062,1.7564224916053637,0.18731524366231367,1.7513250615390576,0.14510909412359926,1.786161617830924,0.18526417480303656,1.762402658698836,0.16299529033950685,1.7480701049806477,0.23029546938860299,1.7615578396989333,0.25990845998122286,1.7824270251190002,0.24082752773527527,1.7786250644303567,0.2817295233241491,1.7937885848126998,0.29017527370322915,1.7839174236860775,0.3669211480672081,1.8294269271338122,-0.2484221592244825,0.291957578966261,-1.11200505444106,0.3242582377807057,-0.9887801892658334,0.22991701020630093,-0.8849575154022103,0.20124696474169163,-0.7815717806381215,0.18009129990228895,-0.6863024013093862,0.1371609136141212,-0.5962705850179136,0.10470587863011355,-0.5125074275034134,0.09664585993574228,-0.42704690847576704,0.11269794553881968,-0.3491440170333298,0.13106705874562294,-0.2799996029718633,0.14471421803265497,-0.21386603172197136,0.15132799169162914,412,1,12,1,1,2,2.0,2,2,2,1,0
196.0504409064917,57.54168392631785,0.40570419638647287,0.49103026408168343,0.05202945290124719,0.0522812236615692,0.19215753863046822,0.1799052781827618,2.541088044594065,5.447918920119651,0.22949700237997211,0.2766924750259082,0.10549180109930681,0.03546789208920423,-0.3352137484016012,0.0843694074316405,1.4487103565373538,0.5765424273303446,0.5747460512033385,0.13955765151923039,0.0,0.0,-10.371540778082082,1.534488645835049,2.0197200546763168,0.8073703085833543,0.34858906462508404,0.458211660668383,0.3506730246343535,0.3688308932293042,0.038348620962592686,0.2526372864707242,0.030202584144771824,0.312104361524163,-0.06469144504188862,0.21807151446916218,0.0900820141079624,0.1774335302804988,0.04577454931829606,0.18436700037235243,0.030776711551335666,0.1558960288340323,0.0143938480186209,0.13954316220182744,0.03526292311257411,0.11795537641668206,-0.04537381107137228,0.12978938447114782,0.07396416721032895,0.12685440344781654,-0.053529140281311394,0.12316790726649648,0.01634670545345151,0.09498075933228675,0.010466666304742125,0.09012049118817096,-0.008062835148942427,0.08541275819593047,0.002799493430773266,0.07923849367075067,0.010160068120100119,0.0742760188557184,-0.018996150811086465,0.07345583271167336,0.01287188931375195,0.06795744366937971,-0.005615749010182783,0.06459821255855266,0.015335022231724772,0.06573190832968814,-0.019232778023358914,0.06560953953644848,0.0,0.0,0.0,0.0,0.0,0.0,0.0,0.0,0.0,0.0,0.0,0.0,0.0008998501668756132,0.012089015010812543,0.0020964778974189363,0.02794647076632029,0.0024863670813705116,0.05366952875958323,-0.03082456061913493,0.14916816795120072,-0.14756205305565714,0.4023666784409089,-0.35824915955813236,0.9760522756929789,-0.11968633189978331,1.4981274235462911,0.3823843828988172,1.6915097699256016,0.5223564465653334,1.9277700425287938,0.591072063199978,1.86010325942193,0.593037151106941,1.8072182258698355,0.593583592844163,1.7790971009207313,0.5869037780671441,1.7809773669495255,0.6027566091998275,1.7771241076335318,0.6083283470913011,1.7939470336513308,0.6199262974765902,1.7840889844108478,0.5894529878522888,1.7958662492669293,0.5341432341528476,1.8227377447030555,0.4708344477315847,1.8755563448472692,-0.4976498153525947,0.5350952068583821,-1.2997153273833528,0.3782482246507837,-1.0147068092334548,0.2880947133610949,-0.9765931314934642,0.20215719092896348,-0.8260512134778945,0.19443978520414681,-0.7135453405612905,0.14183125371056934,-0.6013374093550427,0.1254954818726751,-0.4702246793990078,0.14730143128199016,-0.38414671985584015,0.15086478068171968,-0.2670004311647438,0.17227074728511715,-0.2049604631033446,0.17275542015351034,-0.13740646461844885,0.16789879124100188,413,1,10,0,1,2,3.0,2,1,1,0,0
248.47561718988112,69.51029587022886,0.3593315046225744,0.47980695417594904,0.07126109622708514,0.06033481674833464,0.21925262102540585,0.16751904552967609,5.930751788698597,6.547102423324824,0.21935137856431886,0.250998070410543,0.10844285788377528,0.03711294530964121,-0.3215956594469166,0.08125464086549414,1.4646056064208064,0.5141439230911906,0.5809670031494464,0.13196101646656375,0.0,0.0,-10.203199478817433,1.5104703971692448,2.1090151827565786,0.8548224691339396,0.391817731249304,0.5002000375347682,0.40401242160033524,0.3219573919816469,0.0008105621639743967,0.321029316849294,0.10172262100549628,0.24961657147773836,-0.051187673093588966,0.21403441673390652,0.10230397138657911,0.1665933228072268,0.012072754401131055,0.15946829556067607,0.026382021315596367,0.13352903101783953,-0.008470680982481967,0.13682178960162045,-0.005165595174326424,0.12462028498511635,0.018352920281859295,0.1139959557461808,0.009693161419551967,0.09769080518145437,-0.03781647937581937,0.09374972233337672,0.01192794070967561,0.08604793299349082,0.014205798506233666,0.0795483557915784,-0.010474383470335266,0.0786893904008549,0.010839583868665957,0.07441577993851954,0.009927571056592505,0.06948286433646228,-0.021587725140026312,0.06607959214178524,0.0221686298470509,0.06445024709444327,-0.017245483621140707,0.06006997174985128,0.00048565850215381455,0.05546572275940914,0.010231115515970873,0.053899616115758726,0.0,0.0,0.0,0.0,0.0,0.0,0.0,0.0,0.0,0.0,0.0,0.0,0.0,0.0,2.6782589613590365e-05,0.0007486083328161075,0.0002487801355232145,0.022506811175366643,-0.0010392767219704051,0.0720340284115802,-0.016768913211485017,0.19501948611639208,-0.10469388624167145,0.37715530375770284,-0.2603713079446032,1.1477862807293557,0.3356019947384974,1.6704905129588026,0.6925961488584171,1.5798058178581524,0.8497817876728335,1.8437284998698895,0.8163454559796782,1.7173022185478999,0.8222586295534795,1.6887672256446409,0.8769507307767247,1.6920348127066076,0.8792587235046229,1.666763911718797,0.9180520833743776,1.623892079026795,0.8379185013062176,1.6882416267016138,0.8665750890698872,1.687201476240828,0.8005044769660064,1.6624796226825524,0.5087266838027126,1.7665695377673931,-0.5393257321284161,0.44786601819642097,-1.4979956368993192,0.36882991916173763,-1.21080791540892,0.2928996873110203,-1.11401745204714,0.1992784997687978,-0.8963360203427817,0.18775211264032812,-0.7449694843116937,0.12906660424037505,-0.5628282930223509,0.14029834190349058,-0.4177631971897084,0.158204317427232,-0.2912527520955095,0.1785757208434378,-0.16584520853801665,0.19948776395008494,-0.09504760118126598,0.19441896824910448,-0.007168036678494971,0.19967142644116903,414,1,16,0,3,1,3.0,2,1,2,2,2
223.14052953156823,61.71920025947788,0.3896809232858113,0.4876809897420551,0.056419263933961364,0.05741907584904777,0.19964547300074165,0.1879792631532467,3.5537119521961724,5.677012924565666,0.2132248937041976,0.25054254083390964,0.11330529688045189,0.03438362039021881,-0.3464379172201514,0.0762599875032165,1.452813011566691,0.5572832087681704,0.5550941273745021,0.09835861829763343,0.0,0.0,-10.379534017343632,1.2969129446660241,2.028401241366227,0.7013793263386785,0.4720834473666743,0.43702379755290827,0.38144407938254105,0.34121798758837274,0.09047864261673136,0.24080786726348982,0.05036085041899346,0.2984805971428613,-0.0393731900746058,0.21526515352365969,0.06923418158058513,0.18500829218678927,0.012386227289516966,0.16504334410113294,0.0482137204077165,0.1345354063892153,-0.023378016907868938,0.12618156744663894,0.06874170916501555,0.12440125667475202,-0.04872034237891685,0.11761217515152836,0.04191141914734145,0.10713693640019069,-0.028228443652488444,0.09496429418257704,0.0032587887239339556,0.08622793741067195,-0.007001253279144474,0.08533079899894319,0.02512687050759674,0.08236341129288959,-0.025438626025070004,0.08722803055273341,0.027989716333577094,0.08220573167117856,-0.0181811758983243,0.07145172798451023,0.00942271302565638,0.06924407059741737,-0.0036343921913239573,0.06647181136316277,0.0016613604020066864,0.06566272078844236,-0.008637520414154656,0.06365916368689085,0.0,0.0,0.0,0.0,0.0,0.0,0.0,0.0,0.0,0.0,0.0,0.0,8.240719637388719e-05,0.0016285560304952456,0.0003820600583607501,0.010457519556112928,0.00022273400820684255,0.027085750780022393,-0.002380842277558697,0.05899727632538943,-0.005597101774339238,0.19104405584068493,0.020258285755289956,0.672288688804568,0.17264091218458288,1.1766586995148671,0.2968070790267328,1.364904864312516,0.414525040204268,1.7199647722245748,0.4268755730133599,1.8648228003752751,0.3384645998122045,1.838075767151328,0.3427100360536103,1.8148962233380461,0.32716001189546806,1.8019274986295075,0.3298500441083017,1.7921572358167202,0.354698959052761,1.789100733732897,0.27914784789525937,1.828652654199217,0.2595304477900831,1.8308470011539062,0.25813536525640135,1.8039327968506846,0.1557674501981977,1.8132208067045852,-0.42334368616079365,0.3472856593728797,-1.3953505327722913,0.35791768578701466,-1.17286108999731,0.24914052359353175,-1.0479947864068964,0.1889465115642915,-0.890235473830637,0.14584494021414923,-0.7292059254928331,0.1245022462657305,-0.5867745709457148,0.12635263900973057,-0.4551342802387631,0.15133268139653686,-0.3428975586476962,0.16988168548016688,-0.2365237420132742,0.18304147888551103,-0.15699303568544745,0.1828060458668193,-0.08840226852401979,0.17802139654464313,415,0,3,0,0,0,1.0,1,1,0,0,0
123.76026218526219,40.28858989701218,0.4263109263109263,0.49454296601698666,0.053466604012935445,0.049015242116074456,0.1928838597178101,0.1625532320312734,1.1924999588739549,5.0994231568799835,0.19292631239591243,0.23054930153654013,0.10339205100840841,0.03549675629869321,-0.3394267552671517,0.09425805725845222,1.3831063640563643,0.5150489126070783,0.6167934279279279,0.1618128601610946,0.0,0.0,-10.534953696003697,1.5495298556324102,2.0393503881958304,0.905071226229514,0.19832567286763686,0.5048843568506349,0.3718904117421772,0.3291963175717251,0.1258408361883576,0.22607705357262534,0.04250162030596673,0.3081378932686909,-0.005274221455033495,0.20403042872897176,0.14410911271705706,0.1876193593759802,0.016266551856750987,0.1813744257558858,0.1281073263421945,0.16576287460658307,0.008907637160527835,0.13886947905121974,0.034894616999906446,0.12883767680788033,-0.04192333295457727,0.13308417572737133,0.041171814902637785,0.11796602402080404,0.03387446002369,0.11117158546693579,-0.010610840062527603,0.11096560495492365,-0.021084195542837837,0.09719052175951974,0.023694359277883232,0.0894825494215837,0.005608419154730538,0.08747079658795318,-0.028319233752474002,0.09014320291375212,0.012853819439196118,0.08464812980916862,0.01612587646094987,0.0766815681035671,-0.011433249289047128,0.07473856091911017,0.013644574319124973,0.07296671006358584,0.006867670963415339,0.06530648927038499,0.0,0.0,0.0,0.0,0.0,0.0,0.0,0.0,0.0001494580384342458,0.0065776529897960505,-0.001968339178694156,0.022245755302452007,-0.038265311928692425,0.0937858388675561,-0.1180354540617534,0.2051915159691256,-0.29581676602587376,0.437615708950118,-0.6457371987757843,0.939896970920015,-0.10748160539656781,1.4924283636202758,0.5413495215826634,1.649269668084318,0.910894688371252,1.86049275183609,1.0599157166048738,1.7844268515803061,1.1066708985163676,1.7608108845149066,1.166420689117616,1.7536609286298885,1.124559414207242,1.787501939602279,1.189231540826561,1.7508520418302256,1.1369923606837606,1.7488031059196223,1.2020496373182605,1.7337459609713481,1.1927556842189884,1.7321206192820382,1.1813333106382766,1.7373119593043602,0.9860538268059714,1.9508868246754836,0.21737640036789097,2.237753395817882,0.42910530790185963,2.198777446770349,-0.35350562623456566,0.5216953771577526,-1.020605932975283,0.40887659784107894,-0.6808837398479095,0.2945064946942647,-0.7237956666551167,0.20280009731493004,-0.6643524226000346,0.1736514558959456,-0.5501058051350081,0.20696848180791524,-0.5466177604874104,0.12834563448521819,-0.4968988398521598,0.10929611636287201,-0.4136521891560291,0.11869102960453348,-0.38599555490446985,0.10259958887779794,-0.3254804292322938,0.11326573482975774,-0.28185170333396975,0.11337942197802789,416,0,3,1,0,0,0.0,1,1,1,0,0
203.3029426034368,55.332617751829154,0.3974771237405364,0.48937895543874443,0.06233181405556758,0.05365476502456012,0.2239319568096672,0.17526819028913554,3.6518448160031256,5.823073992849543,0.17243019985118868,0.17964436900415107,0.10636396305249976,0.034794661158700294,-0.345657862376581,0.07568426222273314,1.480737683376773,0.5675567502046338,0.5703806061221496,0.12456791750869821,0.0,0.0,-10.557215317785376,1.081718788330591,2.0311705703313816,0.6857192966096722,0.3377977792512608,0.504687921923025,0.4378272826639713,0.309470554391533,0.0432494096852396,0.3066019802566829,0.09446202080872398,0.2690988547108172,-0.025976623460016474,0.19202585894651047,0.0720331082855634,0.1826747481700605,0.06582566151457424,0.16343470846009026,0.04414402603154723,0.13298716721395645,-0.010598943996003564,0.1307863684907738,0.038199619330732605,0.11318936299499104,-0.02408696595741349,0.10963251220658773,0.04747737842374054,0.11008185952780591,-0.07244741159180065,0.1227342014682898,0.016173673166049486,0.08888656202951575,0.0034145377354704446,0.08150274776738932,0.007263494943124033,0.07871519343849147,0.0010047131957621096,0.07511061016251312,0.01223400780345553,0.06836459842554281,-0.017002937826520327,0.06662847588457199,0.01559603709594602,0.06465215746513214,-0.010442026857969513,0.060671078779901126,0.005115511551993139,0.05702253563210972,-0.007355066027606087,0.05653635343530786,0.0,0.0,0.0,0.0,0.0,0.0,0.0,0.0,0.0,0.0,0.0,0.0,0.00017498951941814756,0.003977167656198899,0.0006858482942550294,0.012168224152395617,0.0012721908733236977,0.02621820251726911,-0.00815268468513536,0.08151210595726846,-0.05885845156378297,0.31418470633506956,-0.17515272365285617,0.882442275855908,-0.09696573634320366,1.3526675844671359,0.3513222780629985,1.5588554256193767,0.476675488248993,1.8137179187618433,0.5115128689651129,1.8847008443827795,0.4999122950385709,1.82895985382507,0.5876694966526758,1.7799721074954529,0.5427969356817407,1.7501207133607406,0.536768210901398,1.7642775365563876,0.5432990077696126,1.8288455996039814,0.509159415940832,1.8097611829094171,0.5339639005413127,1.7719957570615912,0.424848038483476,1.8247318879105092,0.35031272938446223,1.807795428868392,-0.4996136944953909,0.5361658877553522,-1.3353030723916548,0.36691942278365247,-1.0246879740263346,0.30034632136469497,-1.0147392047072628,0.18165760527662084,-0.8434378948766206,0.18327617488971648,-0.7179191786932043,0.14037675267096106,-0.615441655596227,0.10494864879190922,-0.4617764507640051,0.14859666425859508,-0.37715602249892244,0.1441840023916927,-0.2643067453705424,0.16839066324200264,-0.19229455615432525,0.1679918241170355,-0.12747305681206264,0.16488799314646352,417,0,7,0,1,1,0.0,2,1,0,1,1
205.76638113862342,62.0387611868004,0.4642630897623048,0.4987235274015814,0.0831631958311107,0.06768093913825547,0.2570770064602152,0.19551729578842397,3.4824076679342464,5.393564178213075,0.1801882029656265,0.17438012939027395,0.11169814239035632,0.033175670135681234,-0.3662317216038229,0.09157815999233067,1.4417908788020677,0.5143867798387459,0.5869857439795815,0.1451557537937256,0.0,0.0,-10.061060169297015,1.828886020315919,2.2430039195533924,0.8725408632501108,0.30362176098208704,0.45848473607351503,0.32167662020868065,0.30174411286881153,0.11338503679333647,0.21942591014706356,0.01717909645265284,0.27393212255437943,-0.09852183940116784,0.23893318700110286,0.058998467615458905,0.16501524248033003,0.003987202491934485,0.16477751593496454,0.033253371667479374,0.14517283042237616,0.018738432452041393,0.1460888114971351,0.04323442304426052,0.1160176069301755,-0.032101524962990145,0.12180710095589913,0.03985496594922723,0.11412285172007094,0.0012412145439338602,0.10400343900622702,-0.03356227398054214,0.1002509511565586,-0.03064829940809141,0.09772817469822222,0.0367166268764792,0.0905636031850394,-0.008645451642824523,0.0885726912353606,0.027270016292819704,0.08108479564820008,-0.024390084026795565,0.07349126930280957,0.005382636284780713,0.07049209549039136,-4.3128126527483394e-05,0.06860161654193782,0.00703831084246454,0.06416625958436126,-0.015041556659133865,0.06575574734429769,0.0,0.0,0.0,0.0,0.0,0.0,0.0,0.0,0.0,0.0,0.0,0.0,1.9748258627629206e-06,0.0007378904287241512,-7.119542372000811e-05,0.006006075561922252,-0.0007798384465165304,0.019044764843955335,-0.023506036322692686,0.07098818809920412,-0.1328067984892511,0.2902272285474669,-0.38943744162371163,0.8566889792720497,-0.19238037550443626,1.6260153603291991,0.7622239229316022,1.5241897575199395,0.9493936418672156,1.6178895525805597,0.9743879274508221,1.6929849926051561,0.9942560195563757,1.6551996137313512,1.0306657848768557,1.6178115090691907,1.0237973043562765,1.5751646199952392,1.0821698394413106,1.587127602579856,1.0095220136712204,1.6335718413072917,1.0260221077820255,1.6164386759766163,0.9828847323182859,1.6391550910102604,0.9266739889090257,1.6463251361145463,0.8368120537528944,1.6563156311895217,-0.5305655104262078,0.5142110834280308,-1.3383412088890114,0.36256637316738477,-1.059238782778344,0.28596282949892915,-1.0157252478493586,0.2070396482410866,-0.8758366594384922,0.1682365145607359,-0.721903204934953,0.15306559534017508,-0.5893023887437684,0.1455655818796909,-0.4550979053764106,0.15689820496029322,-0.35876390588559604,0.15466970972301355,-0.24787963956569437,0.16947987562119657,-0.15936851684441936,0.18237680738139644,-0.10019926519944637,0.16718313694424952,418,1,10,0,1,1,3.0,1,2,0,2,0
211.01721284342932,55.45191950151322,0.4961602118503807,0.4999880142195573,0.07673691591928941,0.05000496362460965,0.27224710574067745,0.16578823375751756,3.4892284423790136,5.238510306478154,0.18029682572308953,0.1596883934986483,0.09804194325388944,0.03586752204488808,-0.33149828228721173,0.07491914966180412,1.3437032771709148,0.5029960475153068,0.6275497578064658,0.14039089290823775,0.0,0.0,-10.015001891206001,1.3324799553094275,2.1990542275999116,0.7369654920910931,0.20193474763495486,0.6040502247744438,0.4516550581679234,0.33316525948268455,-0.08676594927974732,0.34777516435600736,0.012990985171234693,0.30174758563200804,-0.020692834462692263,0.22154163342959857,-0.026071240762724268,0.2403111554146681,0.07456155471974402,0.19006651800473212,-0.005852137169096327,0.16724997736252822,0.036751954311066974,0.17634598379767674,-0.008503298280788479,0.13914679078054662,-0.005718346120151165,0.12013097921894561,0.06909549355706973,0.11894608266202711,-0.09536503972037846,0.12129147823431545,0.028334158268637097,0.09307314476643463,0.03478740032220711,0.09473058067253569,-0.038490183274025154,0.09200980295158806,0.018067596715458458,0.07749547349431685,0.007071217261277945,0.07168457652582734,-0.015010992861852365,0.06788620568970512,0.014760072434994704,0.06688199771862367,-0.012544922313347678,0.06563833789258591,0.010967464456569126,0.0630913427788897,-0.008535824100039722,0.062362332579671304,0.0,0.0,0.0,0.0,0.0,0.0,0.0,0.0,0.0,0.0,0.0,0.0,1.7766905494427895e-05,0.0012432484057990534,-1.3625770398532463e-05,0.007913704141673281,-0.00013492527780343142,0.019929215890805797,-0.020365685047237583,0.06174912821978833,-0.13331628873467322,0.28553299148667216,-0.394395410268301,0.8973975002831139,-0.5862263604099943,1.6507809762514054,0.1990401514458148,2.1305457931481295,0.9847829007265363,2.112949620750298,1.041215007361028,2.132079378273417,1.3722680233742248,1.7919309014955391,1.4191626723998678,1.7005121295186678,1.4007209023662144,1.6739520559402365,1.4498333128427674,1.5768189349202661,1.5177862937561404,1.6068623789286152,1.4212016541779982,1.6702783627990172,1.438203805820397,1.6389376455464986,1.058479194232936,1.9127871285541147,1.142965274585347,1.7475006448979218,-0.7164889675704291,0.6488879629818826,-1.4696689737117954,0.3839399205431116,-1.0286439505946154,0.33022468301762053,-1.0571725604104598,0.1779196022816025,-0.828175721251771,0.20834841100066298,-0.7078063373591527,0.15741629541545019,-0.5985636344647467,0.12784996737028742,-0.4130714123646364,0.17980133185711006,-0.35708135400699,0.1606554096565007,-0.20642127520217698,0.1913455760754943,-0.14680979179732317,0.1829916491464801,-0.060751344418047006,0.17473335014253435,419,0,3,0,0,1,1.0,1,0,0,0,0
137.39873580642393,41.08550483212235,0.2885526604315038,0.4530915799484582,0.07221755420061618,0.06749242061431976,0.20153944856337938,0.4102499620590604,1.36865063223338,5.458982194281638,0.15572717522642893,0.1582667440747545,0.09675329288170638,0.035121147589401144,-0.3700790473920049,0.07663197895142389,1.455530731058548,0.5203096959226853,0.5647713836531953,0.09947130519737839,0.0,0.0,-11.05928691378505,1.043913287700744,1.9346911039968917,0.6734009764212314,0.47043056378619313,0.3299137003279286,0.33860824168942405,0.30796257836665414,0.15479511841416543,0.19529617203828448,0.21276796033657866,0.21425832692680155,0.015445834880370489,0.20821621142545885,0.20329639263885593,0.17416662439944966,-0.005699639008447025,0.18040209827649906,0.09207134495802323,0.13538035398059092,0.013032399049868908,0.11648727209386874,0.02924353202919467,0.13407251721237243,-0.00608591415539599,0.10918787451315233,0.01321170464459058,0.11556222407504962,0.0005091348297632737,0.09799122723138975,0.0080267392922029,0.10000859962758138,-0.002897556935139814,0.09080658434306393,0.023883374149495568,0.08794710993730125,0.0024007681191627345,0.08303874826068962,0.015549413583257541,0.07884099890416695,-0.002524112053529731,0.07923610761542677,0.0038841189228860985,0.07179748107743172,-0.0075422248391389946,0.06895847048011494,-0.0035916500439836393,0.07184749548664561,0.00549665071215218,0.06611727495003869,0.0,0.0,0.0,0.0,0.0,0.0,0.0,0.0,-1.5160743792942085e-05,0.007179281065227675,-9.802963204067157e-05,0.02324228824970194,-0.002605627305003861,0.043451229838829625,-0.029458950032346384,0.0939111585427078,-0.11213307680006607,0.2393230351201934,-0.3098682101582609,0.6246876227546471,-0.39597044330037173,1.0810248768454407,0.07475178559316137,1.3267982327170504,0.3440807078443974,1.5112646793700308,0.5416195957430904,1.6985344454221185,0.6465366533076585,1.7383461975774912,0.6472037963071914,1.771838804790912,0.625791830487992,1.7852635069728198,0.6846707805984994,1.742053253622006,0.6509035925136096,1.7574962646910288,0.678787979601188,1.7633377055293205,0.6255081973399499,1.781992311338673,0.5741768340464873,1.811688750951132,0.4564932927921422,1.8474479826855548,0.41139827087055836,1.8630108651701665,0.22551007527791284,1.9434008100713542,-0.1859938917483473,0.3406639982128425,-0.9564613836531951,0.35056057603075297,-0.7819833481880845,0.21402864308598957,-0.7246687482166861,0.19553933707665183,-0.6847205757925046,0.1583741392964727,-0.6268626469848125,0.12701938257660794,-0.5620111500233581,0.10572045620231524,-0.5152510513092888,0.08222689054533676,-0.44309022536081,0.08315673694340005,-0.38754695766913594,0.08770780243358622,-0.33111749793469286,0.10005220523140661,-0.27402224937335656,0.11353548472173679,420,0,3,1,0,0,2.0,0,1,0,0,0
246.04395666149662,65.70273843601001,0.40605120597028344,0.4910961526888716,0.08537849090730251,0.06495152239529887,0.26724938802136733,0.18480926670659364,4.719539821586315,5.8754595450356435,0.19760600896626804,0.18823152797793974,0.12084703405618122,0.03387325555363525,-0.3157984061579113,0.07997202996655552,1.4610411431804051,0.5594358174704764,0.5701558369111575,0.12072801091485713,0.0,0.0,-10.230642814754873,1.2952920406067432,2.019822382601659,0.7593575665889827,0.37518832461561064,0.5241164125815932,0.4165786024463468,0.3286818920782952,-0.05833013551549433,0.38035408438412965,0.10138344593300291,0.24970171127627663,-0.061851704616798384,0.20591442116628447,0.13093212332948068,0.18805860127676452,-0.02602935189061149,0.14745002370194701,0.04057321929803837,0.13235879190004193,-0.03466215743943624,0.1387679893396908,0.029248058854550774,0.11871103781757118,0.0031277522146705024,0.11737187570099027,-0.013676455862473607,0.1121946987576697,-0.013763426814717107,0.10186611872965268,0.009476582847995295,0.08884217531334111,-0.0016769539826878269,0.08430196690449425,0.014036153546284682,0.07840351894868107,-0.001034351321640404,0.07423566907919592,-0.0042439322581805305,0.06981142071750433,0.0103339455492971,0.0691448421067142,-0.011204003965786935,0.06690176675748624,0.002410220187705772,0.06210277476749962,0.0036793550947490277,0.057216035819683174,-0.003575321909628731,0.05543539710869933,0.0,0.0,0.0,0.0,0.0,0.0,0.0,0.0,0.0,0.0,0.0,0.0,0.0,0.0,0.0002459373580038139,0.0028467511941080714,0.0018121189645445822,0.023492186761740856,0.00298659584773536,0.06846927204520409,-0.023581949390857476,0.1612483588206999,-0.0989095112313852,0.36377792177027896,-0.21834018956204665,0.9571059583723944,0.1308289894435513,1.4403300978711975,0.4553260405486547,1.5802242859296578,0.5443652361216421,1.8176007066049469,0.48822257528358093,1.8060827501954455,0.47774836402296694,1.751830853683278,0.5005184793450072,1.7196986096804021,0.46937843836672866,1.7087461786965714,0.50177187777039,1.7301251353872762,0.48956286487074124,1.7229959192242166,0.46110848712112146,1.7205722382798863,0.4003221009637376,1.7163581661635348,0.2576499501191584,1.7775775470293413,-0.5535576114737638,0.4302840028072991,-1.5127225860963127,0.35633578656435144,-1.2390500673395224,0.26431550593751557,-1.127556626947198,0.19008189002613482,-0.9033151017322514,0.17582202657245197,-0.7447699476633622,0.1231925334552785,-0.5513886019936987,0.14898507694725355,-0.41380664383518784,0.1630255263093073,-0.2671045579857,0.19044651667333573,-0.16069991209450557,0.20125582819434026,-0.07631686596849455,0.20093156815444957,0.003931909459982318,0.1977208377359712,422,1,12,0,0,1,3.0,3,0,0,3,2
208.09498348244318,58.41730558717121,0.4097659427056662,0.49179288673113813,0.05108629426127372,0.05199099871512691,0.2085494126535189,0.19051908578103782,2.6859579555302684,4.977412385223585,0.23134570041570127,0.2774502347348413,0.11061478223514172,0.035456517171641194,-0.3269735880377749,0.07544012034783797,1.4157155514052473,0.49321243477629045,0.5985947613740198,0.1326530729061107,0.0,0.0,-10.360229975600205,1.3492125859905246,1.8819649040133142,0.6254431647894912,0.3999833223152493,0.5195382409791219,0.38443951405592774,0.31852506658877916,-0.0028211082039401184,0.3382885921976519,0.12356548016477,0.28589937244258357,-0.02778821572264683,0.21514914618266387,0.07666214100822966,0.1982740380601153,0.054882757645723,0.16194394576374269,0.040699781682679154,0.14757946750823236,-0.021213657919247828,0.13183926309799124,0.038459731460036554,0.13320957568562794,0.01206933642449117,0.12725748831769268,-0.014876213517182275,0.12533023541418636,-0.026388836025038404,0.11262997250531431,0.02333188913984296,0.1055618662504685,-0.02420383954727063,0.10308187715112609,0.03546039885760973,0.0973034723100595,-0.020630507821237355,0.09250635473532379,0.016325044558980227,0.08624809045595062,-0.010469674513968531,0.0808586036408653,0.00505537972870189,0.07891770578104983,-0.003141189306487535,0.07550119049120907,-0.0006835291476719383,0.07283537322758546,0.003983353254640479,0.06923593296886454,0.0,0.0,0.0,0.0,0.0,0.0,0.0,0.0,0.0,0.0,0.0,0.0,0.00043695271545192833,0.003962954860411986,0.0017333386901996165,0.016985057289099024,0.0033434922134620597,0.03984392656390911,-0.009882068420292295,0.09970811125581416,-0.10228870582585683,0.3631209041934577,-0.3102930086457521,1.0784321657121465,-0.11657031576548184,1.6855027151358026,0.6142639275192504,1.7591599250592882,0.9422376700512795,1.8190960070903113,0.9814517795975138,1.8432959192064187,0.9523120285710557,1.8144663585447651,0.9698674361540701,1.7325245117735089,0.9858234505979735,1.7048297455041583,0.9776900916894086,1.7008273312749143,1.006340209745991,1.7255775148769512,1.0007984054052375,1.7585382638262852,0.9632361198344129,1.7712193525651232,0.9328077445272163,1.7536145783115387,0.8114442001168981,1.8202513966884897,-0.5215316830113866,0.5700649210833632,-1.3049798447851715,0.3341900832311623,-1.0179470817957448,0.3098097621550337,-1.0011126067355482,0.19017346783451297,-0.83038246504891,0.18921879646354484,-0.7238926568118604,0.12219908176585845,-0.5978942384931369,0.11427979959054459,-0.48386046183848946,0.1303887179922889,-0.378358480592185,0.15143688547524636,-0.28123648636164517,0.16866582291339527,-0.20824534832853372,0.17385427223475225,-0.1296366271739826,0.17676023816733477,423,0,0,0,0,0,0.0,0,0,0,0,0
231.08047783579698,61.66040064849917,0.4100745590107292,0.49184907232844655,0.08120136461350158,0.06537289086216999,0.26006313146564225,0.19640772628228834,4.4225013966096745,6.165170210906277,0.1981194640789702,0.1767445330131773,0.11158058577317088,0.03286544207792892,-0.3424439219864737,0.07921864789559872,1.5127273200322138,0.5145933939662354,0.5810332722832722,0.11772905777909662,0.0,0.0,-10.546658678201231,1.099703332575436,2.1121369393130003,0.8315258674541383,0.3063877454655886,0.5007725882738369,0.40831605262118653,0.3186119806290834,0.08026945901338771,0.24721314337029685,0.06819133755934845,0.2469264941394175,-0.061367019822109646,0.21343726706362415,0.09889829119123825,0.16010487223290948,-0.013461595830222292,0.15222038535978746,0.000633366966838646,0.1321626057521296,-0.037911785719574986,0.1423579189228764,0.03687258226834576,0.10710581926542563,-0.028181241297292145,0.10663813463207894,0.044562176146393115,0.10061547806292406,-0.019461058553817922,0.09145161209194506,-0.01471719573990509,0.0890258642704971,0.02859043681801514,0.09371759330892522,-0.0026530542936308767,0.08379540918719643,-0.013130357202416282,0.07349237197654185,0.01888579895607946,0.06840333471378017,-0.005032827316121893,0.06553721673462531,-0.0020881195752716943,0.06362455423519005,0.0013652744033521248,0.06293720212513247,-0.004950294788355112,0.058009667918680154,0.006903913887176976,0.05437053103383448,0.0,0.0,0.0,0.0,0.0,0.0,0.0,0.0,0.0,0.0,0.0,0.0,0.0,0.0,0.0004053285161267157,0.009331701489664059,0.000717092195466128,0.028180190902988404,0.00011640262494989556,0.07019618112960285,0.002924122318305581,0.1916146853063094,0.024004528700026846,0.6031182499049481,0.1552500106787277,1.3099817717904467,0.5531248688234042,1.5101484278414308,0.8169260962785009,1.6644361540116792,0.8373750479754328,1.7187783105618069,0.8463431326467497,1.6685501368086666,0.9524580050808893,1.5954859244201924,0.9304574768571775,1.5376196368466004,0.9077747886968281,1.516351599741009,0.8846587748713013,1.5919374233136656,0.8517388104217503,1.6689799332635196,0.8517619447091592,1.6655594255859285,0.7684221318356672,1.6673090134517978,0.45289870561024953,1.728106073041197,-0.5325349200108244,0.4674139781225001,-1.4731817394166904,0.3860021729804143,-1.1407049847643296,0.30060166742879163,-1.0674867672304056,0.20969492815667287,-0.9058449250123398,0.1615936271023905,-0.7366759364219034,0.12425472001360954,-0.5606670656092709,0.14506584840171632,-0.4319782436794569,0.15616988508116453,-0.3047862467130927,0.18083321303609476,-0.1928334372920418,0.198704524326893,-0.12493616034150787,0.19368585920261908,-0.05359344584447283,0.19324924119512493,425,0,6,0,1,1,0.0,2,0,2,0,0
152.38150676937443,44.52527958664481,0.2919000933706816,0.45463924301471004,0.04900925603196626,0.05368085360550728,0.15504449605313023,0.1550137972636291,1.3138426235594889,5.718495393885157,0.17165199994474906,0.2036463941278944,0.09873820016771709,0.03338824949957354,-0.36662368741526613,0.08466377379908013,1.440140863678805,0.5597093578850431,0.5638154255368815,0.11273574128093575,0.0,0.0,-10.833351812558357,1.0336112562311766,1.998054119890173,0.7196011319400016,0.5240835741323646,0.35810443792245117,0.36825108210200747,0.29127696974138734,0.13073782488516072,0.1964966506158669,0.12586243785287698,0.2408565490018608,0.008134320887443978,0.20393585927537672,0.1538991637634407,0.17990783955248746,-0.03866614976545752,0.21477099925440232,0.1281667360942332,0.14622903150524913,-0.027648367171381888,0.14251286937814708,0.034986948230610874,0.12085087904942887,-0.026838470827481326,0.12519104003781978,0.048105630619288395,0.10915468914410707,0.018965522993789685,0.10272816636126028,0.00817541367690476,0.10749851907923832,-0.0035914011197700746,0.09700049733132061,0.034078811080528716,0.09299398044421546,-0.0034818729348716146,0.08449823812823487,0.012808442578327497,0.07790667745567693,-0.011719102359227006,0.07723808701071325,0.006759666729062795,0.07219566665545511,-0.020513235115804156,0.07153267555851923,0.01551104381326646,0.06999972970957839,0.004311383379743346,0.06522375348260395,0.0,0.0,0.0,0.0,0.0,0.0,0.0,0.0,0.0003725956310192926,0.003788669326233416,0.001919864807477824,0.02050307199438445,0.0026114591694408264,0.03899076606849829,-0.00272853379442367,0.06126815099861542,-0.034340816812847466,0.14145978443168808,-0.10829573748718802,0.35572618414193774,-0.2610089076001435,0.8034470981699099,0.07649167714806722,1.31532899789639,0.3113642363909663,1.5840290246041282,0.43941626813368345,1.8469353408431815,0.5054375318500584,1.8297079121809006,0.4378178361972572,1.8713026584494699,0.5236570507428805,1.8800239344559633,0.513455225227241,1.8537428322600267,0.46757489222699,1.859897433704384,0.5041412396906163,1.8664724795552776,0.5043913070166782,1.8346054429645777,0.45790535845611585,1.836800417052075,0.39000427795636095,1.884565873951303,0.2789236417030461,1.9012137181521749,0.11063470748751048,1.8571793820963372,-0.21292817201168113,0.3023101704066589,-1.0143571649276377,0.3071703402801709,-0.8612890157380951,0.23200165861157196,-0.8103148905578899,0.1920119006118484,-0.742499527474323,0.15782659040486,-0.6692596096521942,0.12340590728340836,-0.593648798786181,0.09548571960422847,-0.5225897967436974,0.0829867627227548,-0.4368664190205415,0.09112240838171651,-0.3736167308474323,0.10027634893642708,-0.30833582770713114,0.1130183169734843,-0.2537310389223506,0.1234491273168067,426,1,20,1,1,3,3.0,3,3,2,2,3
202.2104955264969,53.768683193466074,0.3075934847442074,0.46149991972219556,0.06284155271108682,0.05605329020131408,0.20638752680007108,0.16793106966756366,4.200806275104944,6.363183241674648,0.15983124055830464,0.15037213740446595,0.10706625679593945,0.033545494358726766,-0.34185713490720354,0.07362505692987398,1.4467378022482222,0.5548551590396775,0.5636983095893554,0.11528245907978145,0.0,0.0,-11.106602343427392,0.8529311634336791,1.823789030693909,0.6768408220329942,0.40286644315095205,0.3267236191342249,0.3561958616896134,0.26643230725600786,0.12492010532466964,0.19219276567135846,0.14478640998802617,0.24116630201812436,0.04977749699782635,0.1807498565685404,0.156392954358315,0.13963127468039216,0.024177732699297433,0.13044489983857194,0.06868988198281488,0.12153623137770504,-0.0483527309476802,0.12097046316303901,0.018889357193196833,0.10748794458820357,0.008014536591093255,0.09494859423796705,-0.011198190343039689,0.1034623823957366,-0.026097660477546455,0.08494367936845144,0.009537790902269786,0.08643420828309907,-0.001019370785296742,0.07727512719348471,0.012338745270425557,0.0736571929422036,-0.008088517238185823,0.07271998170480097,0.025290583614138447,0.07303397619560768,-0.012916834148847213,0.06503623122007647,-0.0023675481202982333,0.05999842661471007,0.0016407487755103578,0.05675764215453874,-0.0012077180784774034,0.05567003659445272,-0.002649290016139367,0.05441779158972742,0.0,0.0,0.0,0.0,0.0,0.0,0.0,0.0,0.0,0.0,1.606700200673319e-05,0.00025188100303147646,0.00043226063987004596,0.007067250634712199,0.0010528385732646067,0.015818460087545318,0.001524379071083574,0.029501628895309526,-0.004809688690865254,0.0938658621466996,-0.022697263795781946,0.34077934495076806,0.014195750873662536,0.9138807568459243,0.23666544358966965,1.1690739494710307,0.36702160817054363,1.4265164284964555,0.36725019367481065,1.7709598310591146,0.37408899274999996,1.7974910561161472,0.3750453076366254,1.7800183777630287,0.3138126638344964,1.8189295191764303,0.3455441093869006,1.7698080090968245,0.3176002941703143,1.7726601116500524,0.3366103130858684,1.7799426504994915,0.3163574308406057,1.7674130537953328,0.3113539601526726,1.7913041572437713,0.21013067900705437,1.7771632926827965,0.13360706623341362,1.7741430244292593,-0.37199061377884834,0.37897783613663155,-1.298769123193393,0.3586744041515229,-1.0649244792750632,0.2348411243763916,-0.9681032086028907,0.203023733702384,-0.8574784194769444,0.1519980416800123,-0.7353059449046799,0.112782299777743,-0.6163287283053452,0.10048925446598961,-0.49306271883062625,0.11409684311636398,-0.39027124646226197,0.12375105986030259,-0.2967451533325533,0.140401876869072,-0.2093242317384985,0.15325789756729216,-0.14885673325060905,0.1523048038377566,427,0,5,0,1,0,0.0,1,2,1,0,0
157.25982104814656,41.29804563815357,0.29001562278085496,0.45377250441067385,0.05487060623106093,0.0545742026011493,0.1878597590021588,0.1803072704373023,1.428126371352079,4.971916618759833,0.13138420844729445,0.14868229919032908,0.10181245117542963,0.033969599248797756,-0.3438432731260333,0.07422637279114236,1.3984683901434452,0.5189878996240463,0.5848918589688964,0.13048519424138558,0.0,0.0,-10.929275455191025,1.1288584134263266,1.8376298349524214,0.6978789454697667,0.3094232347902841,0.3558964843966177,0.3689541675345505,0.30351322526701763,0.08174830063805993,0.21908306372662945,0.10101607088366751,0.23228830331138373,-0.008676673247169435,0.2015656283727986,0.14503433055057136,0.15181031751053115,0.0010498907554395693,0.14738143509956653,0.0617899382129953,0.13723928557366988,-0.023428674293958247,0.11902680347219222,0.059092592582898736,0.11825862474108752,-0.017620713016321544,0.11631585254559221,0.04091562440858116,0.10809537996787931,0.0017643175043492263,0.10550224017192984,0.012761985942168015,0.10505829569235284,-0.005520210809206222,0.09348248585106578,0.01500646832090328,0.08860797406638277,0.006200829821394689,0.0819567168378625,-0.004609869266190881,0.08131449859737272,-0.00024164062397528734,0.07359781084348085,-0.008169678013516547,0.07076379692944813,-0.00036842080189035647,0.0671905246522437,0.005764111123005255,0.064470212758245,-0.0069638146101099275,0.06288231565366308,0.0,0.0,0.0,0.0,0.0,0.0,0.0,0.0,2.321825594573214e-05,0.0003918918956073977,0.00016565875404791225,0.009696828060880826,-0.00017363212190130668,0.021875047340664033,-0.0030311391652496802,0.03580864044510493,-0.04013643044865587,0.10228287384934213,-0.15633023348327796,0.32483066939223837,-0.3750391809282687,0.8188868415054947,-0.28913558532602995,1.361168921874273,0.40923472824537704,1.6921143081718313,0.6555061835624059,1.9707049075001257,0.7500387011228377,1.9001021145281891,0.7305065809052834,1.9056785673263221,0.7388860884681436,1.9019872784011413,0.7643090069386594,1.9180202327128606,0.7432191969478769,1.9096311416681506,0.760720636999091,1.894878710415987,0.7041816131953132,1.906758215034677,0.7028170888742934,1.9117318638420884,0.6685499352350419,1.914718329971497,0.4678781861007811,2.000223631448815,0.2878220213530947,1.9552244171035769,-0.2807165976253704,0.41493658479540985,-1.0678211180107937,0.326754603280196,-0.8636697565885527,0.2210851535427402,-0.8464074053401506,0.16583799837475466,-0.7562615966340008,0.15042101123674914,-0.6767184636656725,0.12819385596249377,-0.600402982005397,0.10383394642606095,-0.5145480986426644,0.0966147273258396,-0.44375133037821346,0.08833899634942155,-0.36900718136084365,0.09762488489450037,-0.29877067258612416,0.10870265624870834,-0.25121468543104675,0.1116411630590463,428,0,0,1,0,0,0.0,0,0,0,0,0
168.559586845046,54.783117482671265,0.26141763532495743,0.4394092303892096,0.060146576306208295,0.0591729754832783,0.19768036138643566,0.17768504217795902,2.39340320420876,4.883657662097933,0.1427857576126599,0.15519057497746852,0.10611678398347797,0.03687086602042525,-0.3173517164931645,0.10359869247790897,1.4303756347192196,0.5606599719076997,0.5454801189543713,0.13328622842500792,0.0,0.0,-10.491736018422783,2.0404497298361726,1.6497978295783855,0.7588316859923011,0.40374898689054006,0.3847305185630436,0.36243376830264956,0.2977246070732068,0.10289549988570669,0.22515825493925393,0.19234231780022976,0.22114279315319477,-0.025367398361552357,0.22088155417886957,0.17431100806995542,0.16618639644790573,-0.04062358743882101,0.1868666168266395,0.0772798048993653,0.12639411255508182,-0.01599904324077451,0.12303081878432845,0.03165793137296426,0.11465877481877229,-0.02089261066936638,0.10921025051631418,0.0656726035316914,0.11132482600807846,0.0050784703133028375,0.09804934165705917,0.00042396547363058386,0.09390696928013838,-0.0016242217682551625,0.08836462792591325,0.02445385352014924,0.08080133206585932,-0.009711847204126432,0.07845857806097156,-0.009484893871706822,0.07789612452745476,-0.006553893020410962,0.07153379580321347,0.003258888153862935,0.0692417059267992,-0.005314790214958048,0.06409361453015894,0.008173908758033858,0.06171119724264725,-0.007669113029436559,0.06103181086404372,0.0,0.0,0.0,0.0,0.0,0.0,0.0,0.0,0.0,0.0,0.00046268142872983153,0.005819836042984121,0.0013863708900332214,0.017658243615648557,0.0024717129276003607,0.03145626554753946,-0.010673435817591231,0.07591920264089119,-0.07689240167234838,0.2520299759989546,-0.2118840601945467,0.6669212080728055,-0.060344095155049036,1.1020741994121386,0.4073497648974224,1.2658280234587747,0.579667330332101,1.7391268139820377,0.6411766364948878,1.7651383742491615,0.5694387388101761,1.7564598650936338,0.621943920713204,1.7316609324455545,0.6865694288225084,1.738816476209737,0.7065895089414272,1.7690648842783974,0.7249808688845861,1.7657425155632571,0.6916580577993232,1.7661467003575182,0.7367289362051153,1.792364913764583,0.7033639736702383,1.831042346338769,0.7020290557704775,1.8349570782537388,0.5597077145024218,1.9500992024705666,-0.2364574194162306,0.28360974803882666,-1.0552977902058465,0.3098775023158396,-0.9401191042798509,0.2531603013998756,-0.8753216247558772,0.22041916692126304,-0.7820521445039739,0.19012566896925054,-0.689809022893129,0.15907115019041798,-0.5900699299777548,0.136930932110072,-0.5122108912136688,0.11702778083496473,-0.42230094750404695,0.11523261580548909,-0.3461784144745746,0.12136581976724457,-0.27613577919773163,0.12801854990403352,-0.2137355932451108,0.1325755408043893,429,0,1,1,0,1,0.0,0,0,0,0,0
130.20637881138657,39.87233962811928,0.3009826252489574,0.45868769293703415,0.06048664822187414,0.054221706582204036,0.1753640755196558,0.1419401404735009,1.0281062530838918,4.230369217147366,0.13812904664153106,0.15590364742069013,0.10002276783206239,0.03201236969452448,-0.3303670709384566,0.08169419033632586,1.446766059265617,0.5303256325938251,0.5510697119246472,0.08772947745021124,0.0,0.0,-10.953618834934362,1.0602218597608555,1.8021099337090087,0.728547700766019,0.375669244799057,0.3446495528939652,0.3180202484461867,0.2816199607811467,0.1196535818818946,0.22243428914915012,0.13456427524006756,0.23908271481616997,0.021257733704548906,0.1972864272680523,0.1771730905543569,0.16838541442084778,-0.021569538236064546,0.18570226142081886,0.1307785907154458,0.16224027002108563,0.04262183397998328,0.12646543845412042,0.05960428596942638,0.11791619215814729,-0.010308031918600555,0.11834146155412091,0.009948729515635074,0.137174591159843,0.03318999399215518,0.10848929831513844,0.03350788564016109,0.09942504803460692,-0.022344635504470668,0.11012758552114421,0.03441182947542446,0.09145676497328425,0.02284746364896742,0.08874565616672225,-0.008918157006472607,0.08140258624440928,-0.002810246879720816,0.08171118769475458,0.014063447706050905,0.0789267327067238,-0.0034389087390727237,0.07736696062110389,-0.01186758874383917,0.07545640996014141,0.017876003264486403,0.07135248891584305,0.0,0.0,0.0,0.0,0.0,0.0,0.0,0.0,-0.00037161001120774873,0.0070327911877989735,-0.006874682070221724,0.034421688250665654,-0.03956399331248694,0.09761278034525638,-0.09702355548585932,0.18405264824944118,-0.2041007300780752,0.33183993801681694,-0.3626271605905248,0.5094765029929518,-0.39018178432751577,0.7480509898882443,0.07777616101040943,1.2474571855693137,0.563245156193477,1.7116294349872487,0.704515509912719,1.7388268962447755,0.26894290923352365,1.7955747316964132,0.019565253466802005,1.8063032193441493,0.5029092902815502,1.7936601000234118,0.5719052240815998,1.7852008141065852,0.5840239659189362,1.8332296214605235,0.674879158748952,1.8426280152275587,0.661369794525985,1.8617821324893657,0.7419511084829478,1.8526901871943515,0.6595137341515532,1.8509909877010544,-0.2658307429220282,2.090997116625968,0.09730849575760078,2.164453363468029,-0.15303302649054895,0.25308568095524536,-0.9053289473255646,0.25977464495359986,-0.8134616891581115,0.18201758656980038,-0.7563232025209344,0.159875357580012,-0.6973199101882723,0.14223572473068513,-0.6222998063656071,0.12890635889485252,-0.5711766439551491,0.10063362772412121,-0.5060522836793978,0.08741991341356439,-0.4420462145864281,0.0809619375746789,-0.39481065609587473,0.079014699685573,-0.328291258277996,0.09082003386392791,-0.28390492654942284,0.09612568814563785,430,0,3,1,1,1,0.0,0,0,1,0,0
116.42609427609428,30.92450108060523,0.3095647836388577,0.4623170922136356,0.06759566403466268,0.05407449936303081,0.21123628238444944,0.16643790758788338,1.6979752079259636,4.591372944762088,0.12020733046062351,0.12786511243773205,0.09730318755849857,0.03527266169836714,-0.3359468762800848,0.07162404216254914,1.36741465831151,0.5180027073052997,0.6068416989649582,0.15355155584434882,0.0,0.0,-11.2363825277466,1.0343505667849817,1.751959946024442,0.719260161916888,0.3178089430929368,0.3411201396336057,0.4490116342639232,0.3110828017462285,0.04643491111467603,0.2641003845894943,0.1671244291917945,0.20888659948804805,0.02497283136054246,0.18793379431199467,0.08403496423005735,0.2044235275426038,0.09445422929132934,0.1550138837970401,0.05900358065841877,0.16143809848505955,0.03610414856617533,0.12499377538349334,0.08131142681903017,0.12146452613823738,-0.03182548856148896,0.12842108575305908,0.03862968664403417,0.10770355127744655,0.019592118972745976,0.09105200863210086,0.003799218923759945,0.09892953595492482,-0.008772902700145779,0.08880991296283172,0.028462953642285203,0.08331019246231104,0.003411256307005862,0.08312097251888535,0.014180769269204389,0.07969050972386758,0.001238994916004489,0.07327973883653272,-0.0025107627758164607,0.07201796437737057,-0.005632963222617657,0.06808742270989367,0.003847206294385211,0.06339782247358527,0.003110876643731139,0.06139279441595324,0.0,0.0,0.0,0.0,0.0,0.0,0.0,0.0,9.276086378545953e-05,0.009304520483976906,1.3510424638084587e-05,0.02404852105083089,-0.02245789132088954,0.05948040168425142,-0.09931494844845318,0.1639808591536589,-0.24033485833740736,0.36376573642104243,-0.5438448107399346,0.8016814374501914,-0.5306527031151876,1.4901227564942787,0.541516441750742,1.8601262579219453,0.8941228742810325,1.942581558179619,0.9435025320604814,1.9150439617261419,0.8976550146763063,1.9252331431644758,0.8224602886419754,1.9193142449696945,0.8748018035332834,1.8507401139286055,0.8226520638361018,1.9122112427244677,0.8200783072229704,1.893663960284506,0.918573731050293,1.8694500895595219,0.81393352832211,1.9028448183895441,0.7951885980925552,1.9558676602967346,0.8773459965047263,1.8785998896146645,0.0020744842635365933,1.9373015189859182,0.00735373914395312,2.0274639760833484,-0.22561416237456056,0.46141261507664943,-0.9168773004614041,0.3789741024098491,-0.6951753066122958,0.19177496806672492,-0.6970452736874921,0.15136062967869007,-0.6089328551220851,0.1659245844964085,-0.5768117660385709,0.13769563585564623,-0.5375595714415763,0.1167615910075259,-0.4673887164125203,0.13310213197939755,-0.45182220098017206,0.08014811590050393,-0.3903830109091907,0.0861438476388299,-0.3545549303626761,0.07807846274171787,-0.32405576154764926,0.07707298394870984,433,1,10,1,1,1,1.0,1,2,0,3,1
136.09471857929708,40.56682417307355,0.4640240622466683,0.4987059415926877,0.05821884620670977,0.0426651033546487,0.19840838889412837,0.13639967928889143,-0.9655659297722973,4.801130544038076,0.13140811444328024,0.14797018876591272,0.0909077688237986,0.037114756531121736,-0.34078867533500007,0.08269629957297929,1.1799449767787196,0.5621723049141663,0.6156248608617255,0.14210751350123146,0.0,0.0,-10.213846094809494,1.5860330064350845,2.0370952390469044,0.8166475854096418,0.1640329362401103,0.5901753549758249,0.4506792720489883,0.3315500351767408,0.012484492287524152,0.2923269502489888,0.08085908081604276,0.29030319413300176,0.019916822130766263,0.2386066408396999,0.07545364637485283,0.21777698414485136,0.05048953385818882,0.16906804262171377,0.034602245221562834,0.17371171367737698,-0.017159818022155677,0.13224163284339008,0.0661114800516361,0.14834015016415797,-0.10274439522751862,0.16318494089143817,0.03740047346220431,0.11683623337364875,0.009502234571620492,0.11574311731826056,-0.01692592371252631,0.11199658249479345,-0.0003661504035992604,0.10116032717911079,0.04864841475986635,0.09552983548222754,-0.0010890438320234712,0.09036812879994366,0.014660829175655865,0.08270066976199941,0.011146113179536784,0.078935016985602,0.006116659786489154,0.07852356948678513,-0.007694751899451401,0.07441205691973259,-0.0019117782362756553,0.07271745473426931,0.018126954791026155,0.06815196000150273,0.0,0.0,0.0,0.0,0.0,0.0,0.0,0.0,-8.197944083475388e-05,0.0018985694645766958,-0.000829659115296558,0.010506935421415259,-0.009977758484604908,0.035568700160440586,-0.047339125509920386,0.09181871049899422,-0.16233820786377054,0.20760625528959814,-0.41065642077518894,0.4371603400937976,-0.7570423586653402,0.7645272235007171,-0.982208335970385,1.273141182377497,-0.7331847875662423,2.0374456166264703,0.17498737904948067,2.461473886328779,0.14856969886226332,2.481825733096838,-0.07530851419252065,2.4766648631992316,0.03632181898826436,2.496739917509498,0.18316147415395748,2.500499259628677,0.12622399391728223,2.506276052175117,0.1218952132887015,2.4983159836657785,0.04902772083539789,2.485749387364783,-0.23543128186950624,2.4495344720940806,0.16375418179118273,2.4578609873170665,-0.7226449725017388,2.026270045249723,-0.6681957282763673,2.156691443608697,-0.42546609115823963,0.5285774004001189,-1.0930799983559485,0.36170654434919525,-0.7531368063034601,0.24636770931693794,-0.8062080442302885,0.17574697871845987,-0.7081056904607135,0.157616603722402,-0.6293378333287875,0.14469877600142111,-0.5647862199464131,0.1264073449538966,-0.4754484240473214,0.1313588350470139,-0.45500048821775735,0.08925761059929678,-0.3680747757876219,0.10253991979189354,-0.3111059987813563,0.10525113199913147,-0.2771149388905304,0.10015831518857139,434,0,2,1,0,0,1.0,0,1,0,0,0
137.8153365314726,38.40565809292183,0.3883704026748074,0.48738309998648377,0.07039645887910306,0.0571191802706242,0.22763891713647333,0.17780026651528189,1.2712915594828536,4.645450796216774,0.15392291934611135,0.1465586325194492,0.10274442379524643,0.03088456135910308,-0.3406218361695013,0.06617058332378539,1.3932781889809565,0.5072715807682499,0.6026047890681785,0.13896483167059767,0.0,0.0,-11.16053961331589,0.8057451117536927,1.8849008943378398,0.5977012250271543,0.25379396570686436,0.45444033963285047,0.42038624501138244,0.3052753705982806,0.019384518478238116,0.22766953068642615,0.07065079216057422,0.2594742265764806,0.048441792364323305,0.1920689117328189,0.03616062172665358,0.20671775522303457,0.029644121496093908,0.13981461327780698,0.13805397308831224,0.1517092604433856,-0.016957983880372292,0.12840410558781795,0.0300200371008635,0.1331995734937329,-0.009862222741581626,0.11026612141507025,0.012084052532569993,0.10489982894046675,0.010353283851953771,0.09573351797858286,0.012046960787102634,0.1008933960302756,0.011120619294599506,0.08288552587365668,0.021803892767839658,0.07631988875917375,0.0035452225541961037,0.07562189340584399,0.020793287753349134,0.07241642824639556,-0.009722603769622038,0.06785680879890474,-0.01806934539732833,0.06604682915859295,0.0012673177361026313,0.06296860641721372,0.0006811479085595287,0.05889605965384881,-0.0052081198890818435,0.05643285111914914,0.0,0.0,0.0,0.0,0.0,0.0,0.0,0.0,0.0007884640031797355,0.00634798118005919,0.0032731383414817935,0.025376368552538633,0.005507741694626982,0.04410387366201657,-0.006478291908305276,0.06824370334179765,-0.1074161428909465,0.17548420316248695,-0.3370362637658531,0.4488950507626504,-0.7335157355301686,1.007585412127371,0.2181392253834249,1.7690367760710326,0.9572713761922081,1.7682969082048863,1.064553703507879,1.9049475094297232,1.0798152318588456,1.8283114572678614,1.0122391854266464,1.8763655417636067,1.1313007510830497,1.8103378725196881,1.1192579756861172,1.7674954703319912,1.1303261972685712,1.7757908542662055,1.085010372656825,1.8562002216925033,1.12427739772528,1.8028182515666824,1.0847840472908417,1.7691155889548633,1.0134308604756506,1.7459548374957772,0.04602806318441635,1.8561146135969175,-0.03389364887205989,1.893552263864042,-0.2620514673451374,0.3854938908973565,-1.0038917108155256,0.3240691410721327,-0.7623222525478558,0.24561189879235873,-0.8061427584387266,0.1817139265918322,-0.716144432468382,0.15200295809866798,-0.6202975354237534,0.14826430999059098,-0.5877815403954063,0.10324203030507514,-0.49299861135121376,0.10793637657402753,-0.43694793413911903,0.09203784745816393,-0.3949571590266026,0.08814473551860595,-0.3193657985353976,0.10112814069836257,-0.26442525913257736,0.10996893199978622,436,0,0,1,0,0,0.0,0,0,0,0,0
141.3966572504708,40.42814154848237,0.405484934086629,0.4909885332319352,0.07954685019613038,0.06262030960259486,0.23830779104068386,0.18072501833415378,1.8839102910812504,5.3956013001346,0.15919673218912428,0.15589168582565954,0.10595172769021893,0.03151868356546921,-0.37995570082744823,0.09847850037942078,1.4166986443032012,0.4998521840969395,0.5804855653248588,0.11161849494789562,0.0,0.0,-11.087432696563088,0.8668722300273697,2.030990534231763,0.8009414162340346,0.5111483622637465,0.3367615179931144,0.3409452994803673,0.2866671612894439,0.11419825259176203,0.20085706487734875,0.10863461527115112,0.218558190686841,-0.04236959825762124,0.23404166057262615,0.16306890431986193,0.1632036794052756,-0.03150054013576153,0.1691052388834764,0.07061850759137829,0.15308019118032642,0.02212159118694209,0.1161121053492858,0.07402446962425493,0.11706886660227507,-0.03703023931469386,0.1397807097630402,0.0071587895105109465,0.11974605035324609,0.01628253707486229,0.10632560137967934,-0.015507495516039629,0.10652547706030363,-0.02252792194034181,0.10501840246245135,0.04141126902765066,0.09134964873256018,0.012158336733046728,0.08594491890377035,-0.02262257696051871,0.09060212994838492,0.013580744212689498,0.08063863070074716,0.009729846149648187,0.07228760281058602,-0.011962964249910075,0.07161960359195874,0.012192028972548494,0.06702465361105081,0.006813070739101929,0.06779761914092866,0.0,0.0,0.0,0.0,0.0,0.0,0.0,0.0,0.00010222648564446797,0.0032806101725532306,0.0003254833921983922,0.015425516187003423,-0.003973672515277284,0.03435039868018086,-0.03901173893267644,0.0963929170545576,-0.13463893157386395,0.25242885380121016,-0.3542365615859463,0.6256645520045079,-0.5604997386256247,1.3074238307105084,0.041340797908686444,1.7129161537379327,0.7792972866101107,1.7194696745259213,0.9928600739812617,1.677456312119352,0.9713454395344233,1.7801386859027317,0.5504020266614877,1.9626027798941001,0.7263733496935852,1.7980697823792873,0.8502497632108169,1.7521705327726618,0.8797740877593574,1.7859113642950957,0.8814419340093573,1.7584291528012994,0.89491644096536,1.7424353276293816,0.8112531492708451,1.878972135950857,0.7030405167748236,1.9392230957381578,0.6168446001340702,1.950886297201938,0.34408490455165963,2.0613427517283855,-0.26743775945550846,0.34936351727000137,-1.0799815085334274,0.3809005185273473,-0.8767675097810735,0.20593299969244788,-0.8010988065089454,0.1675445601938174,-0.7162648650776837,0.1538778749903875,-0.6144807658959275,0.16757311634495345,-0.5458241150534486,0.1478703583808908,-0.5086762328412194,0.10210700216814406,-0.43641009019816385,0.0987690083309178,-0.3813473179399129,0.09986750535520507,-0.32608224834964694,0.10760788692687732,-0.26824577214033896,0.11685112534918679,437,0,0,1,0,0,0.0,0,0,0,0,0
210.8743460999533,55.24817491231035,0.5412813327105714,0.4982948770053651,0.0813689360604142,0.06089861393532069,0.251199521180323,0.17638527818469565,2.6509484951892652,5.411441471930676,0.1799907540100537,0.17058962416068857,0.10705242497182,0.03173196483694996,-0.3282136502499922,0.09079630493499025,1.3781581899423947,0.5286844915952638,0.6085039801494628,0.12566605343624912,0.0,0.0,-9.80475032305776,1.2314053946645882,2.152568314780445,0.8366433343441824,0.27346624326686275,0.5307246627236558,0.34712854271711047,0.3690997010169125,-0.01010673526449011,0.2913082576007005,-0.0025064199132229445,0.30459933863193944,-0.062453559621081275,0.24877803461876277,0.040225866286651105,0.19987635465300974,0.01467431677640277,0.18549026188091164,0.028021172745490507,0.1462988641406012,-0.019664672702688152,0.14927693724475904,0.031908915733613576,0.14449112452449486,-0.026319715274278375,0.1295115790198212,0.05493517283396187,0.13392014304330566,-0.021969450310657012,0.11949657221577474,-0.009662233236662697,0.10985851250070562,-0.0236570453285411,0.10352465341626928,0.05479041315503822,0.10041402420178426,-0.03690334639511521,0.09757943166839787,0.03887187051437996,0.10044141860021588,-0.035923310119405805,0.09071147604607983,0.021302361100214308,0.0787633105530689,-0.0057611398068120045,0.07371399529125176,-0.0028992496862104943,0.07639298876946135,9.25200069452744e-05,0.07280554014199153,0.0,0.0,0.0,0.0,0.0,0.0,0.0,0.0,0.0,0.0,0.0,0.0,0.000252969993664814,0.002008507359175431,0.002119784119882072,0.015772662097452816,0.003931963843468567,0.04215423580279986,-0.014626296681284847,0.11211661973316879,-0.1523087551401649,0.24863188402872857,-0.4568892988704406,0.7347598709249699,-0.7262901844818386,1.4659096211254523,-0.26919572266206604,2.0098579214819985,0.8220958559359878,2.071246147236481,0.9679814656403284,2.0693907062799393,1.0693825019492291,1.912728833225823,1.1942411702660427,1.8585235360516523,1.2099103463850225,1.7678551421585729,1.2532615783467382,1.7345032192291288,1.2091691239966291,1.757466491483419,1.142591815379698,1.8314284018334026,1.2260599555495095,1.7806531973025481,0.8626168900463801,1.982597144789256,0.889404619170987,1.8549477509491648,-0.5465777684163942,0.4210844425818196,-1.4118656458664178,0.3239453590486151,-1.1058650955838394,0.2595724505153749,-1.047453020590067,0.1836060189374485,-0.8865782155690485,0.14845617159258936,-0.7267970881060254,0.1264002139414657,-0.5928436725344076,0.11487983617755242,-0.45547746565692826,0.13453685190342365,-0.3498878575135536,0.1485761683907055,-0.22916836377525152,0.16954772052014305,-0.14606499966818465,0.17866015944586547,-0.0801322690866799,0.17504652562822273,439,0,1,0,0,0,0.0,1,0,0,0,0
206.77533925932212,55.26877905790685,0.35934262539689277,0.47980947361418735,0.06409258289900029,0.05790507495599592,0.21717051221572295,0.17861210296146696,3.371854965970752,5.345044726207619,0.1580190869228985,0.16253424152131507,0.11248736518870528,0.03483310935470725,-0.33256257501316716,0.08261451590285968,1.4424809150631845,0.5527567975167932,0.5740378843937178,0.12284314477577918,0.0,0.0,-10.677473982222033,1.069284124223734,1.9130020548146887,0.7311147361965173,0.3653203275005466,0.4539607399911026,0.3783048638892194,0.30736250353769834,0.04473413496370085,0.2633676417455046,0.12371745310458453,0.2556073201454801,0.04571964458125039,0.19112799417996076,0.11541878168486079,0.1878252217973369,0.037742520140198715,0.14594604316346965,0.08015966246604013,0.1340686823659328,-0.06383370564741697,0.14289357720978238,0.02160986316198104,0.11501509102357702,0.0007630897120849158,0.10661306730942449,-0.006383996370720948,0.10731276382700736,-0.01389585681385953,0.09494054460957552,0.02047041077727475,0.08963576681596239,-0.0025356603698291013,0.08448275721865418,0.010968706400438226,0.0841525790042197,-0.0046376836005714555,0.07813424050628576,0.00973678019636174,0.07437029877236069,-0.01838390028490412,0.07447816648109203,0.012113818653264245,0.06795760202243724,-0.005650091285138689,0.06553510985334657,0.0008222116314211765,0.06053406109020984,0.008513681376327938,0.05853521801354959,0.0,0.0,0.0,0.0,0.0,0.0,0.0,0.0,0.0,0.0,0.0,0.0,-3.3464046981734106e-05,0.0045066609298641,-0.0002596074841341127,0.013833517322380338,-0.0008955247341158256,0.03294663966892732,-0.020348836620959175,0.1009257966006871,-0.10033790340644433,0.31638331973619255,-0.26018094041124074,0.8592154997508668,-0.04769359396533225,1.4007691788033505,0.3857108952369618,1.569104626343519,0.5499930627338611,1.8254525561046875,0.5397092864805426,1.8596175617631017,0.571711943225124,1.8521181784055858,0.5743900097898098,1.8362120570927147,0.5652935181461768,1.8263207763407132,0.5772546775429985,1.8218028169904033,0.5666311687211179,1.8263675762445337,0.5621158163422061,1.8217995409268277,0.5408696182743564,1.8315851302499242,0.5348301732175009,1.8263790100725905,0.43910819914245003,1.815848242330114,-0.4504707822260149,0.4452553678874552,-1.3412798068962104,0.3545391422949322,-1.088733627033258,0.24075882909524518,-1.000859642050477,0.18470144036042535,-0.8697964985842686,0.14523375566540686,-0.7284751565613707,0.12845067048514383,-0.5992304651851694,0.1203347751396001,-0.4818386712499027,0.12726227821112046,-0.3776189486858448,0.13847729237527043,-0.2784337471267794,0.1510445357563502,-0.18408953993006555,0.1624582563477062,-0.11943506282061579,0.159946340430936,440,1,19,0,2,2,2.0,3,3,2,3,2
174.05025686958848,47.97412138509246,0.24555497215101255,0.4304179772270347,0.04710851473589585,0.046022590384542754,0.18777744944258168,0.2003448757271313,0.497321347624013,4.6710228968183545,0.15732490834835428,0.17006370514633973,0.10140533276277397,0.03606365658220887,-0.33203560031452367,0.06714076775262,1.4510359908782982,0.5505627020838009,0.551002149056429,0.10036101044957577,0.0,0.0,-11.196211919984352,0.8101808558896386,1.7013418712050734,0.5235089071955698,0.42046794567084655,0.2972067993777534,0.33089855037859695,0.24378101477728067,0.07400411669341712,0.21260596512550337,0.16628028259721303,0.211462343053332,0.003946740175144909,0.2196642385387843,0.1511384963655527,0.15466077491152722,0.029524270083637567,0.1407070254458807,0.054299890110327285,0.12571241730483929,-0.0007329702260318533,0.11987990393177941,0.047585503941189836,0.10616626446654769,-0.01796870771644271,0.10397737578386894,0.04731414483831199,0.10108768423465785,-0.02895244112970699,0.11086112561039371,0.018175154814981827,0.09006848214453177,-0.0022586940453933353,0.08090543231095443,0.011342317443044753,0.07733888194457066,0.016081421017132745,0.0770888055772598,0.0001297874328587163,0.07018847101399493,-0.00648871219666677,0.06682704991103214,0.008369540604689338,0.06518574549707201,-0.006875905835953506,0.061819993041418074,-0.003312843729448333,0.060088911942618436,0.005397197759064078,0.058512371355294315,0.0,0.0,0.0,0.0,0.0,0.0,0.0,0.0,0.0,0.0,0.00029523628746214907,0.006631370918879014,0.0005224169298413792,0.019457992110045032,-0.0004956636927830355,0.035219389400936364,-0.010877699892611845,0.08217089151173546,-0.04196808434269338,0.23989520998308356,-0.10209200182243208,0.6474702065308352,-0.02230328084054864,1.0109120273673575,0.1955324413074405,1.2904813894071323,0.38840531281539364,1.7480677789605445,0.3217292975720934,1.8754543782764739,0.30234311588069723,1.8759342829168533,0.33370586626016413,1.86650486837397,0.3067160842761837,1.867354186903412,0.34239517186318474,1.8598368883491891,0.31841801071504466,1.855331359562849,0.3217231010299554,1.8670047504937763,0.2649307325855195,1.85712787371138,0.2986111119057737,1.8638237055502322,0.2044585201847464,1.8605745061707233,0.2216774286465978,1.8258969712877686,-0.2201443329361893,0.2656443960533388,-1.0878382287838073,0.2842387008961037,-0.9613071537717104,0.2121186915903736,-0.8901803127446438,0.17965798097069263,-0.8028731969196241,0.1467312205569171,-0.7033517837353677,0.12108479826168028,-0.6079235292061237,0.09762367532525566,-0.5232995609053752,0.08439497172228927,-0.43112689264661136,0.09670755821901442,-0.35408471121819196,0.11247186905838974,-0.28476734604370696,0.12725892510164538,-0.22265964753522563,0.13643991861944943,441,1,18,0,3,2,3.0,3,3,3,1,0
123.03259614150662,33.543105592220606,0.25689067602059,0.43692170769059147,0.046983306994738426,0.04330718917941571,0.1527814875824742,0.1336927390492801,0.31626647365905236,4.9344607634310895,0.12234447943852078,0.15360946698733938,0.09517621327043677,0.036362779560244675,-0.34152138370592183,0.07650176993295914,1.3171584528952958,0.5709319365402715,0.573376160328528,0.11812365103336807,0.0,0.0,-11.172604540075003,1.105300156166741,1.8392887797223767,0.7399152576455997,0.36980057650914006,0.3343870142724877,0.3034177777673426,0.24848677233203964,0.029396832502777658,0.21696555411193005,0.09742590684531804,0.23209526535228742,-0.019233521065832513,0.20795461088683642,0.13207410074821405,0.15469445277844135,0.005809795669207912,0.16346265579745003,0.1316380357214356,0.15473958107554356,-0.0015464303573612256,0.13172311993297994,0.07764630232299295,0.12141297738325957,-0.0020182243259343233,0.12811060352716355,0.02514981464323195,0.13147372527854828,0.0226542582375637,0.10336713343355854,0.011403385251104362,0.11398190493362144,0.010458885023986538,0.09174321579292771,0.006442671310730917,0.093885995612512,0.025132049910501778,0.09069930576140142,0.028339277856897518,0.08471568641278886,-0.006054662692783506,0.07966217849852993,0.01409987866613295,0.07724163088741051,-0.013273281965132964,0.07703419616319951,-0.0005512329578217905,0.06863320833212407,0.005530826056641142,0.06730603986150907,0.0,0.0,0.0,0.0,0.0,0.0,0.0,0.0,-0.00025264867290698833,0.010132993847594822,-0.00355708904203964,0.03592707357076416,-0.024485412737586247,0.08521199483969155,-0.0710593784899531,0.1669173587669015,-0.15786830517918682,0.3148483262001936,-0.3093950594968886,0.573596700515527,-0.419081351133046,0.8603397397355563,-0.396717928099933,1.4968485511190415,-0.13659829488225747,2.0738082754831484,-0.11878272242645904,2.1432467984733927,-0.024051284367594926,2.1316417953749105,-0.20215708391752582,2.0560328766352116,-0.021672430411729473,2.09960769518049,-0.031002264567880102,2.120667171312559,-0.22704034634890422,1.9843716046272448,-0.22141794019601888,2.0150551742140013,-0.20945650028269952,2.0176068297799064,-0.1983575303085084,2.0139656056872166,-0.023932958889079013,2.115656934165017,-0.31777947647884675,1.9326735622246656,-0.32069932436024295,1.932027048491856,-0.17967296558201368,0.42153898255629874,-0.912362207112404,0.3936118537365395,-0.7565181410275056,0.18906689795520004,-0.704092150632388,0.16245418922974653,-0.6340279051114344,0.16964584415176795,-0.5922290823563047,0.14579541576428537,-0.5374158820833582,0.13455245465929794,-0.4849076045891261,0.12248327613706339,-0.43663148025322607,0.09995853693491817,-0.3936538223863912,0.08343094972490597,-0.3369500002919494,0.09315350462312137,-0.3054075645166332,0.08621639094423468,443,0,1,1,1,0,0.0,0,0,0,0,0
205.22068462941343,54.61244042522341,0.4605758151531107,0.4984452121214709,0.0744566971651348,0.054799506473787875,0.2693472555572107,0.186070428478441,3.7623225711168646,5.3846996930423145,0.1795571642384772,0.15674738683406847,0.10433810404393777,0.033372571732228434,-0.32273712855087794,0.09280518942273884,1.425321757357935,0.4895387744849626,0.6143923629329486,0.1361766460555909,0.0,0.0,-9.915151524239024,1.356396030503901,2.0422280411345426,0.8616176521730189,0.22217829883506246,0.4964242454653815,0.35049500106691917,0.35994108818471743,0.056584436730763306,0.2549243286172591,0.046728917353608804,0.3133575839766343,-0.03581866044530084,0.20147340586833032,0.0936330431181205,0.182160503290837,0.055098863647689796,0.19200414857481796,0.010892868256000426,0.14606670735436128,0.001423181094447649,0.13805791029487338,0.015437914532389792,0.12448342085974676,-0.046133565642195666,0.134333679488894,0.08443635915990888,0.12923227612019833,-0.06579332355804653,0.1204593071780209,-0.0061853754131954465,0.09920756100517711,0.004325165529423802,0.09146092081548676,0.02108278408308877,0.08478329582640627,-0.01278172812099772,0.07994977628100196,0.01816306995691032,0.07466953998781647,-0.016681630268205017,0.07190610320407535,0.010344196883522271,0.06873600606151306,-0.0028113025247110293,0.06444320196407492,0.0028128449334669475,0.06499644407268569,-0.012071264844860853,0.0628219118196411,0.0,0.0,0.0,0.0,0.0,0.0,0.0,0.0,0.0,0.0,0.0,0.0,-7.252999436529087e-05,0.0030097919143884247,-0.0005808727697716046,0.012230470681787831,-0.00222271700228819,0.028718618043454627,-0.013478148032708073,0.0889161820981467,-0.06123284624310983,0.3701669079135805,-0.15856595196106266,1.2379473858765677,0.17368585164775766,1.8557650634808278,0.8151847911341689,1.8464974514762769,1.2358862488184037,1.7993766651245817,1.2988021169547574,1.7789930049764633,1.2170261028489422,1.7441700561804647,1.2827012289416708,1.6799911653430268,1.2235671175813398,1.6412828668702768,1.2421690503494722,1.622029127106993,1.2149614236158461,1.6460977382338362,1.1583881485497671,1.6927768504859142,1.21218059991507,1.7062811719791522,1.087866572522133,1.7774048419860302,1.0479371818866814,1.729332006088973,-0.5388169389153751,0.48640487877240784,-1.3785249575883827,0.3429950218699696,-1.0617770454635285,0.2775604798208442,-1.0011262679837314,0.19822039715618672,-0.8658728411685706,0.16059544047853905,-0.722043341902647,0.13222029658203222,-0.6099986878997169,0.1097825366783633,-0.4760261990041664,0.12831029056215987,-0.37690195234542345,0.1481362913162488,-0.25278864620952474,0.16445719846754867,-0.17926280576894826,0.17118945925189644,-0.10902470394026677,0.16921136388850264,444,0,7,0,1,1,2.0,1,0,1,1,0
139.58166687805635,38.808140436619645,0.43181273693259487,0.4953321661688985,0.06490603565787285,0.04941782814450728,0.24553569954901983,0.18686739788891185,1.864627038863273,5.3153465123687855,0.16159626020623177,0.1582878151040702,0.10092903426823939,0.030437960253324202,-0.357863438285066,0.07850741970122808,1.4151918581152496,0.4796234728657398,0.6150325390718584,0.14635507183295973,0.0,0.0,-10.645575833932273,1.2859816998399887,2.0687940680332306,0.8456074760631503,0.26094309982109387,0.40592929366082753,0.2409645821927662,0.33891063640034264,0.14444990777282377,0.22917320508322123,0.09152890620766921,0.24510716792482792,-0.10513773072558238,0.23905700342500724,0.16265033600122744,0.1894356715143763,-0.00462206285441593,0.16964100694547124,0.10582694546347889,0.15804011089865913,0.001001505836134951,0.12239432679552686,0.04305245059672402,0.13066777401627988,-0.012581368870857819,0.13939944148047795,0.0005055834655686946,0.12399578546546323,-0.0024803954211918148,0.1089841349566837,0.025833945436416806,0.10358074192037907,-0.01940487472663947,0.09361844285628937,0.007158836682920418,0.09315147503054276,0.05353185142425203,0.1015981172685475,-0.02673487333221663,0.09127072170984395,-0.008573442885538832,0.08028127807495339,0.0011461483859186293,0.07984390819815518,0.007162795469534943,0.08287497963978711,-0.019626329883856874,0.08148184046654391,0.010109421295014727,0.07400682843866124,0.0,0.0,0.0,0.0,0.0,0.0,0.0,0.0,1.683321958609901e-05,0.0019049495801063464,0.0001213861643149284,0.012186764676888711,-0.0007114209840730564,0.02527181205638236,-0.013262413530740428,0.06723050803577338,-0.10524217486867628,0.21420276034895427,-0.3990889533693089,0.6866742400193394,-0.5635959718768866,1.5148224806834807,0.6156695544454543,1.6171178593651536,0.9907957084613648,1.5955137140716118,1.0320313108560437,1.7845703259934913,1.0259927869812848,1.7351796568911253,1.0445608180921377,1.7801686339515264,1.041160414406474,1.7366108740034205,1.05490067772804,1.7528930590385472,0.9984332972948702,1.7776007916145264,1.0446377240102032,1.7511175761724886,1.0100322112107134,1.7241558106802546,1.0306826584278386,1.7638185897593643,0.9010553036437945,1.8366294894055386,0.9166871842622499,2.0183067743088543,0.7278008301467045,2.151746688555601,-0.35495086082235483,0.4878125214628153,-1.0869550050028889,0.37929420420084975,-0.786485538653307,0.23936447912064726,-0.7617413427444016,0.19126826340317205,-0.7170052923801069,0.15323154692829874,-0.6138028826857763,0.1597581491167767,-0.5600317334376189,0.11973065234649286,-0.5076514756415677,0.09276508351634945,-0.41814275046308425,0.108960936409501,-0.3761046566063925,0.09846576954049058,-0.32669781424512756,0.10741046559994744,-0.27261369356545334,0.12122365716754616,445,0,1,1,0,0,0.0,0,0,1,0,0
181.83025340544873,47.23799847136002,0.4359375,0.4958814969516614,0.08243133028147046,0.062064129412159795,0.3045129702210777,0.22806879922863074,1.7283778712781552,5.0816753874216225,0.2217091062941106,0.18086962357659822,0.11127000219831733,0.03357277896187417,-0.34235804767140426,0.09650537190571595,1.4831369793669873,0.4928339707201103,0.584783969150641,0.11589582001408333,0.0,0.0,-10.559378612780447,0.9897531113440853,1.9252983885069108,0.7236647991486185,0.43832251629770635,0.4264437897056311,0.377674206200621,0.34705726851951146,0.06245341535030509,0.23842075680247288,0.07458550093864283,0.3001914149913076,-0.011573761828476964,0.23412852746685148,0.0910410511654427,0.20213134341059738,-0.030884712848337343,0.17907280454720834,0.09347531990868278,0.13529775213622477,-0.06526384077662258,0.14885504821245318,0.07471534453815004,0.11831299595783298,-0.011356394017969753,0.1169065178194904,0.04411592023481471,0.10747054715823745,-0.0529321378279399,0.1068551080146312,0.007802597881445713,0.0951386577297167,0.04794952602248116,0.10024048171500778,-0.00383844580122496,0.08652426461171003,-0.013676043960837507,0.08305527489318706,0.027068248882995423,0.0787616659336227,-0.02677112688968199,0.07555425072007717,0.004517707843579727,0.07098424147328278,-0.003877280459436999,0.06829055511568383,0.006456807800690014,0.06373374179225201,-0.00557597087089343,0.0617123515551443,0.0,0.0,0.0,0.0,0.0,0.0,0.0,0.0,0.0,0.0,0.00022637124707633214,0.0019277828676514481,0.001137209050128131,0.010654455520823732,0.0018005312591542065,0.019540769438205582,-0.0005340774125191606,0.03280527028914501,-0.04977012042996515,0.159719576932641,-0.17485871976547654,0.665876151418484,0.06934808225994091,1.6045436338262178,0.8980822528582032,1.463117508947908,1.0891032948453525,1.5292371734042678,1.078832650141356,1.5758818570764799,1.0475937077777246,1.5959263378883797,0.9553005385580627,1.6283775191875087,0.9540583413322015,1.596144292880492,0.9175767529501201,1.6556124547980577,0.8392454585411478,1.699914538249652,0.8568304798685598,1.7022782238990883,0.7470661234274638,1.7151699086150454,0.7457426048657654,1.7015710855551105,0.442299282434404,1.7779540267683476,0.09774056177587942,1.7842829536783495,-0.3713364907384455,0.32899722475623133,-1.3139678926883014,0.37161287061059306,-1.059544580478766,0.22495557397813495,-0.9332496284655448,0.1991647035617663,-0.8145671435079126,0.17371120751908684,-0.7023932398669873,0.14284091926789264,-0.599265581649339,0.11516977338473627,-0.49705835838985374,0.11269661211326026,-0.4097505341731169,0.12197266552630673,-0.3232891310405248,0.13988701171559428,-0.24050434373216145,0.15099777249536891,-0.16638892565602864,0.15487852907008956,446,0,0,0,0,0,0.0,0,0,0,0,0
160.45066988504067,45.390958812826895,0.4625681161540431,0.4985999245188733,0.06323817679745346,0.05109704318129449,0.20031723811810215,0.1475817755133342,1.1371104948733617,5.227161637670396,0.15239664395643004,0.181719164641839,0.09705471237957307,0.03611569758628044,-0.343140259095137,0.0950571742861629,1.2423239251971863,0.5491977920175822,0.6047909969644882,0.13934636933295133,0.0,0.0,-10.39574669933804,1.42391205617608,2.0019342794332493,0.842709678193898,0.36261722590657697,0.45748315274123824,0.4406406469624475,0.3222803416335148,-0.0219750595250509,0.3127547956264457,0.07522312326839288,0.32953871161382037,-0.03340328268247449,0.23865873408733682,0.052830304535682514,0.22973109793985472,0.02027983424669956,0.16902683001217292,0.10803806493876555,0.17515090570726385,0.023099884032772557,0.14734704678707514,0.060105735789095324,0.13451117657650846,-0.05325270310430823,0.1443864275299709,0.04906815256199637,0.11320645291135474,-0.03243664782988943,0.13215020442918446,-0.008562897806466494,0.11164418950194444,0.01157633449518963,0.10441541272563815,0.006891135789591486,0.1001819042453125,0.018534134616577064,0.0979145388860474,-0.010195548153253119,0.09084768746612411,0.017837147971713173,0.08776592812894943,-0.008179569887530021,0.080427786173091,-0.014294826429192357,0.0805170013075124,0.018590191807828328,0.07586835881563925,-0.009081083837678137,0.0719661272223326,0.0,0.0,0.0,0.0,0.0,0.0,0.0,0.0,0.0,0.0,-0.0003388308387876239,0.011313466068331664,-0.0022181103481745484,0.030494765601023224,-0.006947486900769363,0.05486062740139899,-0.04871407183082459,0.11220156803485766,-0.2206599127913032,0.28575674059726147,-0.5408431138467056,0.6293491979122467,-0.8771765064398457,1.0374055652551668,-0.875578678799181,1.66021305253556,0.01796281053642006,2.3286864868455535,0.2770776301383072,2.3240089918238422,0.6686030279970621,2.211129462243468,0.6811280399430689,2.2293053851972697,0.7164019947372953,2.20708718971636,0.713345508563313,2.18179771268348,0.7269856072196905,2.1589010534744753,0.6890673678212341,2.1556541421674655,0.6196175499170659,2.133400621481862,0.77667724801814,2.067387354037325,-0.21453890506389206,2.068950480997309,-0.0966357797297529,2.1941957628322184,-0.44636375373465476,0.5064089250021149,-1.248668278657548,0.42494870819416947,-0.9326546948629143,0.24463570073761573,-0.8932427078228432,0.19774831056321537,-0.7615236240910898,0.19697446205025962,-0.6680958371122407,0.17105448670391374,-0.5867655550484584,0.14033725878581665,-0.4754911702784382,0.1492785582886206,-0.40868199870845673,0.1240370154460862,-0.3189067233644699,0.13627494298601572,-0.25645617030416074,0.13894183711989,-0.20461698457354108,0.1364489515600342,447,0,1,1,0,1,0.0,0,0,0,0,0
151.29541875860477,45.7044924800211,0.4722792438519691,0.4992330261342798,0.0773990855434344,0.0576985588793659,0.21785770126917947,0.1484973436569434,0.7816846823268452,4.737541741276022,0.14096315225278855,0.14726069016532922,0.10093744219860014,0.03184189796022974,-0.3507759642264569,0.10208962194409026,1.29904204906883,0.5291208297901161,0.5910610194642989,0.12974571017951392,0.0,0.0,-10.113959624564092,1.501366020202931,2.0879967261748242,0.8501499388936766,0.322817382440636,0.4356644327787894,0.2718373093467629,0.3991738347360376,0.08657927234826784,0.2601468221381296,0.05119328316817946,0.30839083850514043,-0.09753823213446713,0.23708418089927116,0.158396431418583,0.20867325655106844,-0.06031609289959027,0.2036902084078885,0.11245039175112961,0.15521413781927548,-0.04030552599967172,0.15235939006164287,0.06341899709620855,0.13663876005722653,-0.07124976690089127,0.15242999985949068,0.033337060603798874,0.12483048416960599,0.0038930756558265118,0.12815447164887567,-0.01851116316609865,0.12232620855667746,0.016276642794853656,0.10757475708438007,0.01811757998926068,0.09533099953367095,-0.003618321167599074,0.09134095963361279,0.031523653352315356,0.08629436580375033,-0.007985609998912357,0.08264199306019851,0.0053245798198783174,0.07666299229705713,-0.011682892603111155,0.07469980323724844,0.012603273838760502,0.07131263037170119,-0.017827966932780735,0.06939121465068437,0.0,0.0,0.0,0.0,0.0,0.0,0.0,0.0,0.0,0.0,-0.0001635445014216292,0.008302541317685671,-0.0022121664921948493,0.02286995209084825,-0.01386948605395639,0.05041555984045674,-0.08522038994811029,0.13407988124445894,-0.28913891994900126,0.32080993453653694,-0.5879762017140042,0.5820903721484084,-0.7521155253782836,1.0802908796215172,-0.3218807029307628,1.8760319857545336,0.6173619009300159,2.1852265435406872,0.9516167522010076,2.082789302364766,0.9365654217257191,2.0350115899954444,1.001116087002457,2.009685098665903,1.2442614069679097,1.8593991621826949,1.2437828239114008,1.8777847258637463,1.2277681509787701,1.8904778563904745,1.2556338502887163,1.8425421503180253,1.257529089629923,1.8446960150664489,1.1677667111865224,1.8377584086675427,-0.20428842313432097,2.28951581327424,-0.5239977980409155,2.3426153434802326,-0.40591364537662294,0.4580394394996807,-1.1596590781457388,0.3751049124526658,-0.8976086980107009,0.21910932194567007,-0.8582602865984056,0.18249664617826547,-0.7491113744273243,0.16868757759002304,-0.6401495927729001,0.16134424506455045,-0.5838919990303301,0.12732878505549522,-0.48435596782680806,0.12990315645026143,-0.41281857730541893,0.1135796164240499,-0.36169601338734036,0.1125416503172045,-0.27011972942762924,0.12487549784781406,-0.22024579662994945,0.12426001971507843,448,1,18,1,2,1,3.0,3,3,1,3,2
166.57543532519497,45.96248305472599,0.5945090269887053,0.4909891903203717,0.07693318708364166,0.05116138079587529,0.28781796791740616,0.18354755713675944,1.7748271432475504,5.003538682500944,0.16684887835903034,0.1472770721564017,0.10043297470141496,0.0320251915304817,-0.36589822995756005,0.0877539059539963,1.3114747309384376,0.4886217180808772,0.6537023697423495,0.16225895370004534,0.0,0.0,-9.928606165933436,1.4187382327923532,2.2783794159505284,0.8843058086408959,0.27901488898254817,0.4839186626704904,0.343951789893027,0.35666014755927283,0.021226498827202553,0.24652645400862197,-0.008623994382299528,0.3219560971767654,-0.0732850524530985,0.23497917252115905,0.06799789682271296,0.1949021345525638,-0.057219298536190503,0.20733490125371803,0.13468655701780718,0.16010487534391374,-0.04073314492279909,0.146796999821659,0.03607905042308005,0.14887476304112138,0.023027030821447237,0.12116346302712576,-0.017677753649152656,0.12567049279422415,-0.03242264511948159,0.11178470572137209,-0.008072996672188717,0.11660756407724586,-0.005963886350364867,0.10740715547501795,0.056504616758957835,0.09820480256011961,-0.037525316581240954,0.10079304379233894,0.04952407536157464,0.10187091470740708,-0.010902955312146956,0.08271691836004738,-0.014374520373144342,0.07535619313237871,-0.0027876022185592754,0.07802259681296696,0.0035686293787275773,0.06809253187175383,-0.01719304123711311,0.06691732229580209,0.0,0.0,0.0,0.0,0.0,0.0,0.0,0.0,0.0,0.0,0.00016986789049576085,0.002668054806800145,0.00043293563566918197,0.010850762501124267,9.69045089627559e-05,0.02036610210055226,-0.01614712534922641,0.047757604799558,-0.18228383591306027,0.21403225455310484,-0.6301025568986209,0.653318073247003,-1.2052225250835784,1.468546582408765,-0.15213353328593848,2.316977821335379,1.4907353245948394,1.86860885175344,1.6382921973485027,1.6610193312970398,1.6900559096718428,1.7144182701380832,1.6421832422907088,1.5545561243892794,1.6627768292639533,1.5347488849525008,1.6422634781613394,1.5310957731010446,1.6220297757750486,1.508284494368896,1.6610655513865988,1.4958944098708937,1.6126402592712756,1.518875706630826,1.631701872519807,1.5558097241581885,1.531575728897571,1.6644701985554582,1.3905645348245979,1.6687549065573428,-0.5603525742102088,0.5246724732791631,-1.2502896711437426,0.3428162733132754,-0.896023332320407,0.2669449804356617,-0.9037374379084967,0.1914937661833707,-0.7954461804511066,0.16646515784120608,-0.6798527242827453,0.15419748839311975,-0.6078955204537287,0.12028384664190865,-0.5168645630669425,0.11532758078600176,-0.404395693028659,0.12881748163491322,-0.3440774666849926,0.13137494722619966,-0.25146223268536255,0.13872814970451794,-0.18621992612177063,0.14117953925730808,449,0,2,0,0,0,0.0,1,1,0,0,0
186.91626065517212,50.89776768017571,0.3862873299169465,0.4868998085421639,0.06807212837826723,0.06047672273961378,0.22505734734773936,0.18612436769573257,1.6606710575108343,5.052313581184732,0.1556231007887478,0.16489198394416038,0.10621937812465537,0.03478017325801261,-0.3274294737706814,0.0987931493762084,1.3889113592339217,0.5076007590992855,0.6016068903306153,0.13499479618250373,0.0,0.0,-10.371880614108164,1.4019017395846503,1.8329902174987,0.7833641513166388,0.4684167367513081,0.4146459045697119,0.2902734713998435,0.34886009117397865,0.03944750362464343,0.2681750199682078,0.0933977779291108,0.2674675589343867,-0.10414747611003473,0.25447040364363877,0.15514577626518566,0.18728687861602492,-0.0017871030238827323,0.17561023434682976,0.071619878025548,0.1402491150935342,-0.0038460425010486453,0.14726704549773456,0.03129171221753146,0.12626753099097815,-0.057691181497592864,0.13292937643312555,0.05752876253851851,0.1222084122404173,-0.046196050505633,0.11290279092974972,0.020878729005497355,0.09166424038496865,-0.00358835019503514,0.0926856861185483,0.01964669867726841,0.08832651525484041,-0.013391246429780373,0.08699477411519355,0.02567617955508184,0.08322916534004161,-0.015108238152525433,0.08143975707132554,0.00483309136805594,0.0765687981063972,-0.009693311686827556,0.07099746596003502,0.0061544440783892485,0.06959361883644251,-0.0023601134208124435,0.06697166762332311,0.0,0.0,0.0,0.0,0.0,0.0,0.0,0.0,0.0,0.0,5.61686824488333e-05,0.0017922886660696022,0.0004884977534406794,0.009772223125813063,0.00045004208888697325,0.02051372037598148,-0.008353794262456743,0.051001950797730435,-0.09033083356927313,0.17430460072445728,-0.30613036732379145,0.5453518457345876,-0.6237788176208383,1.179895526950911,-0.48457386068484254,1.6858584572106823,0.4996231842342245,2.007948015547796,0.9015263294320551,1.9227958045708802,0.9368961033026615,1.8635916794835352,0.9856110946189132,1.8184823954351528,1.0940287132230597,1.76476239714909,1.0499247619425525,1.7869616572382856,1.0939126415673306,1.7541981660218575,1.0409158835000463,1.7637362512106678,1.0350223758286083,1.7887918258084943,1.0122956627127964,1.8135850479039282,1.0992435459925447,1.8002962354291778,1.0640769971105781,1.8023968285793075,-0.44989316750076064,0.502875975359879,-1.2072123420762542,0.2847757000054018,-1.0012663928929058,0.2248920620889455,-0.9382910910568081,0.17996825102986475,-0.831817748894723,0.153244364445859,-0.7260139377115256,0.11862645224431949,-0.6011081880880014,0.1191958984140375,-0.5148435120759431,0.10405870238088655,-0.403074036341,0.12199368864057486,-0.3186140763304174,0.13061273083911537,-0.2499688317968933,0.14251428739916988,-0.17811465165989365,0.14252916179576652,451,0,4,0,0,0,2.0,1,1,0,0,0
211.98656866768644,65.02451460739545,0.30532651817582607,0.4605484483737719,0.05506415711733761,0.05608218893704139,0.18220595103321766,0.1762174362842165,2.3161364235674116,5.492168876837281,0.15093884171730776,0.17452287543973408,0.10675743770448581,0.03694448149283464,-0.34337564609113413,0.06882554283448174,1.442401908990287,0.5295762940913549,0.5572404407466826,0.10246238141604444,0.0,0.0,-10.871600483776692,1.0582302758169866,1.8402757566374408,0.6131710879235904,0.47809103265628217,0.366663113784356,0.33252968526009274,0.28335560925467784,0.02166030389554391,0.21707475302782753,0.11466445450710243,0.22156988380922557,0.0036674173767227546,0.18417211354962112,0.10170475138293472,0.15946604678474374,0.005454774019175715,0.14353547812483095,0.047838382987408126,0.11961329997353569,-0.016489220895433348,0.12337598411150152,0.041652987123540895,0.11129104797420146,-0.00714665223683207,0.09998288340071942,0.035838910911089795,0.09572246032243725,-0.02870052416665274,0.09717006710838189,0.006349755981419244,0.086173284724324,0.01120634633791864,0.07946935679485602,0.013927266146594413,0.07585037087392764,-0.02187943941067791,0.07902521807070227,0.010738737122129489,0.0731675729864289,-0.014594513112222512,0.06986572159367295,0.017501060935366193,0.068134938940719,-0.008283521256188984,0.06109698717290896,0.0008917000072379956,0.0584185047483391,0.0009830521953823577,0.056002997445695694,0.0,0.0,0.0,0.0,0.0,0.0,0.0,0.0,0.0,0.0,-4.40736215436083e-06,0.00014405768694281365,-0.00013048977607866782,0.00516404365009945,-0.0009653974007000461,0.01590834443017041,-0.008368430873961122,0.04385004143860659,-0.03911179418051337,0.13294952443166017,-0.09686018821215547,0.35099345116944985,-0.15190912741477947,0.827586532957096,0.1757100465447103,1.1928570274109325,0.46811772935019713,1.4363354477437134,0.5097580703572611,1.8141612705564352,0.44785271892845324,1.8677141941281312,0.41388620816506116,1.9021026240082861,0.5347165750049497,1.869814690665565,0.48699338225281985,1.8551880865237715,0.4478665885117088,1.8412213434750733,0.4170323026690669,1.8764831433380234,0.4183290675424144,1.8617411005102156,0.4577335602527491,1.8505361270413572,0.20338179487134525,1.877898519056162,0.3036531080628504,1.8205816293612873,-0.303038664456283,0.2742779674864882,-1.2428175286721634,0.3241898192946621,-1.0945507201930134,0.25416999588140216,-0.9944728566827098,0.19015567301963174,-0.8644091121391886,0.1372608440441719,-0.7312817763185713,0.10309732173557414,-0.6056699988421695,0.10020923317415457,-0.48390441346279645,0.1250973325507523,-0.3846102097315724,0.1511033238863323,-0.2946977310939895,0.1715497733243758,-0.21638654081061573,0.17893345796259674,-0.15497303594768247,0.17870693562359274,454,0,1,0,0,0,1.0,0,0,0,0,0
192.2230506803129,52.224764272786786,0.4409307160276656,0.4965018679093269,0.06096639936586442,0.050273986013050095,0.20761803446915603,0.15859749857973546,1.9360861623428884,5.865793818045584,0.16716928867992645,0.18391105880932035,0.10084849076160393,0.03615758071479143,-0.34038710047280746,0.08306609084967291,1.3468183299351002,0.5259529418983214,0.5998869181359027,0.13162644474486393,0.0,0.0,-10.60044881328376,1.0999148937198224,2.0277886754792838,0.7747158304306372,0.35411370633498446,0.47132903457856234,0.32444818901364897,0.37653460409680367,0.08496291450227215,0.220750149727319,0.04110321662707659,0.29948436019403857,-0.04145624259508082,0.2071494398579986,0.10385744399971349,0.18144763505937558,-0.009779455826754086,0.16560519201287546,0.07179773796983702,0.1364371665875816,-0.04448251930658458,0.14498508172035565,0.07969697455068765,0.1298023673686216,-0.06830720929694478,0.13728026785924494,0.07169950377394554,0.12295886553606054,-0.020947986351226695,0.0976311320568286,-0.011349412502441395,0.09106528590750938,0.007330955732469782,0.08597606201099452,0.013380578150498581,0.07816050699627936,-0.014731031531785472,0.07651357815308729,0.02743952054740735,0.07431630506782733,-0.021330203764496743,0.06867808604615121,0.0016817821532909552,0.06586164064636493,0.007137872780496675,0.06217261718530728,-0.004023964700343821,0.060130646370400186,0.003609461683724063,0.05618799970713097,0.0,0.0,0.0,0.0,0.0,0.0,0.0,0.0,0.0,0.0,8.34704478204667e-07,2.014266874128597e-05,1.4414136016404807e-05,0.006150114307740189,-0.00030050589258221735,0.015238726529291922,-0.005469440318403856,0.037534786717410215,-0.0652151657022615,0.1416616693442439,-0.2497529820274255,0.4286142895045954,-0.5662556215383787,0.9700528927916815,-0.5431669573374126,1.5375506293831858,0.26154457194550834,2.028362895366695,0.6429391699649516,2.175315002030703,0.7290904996361892,2.110896240433401,0.9579899337269951,1.987909711483987,1.018365142143019,2.0015946560897517,1.0274163516200108,1.9578917333602017,1.0142219626871947,1.9758154745813934,0.9759869000162078,1.9613044722404838,0.9527084266616825,1.999469856558166,1.025442073676355,1.92238796793155,0.5118091182207919,2.1287366253298012,0.8286085776368289,1.9968896623766572,-0.46149977895836564,0.4733622430688366,-1.299617152094244,0.3474717823092686,-1.016081262338251,0.2586154330229954,-0.9699391757686003,0.1841349204523213,-0.8520223104119191,0.14493165418001913,-0.7062371824916378,0.14453118733994286,-0.6083253905622409,0.11069114711431606,-0.49041443008614194,0.12105602605591312,-0.3940919046457842,0.13877873325537565,-0.3026883691591173,0.15045855845802822,-0.20679384331847836,0.16726691252973908,-0.16096411790652862,0.15899881786314282,455,0,1,0,0,0,0.0,0,1,0,0,0
203.4808709739546,57.224862969593794,0.43121594217675513,0.4952489596878947,0.06619460529624444,0.05450794596444358,0.23310651722464282,0.1835297306010313,3.3126508661951424,6.258800351889141,0.18093026126796607,0.17021912139688192,0.1047677753674563,0.034744075669615085,-0.35746983241709807,0.0881475036890174,1.4274041756449036,0.5065918239127482,0.5860505880886835,0.12154578475240976,0.0,0.0,-10.356393770179793,1.249603068700174,2.1043169180413392,0.8629365760829796,0.42706608856083106,0.46537791514972326,0.3789311808202211,0.3274510300546512,0.037754702838680626,0.2657943178081488,0.10521001476480532,0.25122448374019474,-0.05534706248665137,0.21343037181106403,0.09323473954644326,0.17743689073769184,0.03497429670847398,0.16766808891158277,0.006351314160538807,0.16439854519675834,0.01793610334037771,0.14391097002406408,-0.014522889214767359,0.13778634607334764,0.008811235986707903,0.11217318067338891,-0.003412256733192854,0.10820809912949299,-0.021529604209880593,0.11217634099665978,0.003457223841156465,0.09897378754083164,0.019457717448397176,0.09908759550055717,0.0013374737375864345,0.0886854686136995,0.009010002815182,0.08353881982435055,0.005765780213562293,0.08093108151205017,-0.015762810233010346,0.07854404877616784,0.011190514697551123,0.0737279336965439,-0.011602280690475216,0.0731192553805439,0.006404120864582129,0.06785613870732059,0.0011939602111365258,0.06355780747379075,0.0,0.0,0.0,0.0,0.0,0.0,0.0,0.0,0.0,0.0,0.0,0.0,6.323469025314663e-05,0.0059189141574169215,-0.0007514904950043616,0.018902878267223495,-0.005484473895739625,0.04224267276099317,-0.01700480352038531,0.12430382829910419,-0.010164039313854694,0.43067708219113227,0.05331937624723539,1.1316101301342052,0.11309460811191743,1.6543461346001602,0.38816560751548107,1.9634123331261764,1.050216434978237,1.8027447880051306,1.0322573301089055,1.8288362356993388,1.03967702552502,1.7165541297085638,1.0162146688384133,1.7459828440364968,1.0408493851411582,1.7363172913397809,1.0255717054771096,1.7230668855870135,0.9850688147705309,1.7400926899522526,0.9497624751302043,1.7879088378040122,1.0138830207471141,1.7334307974958352,0.9758450028265414,1.678053708532356,0.7433815625283395,1.7615202032245423,-0.4498323593964698,0.42872212277716015,-1.3149440820899752,0.3416683967632471,-1.0599336867364535,0.2769489725039018,-0.9920478439656051,0.20001171080096938,-0.8503130078644824,0.16702810635521087,-0.7421363007465815,0.11607154346302233,-0.5919038112668095,0.12534184540804652,-0.48512812834061786,0.12685935716207183,-0.38576271628072817,0.148126053181114,-0.26558135231303176,0.16902069829230068,-0.20878729230835516,0.17175823100746201,-0.12211420973068689,0.17362204694577385,456,0,6,0,1,1,1.0,1,1,0,1,0
125.95064999844125,37.15009069526129,0.30161798173145865,0.45896270414665963,0.05866173866636426,0.05063152713706675,0.18397767953128827,0.2589186028078111,0.25522462383628347,4.990720958786411,0.12326086565355136,0.14082593975920518,0.0990519455026239,0.035134916940486954,-0.36546820172382083,0.10007808287491143,1.3083282370545872,0.5683058205691033,0.5924170107345865,0.15414102681703057,0.0,0.0,-10.655812574949861,1.5915125752520531,1.97665731948634,0.8380406588610463,0.400006172678216,0.4134951832606158,0.41374250496818277,0.2647303403837616,0.091294327135686,0.2628278063456725,0.16926972423849282,0.2560882518753793,-0.006050129141825402,0.21835787474211946,0.14498997580492357,0.2060139088806047,0.04381023300747878,0.16329352273649236,0.09090815609990854,0.15860792644124086,0.002587027648352402,0.13741962789229492,0.0620075760866937,0.11821804263623227,-0.031683312452413154,0.1482108373088049,0.038878614064025006,0.10519239714342356,0.010922871851698516,0.10307097864877574,0.005367315324294769,0.10269268271739977,-0.021791824977528032,0.100234451217112,0.006310347513297794,0.09019595375558506,0.01558598210939427,0.09322167398813945,-0.0050803898871522694,0.09259120564191148,0.013940479082693724,0.08506749212258782,0.002044343769225094,0.07914241310241918,-0.006449421012719083,0.07785009517230862,0.011431676666295267,0.073799632756984,7.530424920368679e-05,0.06711758964158195,0.0,0.0,0.0,0.0,0.0,0.0,0.0,0.0,0.0006442587346737538,0.010572269179655265,0.0003891469248940777,0.028069110711426083,-0.010428941369953551,0.052885464626206885,-0.05713541345142283,0.11139363911208022,-0.15544749089266835,0.24531538448363174,-0.36002626598169923,0.5396254919087464,-0.6075733601760555,1.011622901674483,-0.4833678869103105,1.686322003695515,0.23114187610760567,2.198980065529892,0.6416125712206981,2.147780686750661,0.6131510667157661,2.145517190990606,0.3709800504073012,2.16869146844153,0.6034502485649084,2.097321106809414,0.7166740466964284,2.0526085316990437,0.6617732038866062,2.0804300090901764,0.6577886164240734,2.0615166439066,0.6450973028006567,2.0556429877190068,0.4764902226932485,2.110396317872153,0.6348498553460111,2.0640585153648505,0.22182786679157446,2.090084215723636,0.0022422516347538773,2.0879984075482896,-0.23061867464980795,0.43938123392966527,-0.9356250523220168,0.34936388837683596,-0.7402919006588624,0.2324203413443211,-0.7312457894129749,0.18320767888323203,-0.6539971632592408,0.18048684334443807,-0.6063248065644127,0.1561737128623524,-0.5607297902633247,0.12937093579233883,-0.49265574941940754,0.12473134810363111,-0.4494272863017116,0.09725973954825429,-0.3866281990833557,0.09818663553985137,-0.3390776196735252,0.09277164886594796,-0.29815112299213353,0.0945350627330973,457,0,3,1,0,0,0.0,1,1,0,1,0
219.0129355276874,61.27193393349827,0.4646786913900033,0.4987534705960315,0.06586119143169303,0.049896111746178994,0.23635884952831604,0.1572986415503269,3.396789660690106,5.68591124888466,0.18595906585849573,0.1831222722965659,0.10082505820550484,0.038197430712461275,-0.31912413861999983,0.08897360181560736,1.4474016064904025,0.6119822381131677,0.5926844015541587,0.13380331642371837,0.0,0.0,-9.794960925966876,1.4306321105648354,2.1814608833569724,0.9472778680838856,0.30134415064378073,0.568377868771979,0.2629963869841846,0.35330206688571014,0.014991271563280366,0.2789932794628833,-0.06034172941436543,0.3766706075913219,0.014738549317324233,0.20986195563574753,0.021641851023800954,0.2139989619414558,0.021599469846897475,0.18734488527630339,0.11269405521760957,0.1583535737911909,-0.07671738442134957,0.16266398557981587,0.046758505639620196,0.12893635820651703,-0.027640389187999485,0.11918094209970537,0.04731985927183509,0.12592104630315756,-0.05884358385492423,0.11941991741668073,0.035875438770497314,0.1072528779146047,-0.00625378056998947,0.09717055481732924,0.0035312744720272507,0.09278447160823294,0.0003675713547908729,0.08854598642090286,0.008566970955361427,0.08207891176012247,-0.02633617219529834,0.08020794801568026,0.029524785202461913,0.07776920039910067,-0.015642076242060206,0.07258694938911571,0.00335033602617778,0.06814174631465314,-0.002111856482021881,0.06364631937964467,0.0,0.0,0.0,0.0,0.0,0.0,0.0,0.0,0.0,0.0,0.0,0.0,-2.044908377209885e-05,0.0007601456360144584,-0.0004181526268428151,0.008961113172054893,-0.002020839116085752,0.03011450877943342,-0.012062876422296554,0.1060232324023863,-0.06590183344170789,0.31078684887401886,-0.19661755359243563,0.6915830240028634,-0.3748559043526361,1.2075872207321168,-0.132005765396858,1.6508663908413124,0.3043570952113908,1.9644458570092547,0.34188434264614465,2.033994395143534,0.5526853487455854,1.9415833781998415,0.5659437648971845,1.919568316725911,0.6195075292242684,1.904635138238589,0.641439775002211,1.8776874141187119,0.667112822693264,1.8849585351223936,0.6702954588045509,1.8842492370329436,0.6706717812676715,1.8729797471473495,0.5902104997432375,1.863598280917738,0.4836395295486726,1.9111916376713691,-0.765413018415727,0.7275287243023132,-1.5178674691432121,0.43530337363991634,-1.0797919452577314,0.32121787118704714,-1.0420393899621991,0.19705071920685768,-0.8329948818792052,0.2113973469290542,-0.6634030329420771,0.19767478044674816,-0.5433933502677659,0.1709005855303887,-0.39881644179575976,0.18945179964297518,-0.3015167967977698,0.18750802536896366,-0.18385840670391593,0.207146369600376,-0.1062315393233366,0.20015833351914603,-0.06101077730338946,0.18190738562252903,458,0,5,0,0,0,1.0,1,3,0,0,0
124.16604621111897,33.26669662312438,0.27393368817237385,0.4459776479017559,0.05749125447078525,0.04845139382362796,0.19593202132708568,0.1650109386509573,1.0194498778158632,4.728891598770759,0.14131468954234994,0.1779814786266937,0.0941798578539622,0.03579260839264403,-0.33032037372675527,0.07388357600557871,1.3941465018613666,0.5255161639469701,0.5751315883662019,0.12067742826057518,0.0,0.0,-11.176499347752516,0.996386682032363,1.7516628649073418,0.6659186117221274,0.30673459640300893,0.4158479366448866,0.42417833749337397,0.28476231074633895,0.09147711954503071,0.21091724483650012,0.16334564327285994,0.2151142399919388,0.012911083260091171,0.20121893630766732,0.12563079586783474,0.18377537937903446,0.06960463785992883,0.14317458594082025,0.11299870870488855,0.1341598778226439,0.016996007153945072,0.12559305757665745,0.06501424977173491,0.11584728991637877,-0.01568254074715985,0.14335975312638266,0.05680721834962054,0.10400156937408744,0.011922114198144786,0.09978816044313114,0.022425936190012208,0.1031096500040695,-0.007578904411766094,0.09129965147740632,0.02193968433135095,0.08569273287655979,0.01593850548081254,0.08497133733370237,0.004751936587839687,0.08352727706977219,0.002255231882830098,0.07422938391680037,-0.008534776677100574,0.07525803354924368,-0.006290739073908973,0.06935102639008067,0.007074892284647992,0.06521850691457139,0.01294899593761017,0.06561049022430747,0.0,0.0,0.0,0.0,0.0,0.0,0.0,0.0,0.0003007295703200422,0.010459713092215987,0.0003067569559912418,0.027451243759018952,-0.00638221559818909,0.04791606247067221,-0.05359826246373668,0.11132907048113735,-0.14860882320053534,0.26114360752684795,-0.36905061510670506,0.6475242657229845,-0.38802980763714223,1.2778119627483933,0.34622456981046673,1.5814240345562938,0.6167663282700161,1.8167205470982315,0.7361112289130133,1.9693544205921947,0.7625564381760863,1.9385424762917138,0.6677660904067112,2.0046759878987555,0.7583626764615574,1.9353730228781756,0.8166251045722858,1.8989738078199654,0.7621352095413758,1.926038108536736,0.7846888652064525,1.9083398209427775,0.7989052782172406,1.929387100748868,0.7188928222552072,1.959333164049031,0.7286908232479055,1.9425704297470605,0.33445990684653726,1.9781923667374217,-0.3433827960311356,1.9504823115706766,-0.20169731173208585,0.41635463518221055,-0.8946267858146426,0.30343049554816,-0.6977690168222318,0.23791649309767252,-0.73289055923043,0.16110704567193618,-0.6632580671199582,0.14949254653004154,-0.6101546861920438,0.1303814809669368,-0.5676333561127691,0.1050607058152034,-0.4928130474946928,0.11196853430194335,-0.45562214461198447,0.0826366611595113,-0.39832764974304935,0.08117371299352301,-0.34816935623032946,0.08325000035222012,-0.3117932283582131,0.08853501857539174,459,1,16,1,1,1,2.0,3,2,1,3,3
159.2684829098228,41.98860341074245,0.3771460063017408,0.4846748503555532,0.06038121848380356,0.053990699484184314,0.21170536858589056,0.2087833912507225,1.8793475097232504,5.335410642246356,0.1562718353070278,0.169949913748242,0.09619731912839496,0.033657750804146735,-0.34735876764139983,0.08106223454692718,1.4106024038864728,0.4974492896331992,0.598913455774,0.1412209824434938,0.0,0.0,-10.697099087086224,1.2143678842207375,1.9628635633210654,0.8117353530993648,0.300068257587484,0.4549796780036937,0.38918194686917773,0.3058613520900099,0.04899375610001916,0.2459851494711019,0.12459529859717021,0.26214759038621555,0.016184638630384215,0.2050038225596212,0.13437465087048006,0.16732052041451098,0.038749781034999826,0.16010267941759646,0.09881232661182236,0.14628248042971437,-0.043431665522640744,0.14574778493117704,0.06124646841107225,0.1235071433700489,-0.04271141644467743,0.13148836646253487,0.04377032152509914,0.10799500485429259,-0.015345913574753504,0.10684515621357342,-0.02224612072268471,0.11196299688909468,0.017479538314716842,0.09781339076922818,0.01186573588838467,0.08516791503433356,-0.0017883837259352567,0.08225708388497921,0.009212060147632052,0.08274598004562539,-0.004044661107880771,0.0715449070176011,0.0014208624709868333,0.07339552083730158,-0.006919710517544716,0.06651276393297281,0.0008740657918823753,0.06497321156853275,0.0025801448704474714,0.061640503607449375,0.0,0.0,0.0,0.0,0.0,0.0,0.0,0.0,0.0,0.0,0.000415540198049755,0.007689881146878979,0.0007082742493035955,0.01734774146996518,-0.0017710430849940098,0.029466237972034917,-0.0451039368885014,0.10687122310201767,-0.19970924368913595,0.36286568262782326,-0.5343962035025661,0.9177450186477069,-0.36953833349550974,1.6112041680181708,0.785160983290793,1.6651424885374195,0.9359910475605077,1.8079609324842514,0.8709592121110831,1.8427740185810195,0.7822654501221374,1.8931379881947679,0.8734755991164743,1.8559099933494612,0.954730117894404,1.7817119039312481,0.9785978792354887,1.778854658135815,0.9426826786916102,1.7947294038881134,0.9438931169494181,1.7647236030748228,0.9585118810937234,1.7935326415325274,0.881923957031269,1.833628286946031,0.7114649304002684,1.9685443357016197,0.6911795324159028,1.9935314199241232,-0.3959775187347543,0.5417584635167279,-1.1495898640932563,0.3700416376175409,-0.8611490564039345,0.2760316013666874,-0.8827391644802263,0.17326261265525886,-0.7592168170894584,0.18157832944313815,-0.6691851220181265,0.16209905329152263,-0.5939134308163987,0.12343456409056092,-0.504204950181313,0.1193649109195792,-0.4429016790760642,0.09788729718396591,-0.35805898105364864,0.11515126446721456,-0.2871967443899053,0.125721632250575,-0.2376494236941765,0.13298862182447702,463,0,0,1,0,0,0.0,0,0,0,0,0
120.4782670787812,31.728579768569595,0.39073354347094286,0.4879172777494572,0.0616084177310004,0.044336531419028456,0.22206796418546176,0.17401660199825034,0.4546360264291601,4.226945850153843,0.12988611287854354,0.1253616190806962,0.09725909072660689,0.03253351538676543,-0.36516319945180603,0.08089727309225993,1.2923567944833778,0.5310226981325111,0.6178726966979833,0.14851412573115835,0.0,0.0,-10.540611974783484,1.29528691881363,2.0421367287335026,0.789684559340974,0.3411498900967143,0.45752180439355017,0.45374495138064797,0.2669558821309951,0.12757547495963134,0.2428068193785003,0.06608739272059859,0.32890833513737244,0.04856061718748866,0.2075486032348664,0.06841314606366762,0.20130760460521194,0.004588429960832798,0.18279412435821993,0.12854178054888044,0.15981537903183649,-0.06947418571767604,0.17936878703053802,0.10740583459014189,0.13891473654894373,-0.05128585869649427,0.15266634418285585,0.024030119045049016,0.13621128314288752,0.022919747901708847,0.11113616245063115,-0.010237299740393347,0.1258049002267969,-0.00208735367006042,0.10088734042603587,0.05309919031350192,0.09968145792901109,0.0026735183243569885,0.09563819629547476,0.002493309084147872,0.08418140034379742,0.029071370061376504,0.08997037715174898,-0.022905700807303808,0.08159976130254434,0.005278879117510379,0.07644825292803628,0.013840200486934818,0.07482264240189403,-0.010497280797164162,0.06836616393006346,0.0,0.0,0.0,0.0,0.0,0.0,0.0,0.0,0.0004509694518723668,0.008397971330236694,0.0009988655957944936,0.02205194824621102,-0.00910099042718936,0.039278937305880245,-0.06699224511249874,0.1006650852762997,-0.19868016607104613,0.2364343487352305,-0.48869457919873915,0.5443913780035493,-0.9403428180989996,1.1707795886160262,-0.20165373067003295,2.1551670434974066,-0.2244421301595414,2.4401599562854432,0.6325150755195806,2.3755572916682866,0.9455900958472216,2.250532648369377,1.0382581740543093,2.132220303070101,1.286986311166529,1.9588990092452814,1.3865267355881403,1.8878616417019667,1.3265606263891525,1.9569899739737324,1.3625211428443553,1.916886771833148,1.3749592977014415,1.89670603183615,1.2871352936977178,1.9399875847556751,1.1225397593911721,2.0157263816207247,0.11197317003964052,2.2481776206498387,0.5683270933729758,2.212477540333998,-0.284538717919657,0.47729692049244643,-0.9422064883761261,0.35721154833589464,-0.6947151173041385,0.21039462316394034,-0.7195402853791149,0.153817073568945,-0.6623521707725106,0.14400998628597322,-0.5764020359084606,0.15945048125927616,-0.5548649406769286,0.11903347328082246,-0.49072655094041684,0.10803470252423188,-0.44125088836878124,0.09279257725422113,-0.4092333985922514,0.07725337797860099,-0.3373311184057696,0.08857335037281669,-0.3129140675941284,0.08526576235086412,464,0,0,1,0,0,0.0,0,0,0,0,0
142.8385950351667,38.424356439390365,0.390972643406646,0.4879708691825163,0.06502950660110128,0.05024396709394849,0.2190585177943946,0.16287726333833122,1.8636562912523804,5.170208541106689,0.1351245065200945,0.137886245311796,0.10246256176804887,0.031852896655468095,-0.3591546345403859,0.0869410111408302,1.3426518121748012,0.5030913346457334,0.6160373170108852,0.1498411660341012,0.0,0.0,-10.462774556559303,1.2565089647582168,2.0329307017113245,0.8209430104940664,0.35830535701356336,0.4056967227616155,0.415381184885413,0.3051825876266321,0.047670801451856225,0.28704608690914624,0.13289039346903525,0.29258332119777897,0.01573714337901704,0.22602349180516812,0.08901464585074961,0.2138521101680994,0.07192518066045478,0.16393723067841448,0.09222605591256956,0.15131120482505206,0.017771606436273287,0.1419471821402605,0.034428383317461404,0.13886804163597466,-0.01386916920853534,0.12310615246031448,0.02409653966155074,0.1101484713343507,-0.009311114414240113,0.11192014675282998,-0.016890505101250463,0.11713296207882525,0.0017867450866679434,0.10070818707398982,0.017939022720130666,0.09653615946682431,-0.0007384592044991006,0.09100160550509588,0.014644353923971867,0.08151183101829863,0.008154290492924527,0.08184095519136754,-0.003631932012723849,0.08018907999423976,-0.009629756363759697,0.07427447055639189,0.007326127004474522,0.06998790932640851,-0.007449247184331939,0.06877307736385936,0.0,0.0,0.0,0.0,0.0,0.0,0.0,0.0,0.0008508246470932423,0.005891138030017733,0.004231099090305721,0.028297559110557452,0.006778276179654283,0.050969696046642574,-0.006965040287926528,0.08368568091913516,-0.11096866517676607,0.1941692224349153,-0.37318130480625017,0.48830144487813953,-0.7886184269165947,1.0562399061260606,-0.38111000231517755,1.825738301324498,0.535720655454392,2.148779422136086,0.9983640369072473,2.0417624796762923,1.1604206787943732,1.873462937876269,1.0913781299466063,1.8984602471883427,1.1023538007111118,1.8547121928326806,1.063531371759079,1.8693002863243675,0.9990079765849373,1.9313611839791422,0.8682307334316405,1.9872742192605903,0.960631256559411,1.9736238433002045,0.8962309839142414,2.031175623995994,1.1052631515603688,1.8673543063117706,0.15027435125411523,2.2267855107824834,0.3268052871089369,2.289140800514566,-0.3297260877008438,0.4357857757827774,-1.1014906856066653,0.38934581287443926,-0.8673722279609708,0.21309999774897606,-0.7993247715538248,0.18362575333634076,-0.6893703179277088,0.20119341352667897,-0.6394783745310223,0.15667419197761634,-0.5893041476138794,0.1185153471394842,-0.4783181560781775,0.14233655218746644,-0.4436422504389185,0.09371874722164389,-0.3671091676772964,0.09758968713963774,-0.30938517900529894,0.1043165200634563,-0.25980095517357127,0.10938340192246573,468,0,4,1,3,0,0.0,0,1,0,0,0
121.84045171856005,34.659499259377476,0.45768654991912067,0.4982088575676979,0.07447252977776068,0.055564965143373585,0.24150401357482593,0.1699611210219697,0.6145832898654089,4.832971059318218,0.15437380795943675,0.14500866622421016,0.0972970381045403,0.030874729706841096,-0.3495507039604545,0.08769170595522542,1.3522249640815425,0.5082734838081415,0.6301768057188213,0.14744528519371156,0.0,0.0,-10.596704041956778,1.2032482911342075,2.033695000295486,0.8169217066208294,0.25496966365327384,0.4544246236405693,0.3963884799478223,0.3553714870478396,0.06016849122183893,0.26225304557722234,0.027401338060955883,0.29376790527002505,0.021010357822526346,0.2237347763379302,0.0928782794680602,0.19213829706902022,-0.002398968276504806,0.1678868657201212,0.11412302681281714,0.15514429026924428,0.00984025799355799,0.1451092889262054,0.05117377385244039,0.13219365997562468,-0.08746764912741067,0.1679538572029047,0.05423416108949673,0.12477097124096359,-0.025421164013670616,0.12028659025811482,-0.011381247520591425,0.11458548063020588,0.0024405900743817506,0.10438631001786676,0.02078923546063739,0.1038463336497912,0.047023487184214265,0.10309067506273416,-0.02931613149133235,0.10727463792351302,0.03178996293516392,0.08985873252277832,-0.005085529591634767,0.07810566667140441,-0.007972232106965668,0.07406091234251508,0.01778680383623736,0.08125749095945299,0.008294635960468297,0.07061077214492238,0.0,0.0,0.0,0.0,0.0,0.0,0.0,0.0,-0.0008540921567567793,0.011423560648243479,-0.006563590326446736,0.044339238272852306,-0.03125742542446244,0.09946476911192328,-0.09649199189367945,0.18399238549353167,-0.24065859879778662,0.33370249326756724,-0.5344199461261224,0.6576275207588056,-0.5861765533483829,1.3944620859331458,0.4893107514955944,1.8388722960679138,1.0537901277957522,2.004270227091199,1.2024585908312586,1.8849117218723639,1.2448214746864794,1.8358866105187697,1.1775844387095173,1.894112610609055,1.284027118320865,1.7997844091826736,1.322020923870553,1.7733743554309378,1.2733139307789834,1.800009779620132,1.3044059604247018,1.7888300127499828,1.2896635529504377,1.785951936327312,1.257063358318936,1.8032766393310111,1.2435137387273616,1.8201760639371738,0.5314837397806813,2.18376206075514,0.7904996409555717,2.1587320705626256,-0.4099892873981699,0.5833159848086963,-1.0052211709819052,0.37244319050578856,-0.6711750686382132,0.24985324464280517,-0.7266059402360069,0.18118546616218095,-0.644138325986778,0.15924732402850955,-0.550535205000221,0.178167937012992,-0.5519462639318403,0.1138770140391614,-0.4616943648495142,0.12901660739042256,-0.4277618649056073,0.0997900686771619,-0.4020102520611669,0.08195747875720776,-0.33638192996787025,0.1002361300691173,-0.30491388652061163,0.09611536367161128,471,0,0,1,0,0,0.0,0,0,0,0,0
251.26188261351052,66.65716593523503,0.33799557032115174,0.4730296425109415,0.054951393090887056,0.054647100974527116,0.18188798258976852,0.15957858182806262,4.880079554808416,6.698108906735109,0.21057524787678078,0.2628105446578546,0.1151891738812846,0.035387442383314746,-0.3175221407006645,0.08131323721550253,1.4641505414174973,0.5108556083789384,0.5747467267995571,0.11455242918093085,0.0,0.0,-10.501850417497232,1.2585278564948095,1.9181782959122926,0.8251750854055394,0.4434382080055815,0.41870322242296903,0.3485237072251273,0.30179694092582415,0.055627585426088595,0.24068171121243392,0.09412443048074086,0.2522242111227019,0.03503414136702229,0.19846355475739402,0.116160303550402,0.16264318345387296,0.00479501676005382,0.14846145047356984,0.027350232712791807,0.134402167028629,-0.021163859091983386,0.1327087146060428,0.00999762702830122,0.11801343125018186,-0.02324044836449756,0.10776156602723179,0.031969659400743075,0.09985891840363963,-0.03523284935536434,0.09652683919313666,0.024754127732137317,0.08937357612217008,-0.022338001535108423,0.0847978062718023,0.023249176190103766,0.0766142457756766,-0.0092963655369804,0.0775367067883139,0.010512189916367662,0.07510290412235271,-0.01460869385654319,0.06996171896573,0.010754058042245735,0.062352499182615116,-0.004262207065889258,0.059623744977654776,-0.004144345837218715,0.05807342166042455,0.003688032364606866,0.05623101339766687,0.0,0.0,0.0,0.0,0.0,0.0,0.0,0.0,0.0,0.0,0.0,0.0,0.0,0.0,-2.0266182566301224e-05,0.0005707497735155163,-0.0004564514404646069,0.009395747557156041,-0.00235038911038824,0.03330120933014692,-0.01585574299429402,0.13449213647820532,-0.06645388851129126,0.46241494893175566,-0.1288378172823751,1.0897947339925012,0.19435429978438754,1.5073573033715533,0.6371639221701894,1.62659783300506,0.7430990892143167,1.8067706559642176,0.6619200823946157,1.815236585005713,0.6851315986328349,1.760413335289491,0.6939286586913621,1.7576232454778125,0.7088961286886488,1.7752992035270658,0.7473920538736433,1.7587686122541402,0.7400270316401993,1.7912492986891373,0.6993998187177297,1.7774018340398328,0.6658493478432304,1.7168960349866103,0.5690795486551052,1.6992187429707042,-0.5450416816057586,0.45827767921239304,-1.529970272026578,0.35788511472509343,-1.255345095703987,0.26254752798461733,-1.1216387213621264,0.18706773736953478,-0.9224875867106311,0.16441775393327313,-0.7356539997166334,0.14245913275653477,-0.5737187230877631,0.14382676647042533,-0.406131150617475,0.17430911100729782,-0.2820215751086744,0.1836046379557423,-0.15584659686186597,0.19676340861603195,-0.07396112940694463,0.18915378208783476,-0.004796795893836102,0.17866721946766484,472,0,3,0,0,0,0.0,1,1,0,1,0
212.49943747538956,60.2511963063772,0.272824436069078,0.4454155174905293,0.05421622319685041,0.05339477462141062,0.17356139012105531,0.15688535155002659,2.39115318754788,5.242580823424563,0.15649800234122743,0.1848564103840704,0.10891220789270967,0.03377456496312689,-0.3300026794772271,0.05610161956108372,1.420566674354503,0.5257477013804623,0.5493662865875383,0.10014739677622048,0.0,0.0,-11.174062196471095,1.004873295175244,1.708907656158707,0.5304932806647894,0.4764282611108174,0.38999350928790294,0.40936827799491854,0.25048252003981536,0.08040574471137238,0.25591491588101184,0.1519255300736851,0.21066911812218556,0.03517930600816036,0.18398227977662152,0.13008362697673587,0.14938094340208735,0.014819742298599314,0.13507101059666168,0.06892634573008567,0.12373977572353485,-0.016101156156183082,0.11877219301247333,0.026095885134521195,0.10008981368350471,-0.01449128726491909,0.09381204208867584,0.02267266931460764,0.08783996314559003,-0.008870431325908009,0.08592812091642654,0.0034988350223048507,0.08074263061253073,0.004034049333071385,0.07895669516771459,-0.004810370000245636,0.07431632250706033,0.00730632614283981,0.0711505305816738,0.006910828818441431,0.0654367733161276,-0.008065052472610114,0.062254549977871644,0.005207311234473383,0.0598048439833727,-0.010395764317910785,0.05816650684485207,0.00484562653502672,0.05376822671738214,0.005508615686733795,0.051042788675471636,0.0,0.0,0.0,0.0,0.0,0.0,0.0,0.0,0.0,0.0,0.0,0.0,0.000757816299163151,0.009586397761057594,0.0020560928768192793,0.023380648951213612,0.004140474900199321,0.045542586950165616,-0.014375500260589901,0.09035987898771039,-0.08065822523008569,0.23400758258694368,-0.1855213554652322,0.5613964516800166,-0.15187916906785326,1.070512119175164,0.25598823585064223,1.4589899989318973,0.3890198991663761,1.8321192952547114,0.32310592106639663,1.9361174209110528,0.35118247845187606,1.9147932042588032,0.41739088520532147,1.9172337741178762,0.3515499225591135,1.9008372860304805,0.39967687557593146,1.8877243403708497,0.4099127869454164,1.8704777893254259,0.33497696836445595,1.9313612077098254,0.4373282704875402,1.8644763145595586,0.4183316380418518,1.8832904083456388,0.26556079542599986,1.8621617788805196,-0.31293413374933915,0.32790072986211566,-1.231256078247173,0.29287469012502754,-1.101762413530592,0.2623905802689974,-1.0263823854043614,0.1843341306769882,-0.8783743892670305,0.14147887870750292,-0.7496518518497685,0.09562233749228533,-0.6027480090208321,0.11170057220610163,-0.4873093125083723,0.12637159840349352,-0.37315829868063977,0.15260762357178104,-0.28392987431163863,0.16653846115463758,-0.20840927965779754,0.17439593133263254,-0.1378782861592826,0.17454275567989652,473,0,0,0,0,0,0.0,0,0,0,0,0
140.09947810522002,40.99894956002603,0.4070779283796461,0.4912922666456713,0.05650858307589299,0.046774940369790304,0.193044914463352,0.14950024975473936,0.6806975835979252,5.429143779048274,0.13682794708207874,0.15640356721837645,0.09625992184625672,0.035788074743629564,-0.3399021806915214,0.09224504961472565,1.2853198950818967,0.5749744609290077,0.6077068866388466,0.15054754181242969,0.0,0.0,-10.27704638393772,1.6380763996550094,1.9964074417785398,0.8596368943113488,0.25223712778947366,0.49492312880447675,0.39584054220577514,0.32245952552619145,-0.01767414563095677,0.3487225368739727,0.1131682838899837,0.2762350699482432,0.015556427413701897,0.2314788203771709,0.022964334370785752,0.2427557508729946,0.053725216665397514,0.1649626950453966,0.08648982623692836,0.17491403230431438,-0.0015901385449994716,0.13933742621115752,0.07268032550137914,0.1330127640085709,-0.051771853271179336,0.16279984050292565,0.06450221432452306,0.11782544593965023,-0.06209433309213503,0.13658327661713177,0.02887947283274027,0.11862710017440364,-0.013700137944166966,0.10095987898248807,0.013464283960176841,0.10004434853679495,0.018461537909869635,0.10155546625394953,-0.002508266935654148,0.09330166206679023,0.009463285093781474,0.09505901539661994,8.370815518357944e-05,0.08463927078443353,-0.010122879197659128,0.07626933189176485,0.032639748097599716,0.07986303546778147,-0.019390794724717754,0.07560852824392586,0.0,0.0,0.0,0.0,0.0,0.0,0.0,0.0,0.0012650023384161682,0.009135505878849306,0.003920076242767056,0.030110306550362127,0.005277666491789647,0.0498783290303803,-0.01258275532249885,0.07554173858413303,-0.10239958716933342,0.16169649696966226,-0.30534963617858957,0.3936617866289813,-0.6422214873088075,0.7974693123402168,-0.801340436461451,1.3490578285677317,-0.07741833822056524,2.1387134859251384,0.26680925179776577,2.3015129445714813,0.4756777216509666,2.2530560909819193,0.21637620608297484,2.278940728069454,0.5715745037380175,2.2274094280746097,0.6949129748865094,2.2250305213641095,0.6638093399229018,2.216763741608653,0.7122834538638868,2.1980045477623342,0.7599851202839225,2.18896684237227,0.7758230626262738,2.1994637354480435,0.8651467781434681,2.1578180925166035,-0.034194425756208284,2.2777106259359905,0.039643663957019154,2.3106330871976826,-0.36738861898465797,0.5259256591412614,-1.043827814328384,0.35815962797260537,-0.7970387524196832,0.24587670062027991,-0.8044077919753289,0.1890185083352877,-0.6948641230479086,0.19782965674898592,-0.6363776899663571,0.15863218152562522,-0.583274493493568,0.1248148251916096,-0.46812833023717104,0.1554644002009879,-0.4489018218425905,0.09781162492562322,-0.3662787535131714,0.10851325716184407,-0.3072964066038301,0.11572526510980365,-0.26689109146429224,0.11559757412651715,474,0,4,1,0,0,2.0,1,0,1,0,0
151.02332294487303,40.04432434454808,0.3082136957373252,0.46175929304985736,0.043887884819093656,0.04135039517350001,0.15149811976490743,0.13324176582134167,0.1948593022018086,5.469244977781606,0.1544168907413324,0.18541891648534867,0.09552121258955364,0.038457578060737824,-0.32992483178742826,0.07747538257073734,1.3247443577036393,0.5611987665385455,0.5887881656703964,0.1398874765168478,0.0,0.0,-11.046913225702076,1.1011136152231085,1.8327006966031438,0.7784355534263401,0.31179660341572574,0.453485111113239,0.34028127141849485,0.27069953597029983,0.02910360210327832,0.23599260406143296,0.13914781095371176,0.2242357330081703,-0.003687801977727821,0.21319877176569585,0.10532755189235513,0.18801850171766665,0.06919314062587069,0.15330939744790975,0.07268347941179994,0.13220275636003254,0.0010229704420982987,0.12208225004465485,0.07264847440469593,0.1168648383435613,-0.031161891704756552,0.12385769831595139,0.028494872956474054,0.10705034360153555,-0.0013269137651407542,0.10327892841778345,-0.0038546069605613176,0.09550694517654863,0.004987552767317223,0.08793912570273055,0.025605736211783237,0.08874054609319199,0.004602876081925783,0.08424715708644344,0.01689984674694392,0.07569245356078265,-0.004882526391626731,0.07263125025593195,0.00070000708955534,0.0707338303322744,-0.010994748304330797,0.0665125455754697,-0.004234786443071084,0.06307607052295094,0.007006472903898398,0.06190299839173712,0.0,0.0,0.0,0.0,0.0,0.0,0.0,0.0,1.3370995004853628e-05,0.002241519360390294,-0.0005255435536260665,0.014431301622656866,-0.0021941393220277937,0.029968760449604694,-0.012403904668254072,0.05352524204473781,-0.06111375230508883,0.12700159979513181,-0.17347779867414295,0.30841692058832443,-0.3694283734950868,0.6443013284512973,-0.5420369498354536,1.1263856112108095,-0.3364397680577837,1.8819874649960617,-0.17576767819696862,2.184586140329036,0.09855490025817878,2.18897695049356,0.0446439938262232,2.213383864514127,0.031959244936511186,2.239041084865742,0.11287159859534393,2.220735271531131,0.1538934954503653,2.2197674467305406,0.09256357119671653,2.1971978809388353,0.07385327445644511,2.1791415872379036,0.07743446980725148,2.208955953877026,0.18244418826112502,2.1583246110381547,-0.036941903823617554,2.0837416416739925,-0.20783983543691137,1.997571674260717,-0.2723776794916722,0.4197322936173269,-1.061624623988828,0.327412768941378,-0.8554947892564587,0.2534574026001318,-0.8442405316848038,0.17856142208351583,-0.7554014002452357,0.16393567073750687,-0.6879040449598939,0.12442573878927166,-0.6054310526064818,0.1053285347552964,-0.5167865110271802,0.10248691116933747,-0.4506557869686132,0.08812930512592593,-0.3674564796654745,0.10375318060510749,-0.3051781571245934,0.11004786995520197,-0.2484372817102641,0.11851785845328217,475,0,6,1,0,0,1.0,1,0,1,2,1
151.75911233758768,42.33872459683597,0.2918576192118793,0.4546208796933451,0.049812784512347434,0.04845538131228185,0.16761768584679776,0.15288312198779352,1.6357147144120963,5.605483646297123,0.15544999950114816,0.16612133956561806,0.10646602532071814,0.033467221686140775,-0.33564019774056736,0.08354188608134097,1.4627958295964125,0.5646160512068455,0.5525859550912466,0.1062305752122961,0.0,0.0,-11.316453788662757,0.8196651543573413,1.7397101026020796,0.6624342407478329,0.4712419730243926,0.3233902048446201,0.35723298371072126,0.26584923267762983,0.1278091945673515,0.20387122199380805,0.1349455156029731,0.2427110174813744,0.01925625138532006,0.18865287810072176,0.12122453110637445,0.15822810943558502,0.03326765042464396,0.14749213972588895,0.11789261270830663,0.14181791837687593,0.0233603263822916,0.11128699475928779,0.06589579160008213,0.10936464264170039,-0.019016199758635985,0.109782126200563,0.05037715608335994,0.10174522422427393,-0.01167352476727903,0.09266871649080836,-0.008543054372777147,0.1002627762065663,-0.005129810812564759,0.08347467534083211,0.027972763853243324,0.07743613933130147,0.00289788362808029,0.07537075352770291,0.005011767908278717,0.07061923559279516,0.0002012613082540776,0.06876887025620182,0.0019782662232198296,0.06735540876059043,0.0022210047337584385,0.06570437254529564,0.0026031931347187047,0.06177807113134386,-0.005821642613416778,0.05984749816938645,0.0,0.0,0.0,0.0,0.0,0.0,0.0,0.0,5.215250826506675e-05,0.0028123977834943496,0.0004095854530603328,0.014356047482940733,1.5025232942390941e-06,0.02868868742182971,-0.005051020387634325,0.05984477962782375,-0.026436031844776692,0.15569797164238666,-0.08681473212088735,0.39564243383022174,-0.20377729112965393,0.8059419864816302,0.008126888700080494,1.1688285238735305,0.27453308645300845,1.5405671414730087,0.2836209544950804,1.7943370633297786,0.29109188474700626,1.8214813791097038,0.24676372823219828,1.846991021852468,0.26978796915077446,1.822794965742502,0.3475079638416039,1.802420237036802,0.2949663411544489,1.8177175094503146,0.2886521363734621,1.8103543871039187,0.2873561949581136,1.843615266221121,0.21447406256434895,1.8313031009920007,0.21785454845061517,1.8289729763694103,0.0315542133831042,1.8265089375292254,0.11806319314269943,1.8112936987321369,-0.21488547444427303,0.32740231819738685,-1.034377785377552,0.32096179584454226,-0.8770176143793428,0.22116162565902178,-0.8261850975705908,0.183392030871383,-0.757739203797697,0.15461811574221457,-0.6664884585505675,0.13861819750713686,-0.596303857821252,0.10236262490460456,-0.5168192692605004,0.08963705507935842,-0.4405019364022569,0.09044465713905465,-0.37044298252780106,0.1013258919593869,-0.30629472802654445,0.11027001001741062,-0.25208453952233284,0.12073769514390105,476,0,3,1,0,1,0.0,0,0,1,1,0
208.3773760745561,60.34816612984729,0.46278621354543265,0.4986152138711449,0.05979475621673762,0.05062767104443908,0.22374312158268259,0.1701629894598161,3.227400040917868,5.383908935765616,0.1752282884267213,0.18233741674406934,0.09808817383965616,0.03978084727191443,-0.2999694096095028,0.0974515160967557,1.3405164721619667,0.5201797965849702,0.6056928185104845,0.15093113438425063,0.0,0.0,-10.119050447497386,1.6989721660741859,1.9562785208478184,0.850426674492539,0.2162653432853218,0.5662207176450931,0.32591786004581025,0.33887403440736663,0.0007626795291186628,0.27317159478422975,0.06089468226117941,0.2851772323960308,-0.02991758932563469,0.2141981170915939,0.12202942120112797,0.16465161709118287,0.01655596939365598,0.15702093829636854,0.0592222757508725,0.13167646154582344,-0.033171543273313245,0.1454225618370814,0.012350167303769585,0.12375654169227562,0.00309038658329538,0.11848487880448302,0.011612549427741627,0.11940018937220419,-0.024437312762532096,0.11214663542974454,0.011139282034241502,0.09912816156183324,-0.0032850132059395842,0.08283881014335723,0.01297712195734177,0.08401507636290455,-0.01601614925739134,0.08214222877612586,0.029957940873814332,0.07617392427196024,-0.02512212936629549,0.07470399863357352,0.013452768994500684,0.07155337977495002,-0.0006347970997075599,0.06644229448303804,-0.008217261896362257,0.06241540851506655,0.0072642439003739855,0.06052702317873709,0.0,0.0,0.0,0.0,0.0,0.0,0.0,0.0,0.0,0.0,0.0,0.0,0.0005135964810397365,0.0040885317495969915,0.0017370139884023235,0.0186522836247456,0.0022816708315993735,0.04186651661178045,-0.008581722817879087,0.09502130021005477,-0.09122027869632778,0.268437445224357,-0.2901735772094384,0.9174775914280499,-0.31437397359692043,1.7209852348274726,0.3121200129869286,2.0831692545724017,0.6843840983084598,2.234071261728406,0.9290791239601832,2.1386766779896105,1.0935273976790794,2.0201513549456425,1.1761949568226078,1.9439036492651667,1.2500053189283202,1.8700824449245084,1.2824913739191532,1.8425172543282982,1.2811700545986502,1.8503299142601426,1.2516244789368443,1.8253537417874734,1.3068161634246405,1.7990647658328174,1.2871199976673255,1.7687175378576652,1.0879655307909617,1.818174832701959,-0.5184672181638813,0.4800433108005514,-1.3340315743231304,0.3630941904306787,-1.0494545925492087,0.30536790790056734,-1.005863884009962,0.2230358092222224,-0.8567383992529124,0.18458915279474006,-0.7299041455483248,0.14410916137079569,-0.5884829566749659,0.13600363581639602,-0.4744603216728448,0.13581895151047294,-0.36187071395220366,0.15130763243509468,-0.25874521853771426,0.16685086218010062,-0.1782832122433325,0.17300026845558583,-0.09668733440651102,0.1763236458014352,477,0,2,0,0,0,0.0,1,1,0,0,0
243.40654340372353,72.28018360382106,0.36194870808899715,0.48056665261123555,0.06152976098417128,0.052166405991812444,0.2181044646754574,0.16977469583971905,3.139629042785539,5.486590138721266,0.17262725196177245,0.17125554981843258,0.09964537517701903,0.03914568658164741,-0.26866870817282446,0.09260684967003985,1.3512296447378258,0.5401961745159811,0.5803067239187789,0.1429308320030978,0.0,0.0,-10.264232079341172,1.876147127816619,1.7497807011449353,0.6427411332467531,0.1259984919964538,0.6480219624221905,0.38884267276660683,0.3095389252048271,-0.07236859215072046,0.36184459860155416,0.13388634473387936,0.24537895350607394,-0.028684228279033552,0.1954499247701577,0.10689570378579805,0.16812170342625798,0.03264280030169728,0.14148178879519957,0.03597956999859968,0.13012955453572136,-0.04949364882173977,0.13810113543051636,0.018234381220100085,0.11193815477907255,-0.0003229871724944185,0.11254337166977503,0.005750449563596202,0.09409526590835719,-0.020021729086671797,0.09070743171946476,0.03488953571066737,0.09143678143565227,-0.025872671343006803,0.08632791035198734,0.017825569485949735,0.07921000316940305,-0.0024589359543859823,0.07119648428419535,-0.0011487314019221118,0.0675182601011321,-0.004210335548211405,0.06423234995447898,0.008066478126596596,0.06120838132891172,-0.008969172766892046,0.05884981972737471,0.005157376585923885,0.056773148404612096,-3.41351582250775e-05,0.05330975265596429,0.0,0.0,0.0,0.0,0.0,0.0,0.0,0.0,0.0,0.0,0.0,0.0,0.0,0.0,0.00011399379647568389,0.0030444749247579093,0.00014895054546097344,0.014886506265814394,-0.0025286271201564394,0.03930258616410299,-0.03701011998866718,0.1234755774800022,-0.1356682075556522,0.4096233283679436,-0.31344427953041626,1.0214313961070842,-0.15589678711986626,1.57000017103987,0.549310277902447,1.8114655866536304,0.7875270339044627,1.9749725823755733,0.5628613762506489,2.1447186920975523,0.7132376823324713,2.0936970996930686,0.7446450008224651,2.055388805623612,0.8026524777494151,1.992228730795571,0.8663466366263766,1.9744826656399963,0.8525380711632649,1.981591254923368,0.8532240235261963,1.9397069939734872,0.8641868352926799,1.865979362616616,0.3977423700994435,1.915750573261808,-0.5663502036402089,0.5296533574572408,-1.4300619452259642,0.34138941283591406,-1.1698226429038359,0.331828044250814,-1.1294467292594612,0.21673489282601316,-0.886571384476816,0.19627698384062903,-0.7456405485764944,0.1418752363263255,-0.5469499519305498,0.17026229334789766,-0.4154415556009869,0.17228314707500664,-0.285914979689011,0.1899253514621492,-0.17620081696509543,0.19267520548453496,-0.0982228983566059,0.19044676392868018,-0.018015393227840442,0.18758055713648197,478,0,1,0,0,0,0.0,0,1,0,0,0
137.93256884260938,40.68605052303624,0.20001977131182655,0.40001702463237004,0.055305607178335034,0.056605266022128065,0.17145565642553134,0.16451696789421016,2.011776140519722,5.658069618455205,0.15764131988348876,0.17845181373153543,0.10320152299752856,0.03680813683302654,-0.3435084212183521,0.06850407749653321,1.4827293476565506,0.524927965428296,0.5623623056644809,0.11430515130856321,0.0,0.0,-11.492552300611813,0.7564711547173383,1.7358159090906407,0.6087560237270578,0.42238579731961096,0.28280624159669976,0.33685392130471986,0.22880748457238287,0.09632969540101032,0.20081906603088842,0.16327674348410276,0.18679308883632798,0.029385071936005754,0.1823179207623826,0.15900299680645094,0.13795941833942818,0.07435910701612461,0.1282298621649575,0.10283101931641568,0.12060819807107172,0.03787657064804099,0.1116673956266583,0.06180801271316551,0.1075934062616056,0.00017014607531222158,0.1078175607695752,0.008602588938540986,0.10790744509476262,-0.0035065264960306235,0.0876787171005051,0.01126414266942147,0.09418343222959176,-0.0009146834019248469,0.08254715313373004,0.03190598387762184,0.08007417614243201,0.017710683591131357,0.07571947367304534,-0.0019268812404617704,0.07333443174125065,-0.006884562364755529,0.06998517045017973,0.006112997186105954,0.06838439179491582,-0.007467144514430862,0.06812153096598068,0.0004526096059972978,0.06372092165838879,0.0035257625585296735,0.06039813642654317,0.0,0.0,0.0,0.0,0.0,0.0,0.0,0.0,0.001483180132181775,0.015470400798541522,0.00277682577421788,0.03782350632425562,-0.00034369526662698116,0.060977049708016685,-0.017800686381568308,0.1114312559012517,-0.049974035619053524,0.2384335377155409,-0.11017107060109291,0.6311447804368157,0.21156790284621876,1.0004662246184512,0.3651627499998462,1.0749703694694712,0.4617776074340242,1.631521631853017,0.4670027705170089,1.7736427831006083,0.4362973281811711,1.7889307889763926,0.45952594369338207,1.764824927758368,0.47924239124897794,1.7601248264367024,0.44428651621629595,1.7753782774221014,0.4113588934100241,1.776233891073741,0.48008674703651094,1.7727316299486624,0.41881967732699993,1.7938605208336116,0.4335348268175986,1.8046247639906452,0.4183837301160906,1.8102022385073173,0.4155594869914325,1.7630243930381964,0.17316575545852966,1.816353017792874,-0.11855881457402256,0.26066932185251135,-0.8961530765418875,0.2899511390592933,-0.7944899855249832,0.21610939205022503,-0.7459241873375732,0.1900222941961266,-0.6857434804982371,0.1722543265690352,-0.6342665678441581,0.1331600051656808,-0.5722416595863403,0.10733614826299613,-0.5096742025340233,0.08832973671690601,-0.45236759863687787,0.0796798844419482,-0.3894932749454828,0.08586077556799834,-0.3386545667228105,0.09542638045623429,-0.2870911487910502,0.10596978122258414,479,0,7,1,2,1,1.0,0,1,1,1,0
136.8121411958666,36.41647208133919,0.34988861738353894,0.47693689840679865,0.06996207248389123,0.05391011830857304,0.23563961935034,0.1704042998026023,4.590206893649606,6.422250044085206,0.1480073452466315,0.13534172651394485,0.09718530219380574,0.03509769682433646,-0.34440920224390537,0.09113023348096544,1.4533807511211865,0.49942777541113875,0.6004945308681955,0.1366729972927293,0.0,0.0,-10.701346313578867,1.2095901569228757,1.8293332563159046,0.7556861990228858,0.3622808496345904,0.38647000105706625,0.43039183010608334,0.3279634303593587,0.08001905355769856,0.2491342836539292,0.12391508677641046,0.26459834513138625,0.05062991365663182,0.2000359232139391,0.11581986447038597,0.17372101561095943,0.04218793568898637,0.15762515390088708,0.14045574356963847,0.15491424571659762,-0.02998782332291931,0.13887921994597702,0.07875144904911728,0.13622927067232893,-0.06404312240866528,0.15044100616937756,0.08231001400417758,0.11732828649172501,-0.041953603806568415,0.12641241125448371,-0.012760669122963466,0.10231982138576534,-0.0020106126301459256,0.09757437690835861,0.02043156462917538,0.09419660706388587,-0.013765941718433579,0.09276842971429487,0.02257563867390212,0.079292674249268,-0.002143550337695312,0.07844386300977105,-0.004871220027304933,0.07503774343486236,-0.003071502002575048,0.07212497569017386,0.011312254503573073,0.06904404200933299,-0.019109759964024003,0.06994308494454185,0.0,0.0,0.0,0.0,0.0,0.0,0.0,0.0,0.0004468914140729335,0.004789225446852284,0.0024484869483533626,0.02034713503143594,0.0038091731177412793,0.03447484781481982,-0.002484913998334393,0.05167168814743322,-0.0501573617079962,0.15054020589468906,-0.19789228271171838,0.5709662228890645,-0.2002006889503368,1.4550105330233476,0.6982271002846094,1.5354555983478642,1.0369930599604222,1.6705920682231183,1.024376473690248,1.7476635915825773,1.0522528648109215,1.7473117580452742,0.9882967134406335,1.7409654530909553,1.0261136972895457,1.6917449434192116,1.0538971116501799,1.669847613054271,1.0695441423273864,1.6769810951856137,1.1194792198305217,1.6781902430551294,1.1280024772093464,1.7017774827219612,1.1466010186026536,1.6999002323344512,1.118888226785331,1.701968927984374,1.0738410364902797,1.8192303671152592,1.0649445127258812,1.8886495544939246,-0.25373991256965,0.3932561641554317,-0.9584590087928478,0.3000368960354461,-0.7802884920825115,0.20225557967099123,-0.7588751557884613,0.16271094218355317,-0.677364971963965,0.1588965303335657,-0.6106966161131981,0.14740276115701503,-0.5648302133129213,0.11689456879124649,-0.4930880506297288,0.10598841556805899,-0.44795649176259317,0.08271913371977978,-0.3980634678397562,0.07944833503831904,-0.3413932755775703,0.0883278116062728,-0.30798548781802926,0.09931459697552668,482,0,1,1,0,0,0.0,1,0,0,0,0
185.7751250784713,50.58244804751701,0.36122155217785556,0.48035612370553854,0.05335777649134014,0.04804583115552201,0.1884512700847757,0.15392363999590547,2.3349095844416143,5.594925825707302,0.1589368845147824,0.17545664524314572,0.09799811637725823,0.038121491983088784,-0.3306273334102746,0.08165129663937043,1.3402466087722968,0.5292583701757134,0.6018030074000797,0.13954678603522935,0.0,0.0,-10.371925415184434,1.3736793782094567,1.9537615444098957,0.7956699901566865,0.25429045093405817,0.5152172838598715,0.36157973076479544,0.32320861810485185,0.04464723672711017,0.27960719990650984,0.11006340458951436,0.2666160624170737,-0.01518424501396339,0.2187601263836532,0.0804372808121946,0.19354197762872827,0.04628559060621366,0.17136868612198344,0.06432078022220879,0.13797254078780744,-0.033427126373241765,0.1481496696626783,0.033393661298341676,0.1201281020810167,-0.04821840146641518,0.1351150674098844,0.06896829637154808,0.12323169346111565,-0.034445961805627104,0.11324375142562043,0.014135974465831256,0.0946438911809468,-0.0072297189728416445,0.08636222774644522,0.02462734588500485,0.08456970840308525,-0.019226045321416158,0.0805336749493647,0.018993399716614776,0.0781908140441257,-0.013294695038960119,0.07068734027270043,0.0006693724865881636,0.06685380875973913,0.005709320229605076,0.06661719699649819,-0.0019157060177411494,0.0653381363571155,-0.001819440648099568,0.06145820765603413,0.0,0.0,0.0,0.0,0.0,0.0,0.0,0.0,0.0,0.0,0.00021665839373245387,0.001971126312667062,0.0018979200477976421,0.011878276552277411,0.0036219476115670855,0.023232124915404894,-0.0016920121109638428,0.04283797134597674,-0.07964716232035751,0.1755521576563785,-0.2857109685183908,0.5334418622712583,-0.5742955768374772,1.0653189599312693,-0.5860152444152148,1.5468371365329239,0.250624862891009,2.083438523303749,0.5636365416351133,2.215592685864383,0.8188822150380443,2.0934109094204785,0.7893418612936698,2.119825258203164,0.8940956146873497,2.083724717121503,0.9721790301091306,2.0242172217452397,0.9839533007999317,2.0058153518556643,0.9826680212465361,1.9964251715192387,0.9705178731402971,1.9776544076178826,1.0413348998710916,1.9539450915430938,0.8643994142927247,2.027418289997436,0.6813303723742525,2.08758898369161,-0.4453395788573921,0.5144499326194837,-1.221592785164964,0.32429938667083036,-0.9652819576508455,0.27221877070171185,-0.9489012713679683,0.1814921181533216,-0.8178298430154533,0.17156500562875437,-0.7222636003703212,0.12128509824270124,-0.612325583434557,0.11223550600309752,-0.4909372645515057,0.1225897843773948,-0.4151429544494702,0.12005446967944557,-0.3091300985178755,0.14052123291370955,-0.24738406076307634,0.15296981046007724,-0.18265051598086537,0.14838370979894988,483,1,15,1,0,1,3.0,3,3,2,3,0
212.89415765100603,55.75779115767515,0.41963254276788314,0.4935012849900199,0.08517467634954846,0.05904558542992705,0.25986467578296113,0.1674577770766399,4.037478620321279,5.649253063096281,0.16955865917169635,0.15412860625205416,0.10545433308575675,0.0329221673553693,-0.3264107537373555,0.07127908800130194,1.4341458240665403,0.4854168135109993,0.6019580600508293,0.13115186979940494,0.0,0.0,-10.536335936071682,1.1019371895903731,1.9804476291807356,0.7001251344579354,0.2518200055719294,0.5080995853917736,0.3947432392726999,0.31462618440809453,0.0034356117741986356,0.27502141910354094,0.045232287843007965,0.28757838619037585,-0.0331922344362304,0.21960043851078018,0.04683697772802438,0.19473503274643378,0.07355430262802339,0.16328809868911767,0.03745414032150319,0.13726486348506275,-0.052973495541684186,0.15189292774649882,0.045939839477184385,0.11368841178446112,-0.015336956362690432,0.1099012159402451,0.02497290855339027,0.11119528159058265,-0.047171703893114945,0.11445193675044175,0.02941832949938352,0.10243493789853507,-0.010686320526248379,0.08447426024511769,0.004784408441182734,0.08251631685051135,0.002988892725835317,0.08451862044949422,0.02399191225146612,0.07730587100176774,-0.03534779263144009,0.07326679453317453,0.02090074384013179,0.06953706597747396,-0.007896784974841534,0.06618490601945722,-0.0016927150731083185,0.06107105399908349,0.005915371471431637,0.05714509263127505,0.0,0.0,0.0,0.0,0.0,0.0,0.0,0.0,0.0,0.0,0.0,0.0,0.00011449446926699415,0.001460823152057852,0.0006640031357553565,0.00883207765866418,0.0014229456576085146,0.022169917226746223,-0.02133380575927212,0.06515832453786545,-0.17537989689076433,0.2849763033710037,-0.5035392929536623,0.810192114863407,-0.6318042200224071,1.5665015220455125,0.5103870263232579,1.8399867144086557,1.0186541002912939,1.7215275268801202,1.0510787584022943,1.682360542205399,1.0542370980340838,1.663133526468113,1.118977555966971,1.6967775336940325,1.0867104679138715,1.7286717400965264,1.1240571100453844,1.685621940532358,1.0936676055078907,1.7104095946359157,1.0955171955986498,1.6921481248993262,1.0787976478399983,1.7188834394105057,0.9494539918061357,1.6966571378543462,0.5806611039488192,1.8188002407101336,-0.5887960939351474,0.571700923819312,-1.4165037362504895,0.3732075881291179,-1.0766399885965705,0.29065099511035036,-1.0554326960090006,0.18095573525252603,-0.8475984609724859,0.19381290583487626,-0.7306614049699143,0.13205138276880798,-0.5836274215428583,0.13653486855186234,-0.43498460407860445,0.1646922225235599,-0.35843852500354595,0.15395550133697627,-0.21791958340918444,0.18098292197118623,-0.1551785550833509,0.17604841460111403,-0.07861623249860471,0.17537489772431109,484,0,9,0,1,1,0.0,3,1,2,1,0
166.9790774846524,43.218785528985855,0.3279741164758586,0.469479235380574,0.04561067730076074,0.046466451579965685,0.1682044664269952,0.163579593737516,2.0607248289323046,5.392982573057817,0.18464073511202916,0.23552537715747976,0.10401217806703168,0.03387380973927938,-0.33203251190393235,0.06386682211600939,1.4318025350920858,0.5013487081465863,0.569823943587191,0.11355067513782581,0.0,0.0,-10.961056275095405,1.0899152171116304,1.8047006796602671,0.6677687642540479,0.30450060319349753,0.4328127534932218,0.36308196886463745,0.2672466804088539,-0.0025656800164592713,0.25132963839637806,0.14323847146776175,0.25508346565150486,0.03938283321825452,0.18086767801655387,0.08472302700909241,0.18941444780496816,0.04686946763550357,0.13626828996182183,0.1238883492355074,0.15371465572018422,-0.015460089038053756,0.1184834863853438,0.037028250846928824,0.11587660053686752,-0.03479327278263979,0.1160458202058331,0.037423286812541395,0.10317165325400121,-0.007782447014532935,0.09533045745213112,0.016715173176230957,0.09235249964956922,-0.009641886798805377,0.0864454872871117,0.019436106901182176,0.07654364260948156,0.00010255953768508368,0.07521319460063854,-9.294178597643929e-05,0.07142209500047314,-9.213080264310648e-05,0.06850696741633894,-0.016094762118710634,0.06797707678161559,0.010826385408649412,0.06825423698555755,-0.0032841389047959177,0.06619204652284003,0.003568016220919197,0.059898439745819446,0.0,0.0,0.0,0.0,0.0,0.0,0.0,0.0,0.0,0.0,0.0002750767172229965,0.006528239066607567,0.0007947211002721088,0.016241332567865557,0.0010462087700504397,0.02531455176692038,-0.0192054751674779,0.06322675899195129,-0.12195135996675244,0.25995737532997554,-0.36447752046039983,0.7738556969945183,-0.11109813336802722,1.4539499109172083,0.5788108394354572,1.412596208137151,0.7536649635516842,1.8336153772022294,0.7894323621826282,1.8001712665572447,0.7423766023573918,1.9041846463968768,0.778257943202006,1.851062813043282,0.7384880807740003,1.8699352033299323,0.7258116048106023,1.8628777211025231,0.7272502357602191,1.8424438730741555,0.7200497365606338,1.8641229528936385,0.7628712606441016,1.827957421488561,0.7428634744581881,1.8384995563900215,0.47346300851501577,2.0108628934348083,0.1861441141893977,2.0768669559388244,-0.29412479913569267,0.37551654139878454,-1.1084295833748132,0.2975914858058651,-0.9237440440771527,0.22931062580902256,-0.9139679789115647,0.1691900673841336,-0.7840139818997844,0.16140783833529704,-0.6895967457541066,0.13985540088574516,-0.614816020447984,0.0931954218344631,-0.5085518200862784,0.09966093811892177,-0.43947914570303637,0.097541051069438,-0.35650658340944086,0.11166392057984989,-0.27831272673915713,0.12389954250668714,-0.2297036395238593,0.13327304946655844,485,0,2,1,0,1,0.0,0,0,0,0,1
188.0549692945815,55.90907712125413,0.3681572351932463,0.4823078838065164,0.050188315546700085,0.04696616813254016,0.19521462516147972,0.17718453938359424,1.4769053558619618,5.231696032993502,0.15528044531283322,0.17487234931724757,0.10203036944527986,0.036137489909813275,-0.33474808085393093,0.07906106259190351,1.3677278937108857,0.5196976794241006,0.5826670024476396,0.12211228457581179,0.0,0.0,-10.726842924562868,1.2650767595612074,1.841313597128494,0.7724006289540403,0.4375079616344194,0.45610049163561456,0.2992588254354746,0.3023468813920991,0.04839948337426315,0.22935119958153286,0.07536390925393893,0.2829386141336189,-0.00026838464375265636,0.2087657074658053,0.08508784409679755,0.1761459643015021,0.0036174061421917368,0.15861164990274212,0.06547118740503305,0.13857315184006375,-0.025630933438794207,0.1291573349838998,0.04883510896914801,0.12030883873175943,-0.03173107181284205,0.11831802130577271,0.05909247348011696,0.11755955559318244,-0.04803980663868325,0.11563809844763251,0.0010090622908851075,0.09250423351605748,0.002254627593643466,0.08372065163850759,0.01185973455406352,0.08367518119554332,-0.004155904497618314,0.0808099647430092,0.004420056126788462,0.07424034870878844,0.004350752736408552,0.07246669932538846,0.00431826231815064,0.06886556476136962,-0.005232657409225403,0.07204547498792858,0.0020152318480213694,0.06342717743354731,0.0003534415465007549,0.05890089656675287,0.0,0.0,0.0,0.0,0.0,0.0,0.0,0.0,0.0,0.0,-0.00015825441790474722,0.0021265064666022688,-0.0019693271428295744,0.015168924015449944,-0.006961568390116226,0.03550040597431099,-0.03094619162341717,0.09427026301089385,-0.09170150847517528,0.2707716287037482,-0.20601884010760824,0.7664800685963302,-0.25432319359454336,1.3032911736467994,-0.10916961314148381,1.6456472682029177,0.613576670892276,1.8600365931156009,0.650362135657225,2.0691383955512572,0.7261085686647963,2.0416504363470147,0.6923398653784607,1.9712248904493221,0.7266699476857201,1.9408048462147818,0.6781683822490876,1.9846813461495663,0.6716431374242624,1.9633587510493988,0.7423455085491433,1.9521994060011718,0.6521152519858417,2.0068054609432875,0.6396759508413724,2.0329591763496184,0.5574553210746149,2.069835467379544,0.1967388327521875,2.127712586819915,-0.3732821720036745,0.4089104253330539,-1.2287346065456037,0.3400708309695928,-0.9959483486313737,0.27351891834904424,-0.9241194754136804,0.2084053347487818,-0.8153722988172187,0.17014017545831184,-0.7041076990285362,0.13122028970018243,-0.6062808257705667,0.10031161026667823,-0.49888492222647274,0.11094483390077932,-0.4139634680136013,0.12902549766509422,-0.31893464811421396,0.14693346870095375,-0.2487131352212124,0.15717028869206887,-0.185881519163259,0.15989990255449257,486,0,4,0,1,1,0.0,1,0,1,0,0
214.75900577424744,56.34830769016022,0.46071850787974716,0.49845701108487095,0.07697663929307091,0.055839379037340514,0.2568918926126613,0.1758400091079158,2.8491522254006343,5.253872800264455,0.1765715533907534,0.15008108268281406,0.10443442944516418,0.0379394713586731,-0.3291700530619743,0.0838605043101652,1.3529038101239852,0.5057843576947438,0.602537734755889,0.12923956547296753,0.0,0.0,-10.649788055807957,0.9914884932199045,2.008638800730261,0.8218092921974488,0.3989116416481324,0.4246907811504459,0.2660631774102481,0.3818793472720805,-0.022019505066096078,0.24278501571246663,-0.010978427118659317,0.3079283508333139,-0.047515068498802174,0.2227064124707703,0.13153762764468543,0.1707783466563816,-0.030222725166771203,0.16472010166156142,0.08972618795146603,0.1425425861241564,-0.0886643253223057,0.14960917704466212,0.04712323954923646,0.11903993565441676,-0.007691073579175581,0.10277762481802087,0.03484947030111645,0.09825362728038893,0.0014922175889361706,0.10051671845209875,-0.020263883189866442,0.09068104587495458,0.021448748531519967,0.08823741953628249,-0.003157944265357056,0.0811759911708598,-0.021573589267397573,0.08440976999302785,0.027850018258181154,0.07452780455963035,-0.017208699168627373,0.0684032109606696,0.00595894259843773,0.06532062343609686,-0.002964448656413714,0.060396052496183725,0.009867086400034001,0.05838043449190224,-0.012035861793637383,0.057045561398953275,0.0,0.0,0.0,0.0,0.0,0.0,0.0,0.0,0.0,0.0,0.0,0.0,0.0002075973060146203,0.0016501128355571777,0.0028461757359101226,0.014777569975274515,0.00725029557171506,0.03738755506498591,-0.00033827238439460293,0.0751068774383121,-0.14863079868707038,0.23498081733711373,-0.4664895367266953,0.6810008448556369,-0.8042000389277683,1.5418281161313576,0.014260044191761679,2.0735186187391674,0.9650881288737482,2.0201352897184672,1.1321977372159628,1.8898166177361528,1.11430489936154,1.9293546513995243,1.3224294524676556,1.7945738218599738,1.2859516740052368,1.8074293559505759,1.2572034023372511,1.8232432321416479,1.2359802361189045,1.85074044354241,1.1382225930306493,1.921103913905118,1.121126737697999,1.8950642528742117,0.49888345978778903,2.1339975072872726,0.773485280952018,2.0048694614784743,-0.528580785609911,0.4371749341685657,-1.4698967304471868,0.3846401334262837,-1.1307669247071355,0.2606217699375771,-1.0238441463600747,0.20516350094976252,-0.8864967952438177,0.15748506942284762,-0.7267615652218348,0.14008441111810407,-0.6045592548616037,0.11269209687934836,-0.4595495470310695,0.13119734033155686,-0.335245059721351,0.15085726283418083,-0.23330763616249384,0.1624565781835617,-0.12241513972166759,0.17955856440504087,-0.06175696795580502,0.17407539631009156,487,0,0,0,0,0,0.0,0,0,0,0,0
230.0150975805449,64.80778827994685,0.35689505147416123,0.47908617957297217,0.07458995812261474,0.05638793202156698,0.2344095196508007,0.16595252827984866,4.608106844815111,6.008007346271441,0.17268351142630323,0.1651450547846104,0.1019364732982224,0.03423731235843982,-0.3209599720326591,0.07994007383706186,1.4468777419172572,0.5027710682803482,0.5857101196731871,0.13116805674684223,0.0,0.0,-10.501413764111605,1.3179425182918543,1.9136397370263645,0.7030188105238848,0.3802347840192449,0.44163190289698684,0.33653244805638427,0.2973811864868032,0.02287243834699574,0.3017384043448241,0.15169724585437502,0.24307425545218178,-0.0005987351672667275,0.18845119479660308,0.12219414196512979,0.16725736502920321,0.003329890289711948,0.14696823146115381,0.03502049573362941,0.13590940654396552,-0.031192010047552864,0.13186277853371972,-0.0038929362651026664,0.12190692410950024,0.007056311424397963,0.11305475590293076,0.0025742248625991344,0.09961321737908434,-0.013938017257427309,0.09371081696859375,0.012229610900858846,0.08513841667598401,-0.007948421092805483,0.07939312309460368,0.013865493911190858,0.0787714875337316,0.006556294701931609,0.07447047363228362,-0.009584707059482209,0.07197586841684216,0.0023244668990133463,0.06844720860058924,0.011073723067550372,0.06490244127293042,-0.021889676372123832,0.06442622776995337,0.019026281774812644,0.06105568652155274,-0.007812874594610752,0.056086491431533755,0.0,0.0,0.0,0.0,0.0,0.0,0.0,0.0,0.0,0.0,0.0,0.0,3.537356982009469e-05,0.00033253088448621505,0.0034075186438686416,0.01679692102414329,0.0091977504547436,0.04588467215401566,0.011322769463565628,0.09422313583446922,-0.041732551667854424,0.22251401513222904,-0.13817297590125807,0.6510762816664539,-0.09288025806270579,1.4440948785408334,0.4022381225818196,1.7287855630046198,0.8656509978930174,1.834525312332399,0.9595949872844244,1.8272329419441018,0.899466776444045,1.7408875097125862,0.9209829823580927,1.7559526245479191,0.9264974600275733,1.7382969607480774,0.9050789973314686,1.7748571584716573,0.8777103051995118,1.7855306793597978,0.8831413274574907,1.7474800960772634,0.8463077709326372,1.773185631094972,0.8322067377341198,1.7442744849713836,0.6777012655458747,1.7542690442571223,-0.5058627358003526,0.46750547224277933,-1.4069311727746323,0.3675609442597947,-1.1386095822177396,0.2937193153428167,-1.041027977737849,0.21124416574174337,-0.8647258535489484,0.18929140371769407,-0.737070031042705,0.12283263962253838,-0.5796334378638732,0.13312134676378462,-0.45710230471697677,0.15210490444568014,-0.32736196308096865,0.17546769267691228,-0.22190643029667428,0.18935547724103946,-0.14889879648973908,0.19106355645232756,-0.06642146383545333,0.1909199106044364,488,0,0,0,0,0,0.0,0,0,0,0,0
129.71905065985527,34.83296948124573,0.22382574145026252,0.41680960188358573,0.03557885352085285,0.03680814302056518,0.14002688792632326,0.13701524802605902,0.10155991746185614,4.528242211914465,0.12519148981307507,0.1663391787585415,0.09410256217298142,0.040125006142959864,-0.32669642139297267,0.06554670907489153,1.356234224918405,0.5556742002111369,0.5723870262523059,0.12938316022713875,0.0,0.0,-11.146684831843336,1.281535154611131,1.6546277305477084,0.5792265632515676,0.3489706881382148,0.40475337179598464,0.3636919867622109,0.2549832558815907,0.017493533762526606,0.26972117836160936,0.16173251038199232,0.21154066477043285,0.04383813065084575,0.18789114866793036,0.11845182777350934,0.20702835687978777,0.07391297621442033,0.13869737849867717,0.08384259058144843,0.14182956742549696,0.023061247700225627,0.1117293497325337,0.05734132885195544,0.1179345362233941,-0.023048895800914713,0.11829599523170237,0.03926913715434653,0.10028829857936121,0.003554098561945509,0.09622890895899308,0.004766269835749964,0.09309661389484306,0.007430681149036469,0.08445686689419563,0.03411577534201504,0.08467574197270608,0.00010778358510855661,0.08704277505969639,0.02010168228096349,0.0838356332666205,-0.014030428899863204,0.0771574999632419,0.006706854470388818,0.07130722153389984,0.0010894554101348092,0.06799932481007649,0.00762143064881964,0.06771233971387902,-0.004664098465462466,0.06053356759362755,0.0,0.0,0.0,0.0,0.0,0.0,0.0,0.0,0.0001229343352116645,0.008479270667230346,0.0003142151072601817,0.02556085008637122,-0.005195788699883638,0.044965397341005166,-0.0348515335930474,0.1030162295040525,-0.09657222861636428,0.22714349055887384,-0.22342975805764664,0.48570173777457315,-0.3621692853420179,0.8388508453268732,-0.3639286575617283,1.4567745735814277,-0.07488998793472115,2.066994175566551,-0.163201182191429,2.123823104729038,-0.10384401541762453,2.140914853087532,-0.11347711890211437,2.0744157774057514,-0.04538472853715056,2.105173400305963,0.01673235150061018,2.083117582587655,-0.03346774019200086,2.1059048709869295,0.0007371530033347559,2.1196025457781444,0.0462146023645239,2.12896502723304,-0.01832680321898681,2.1076297693898423,0.0788345149536966,2.1348801642131074,-0.06264171713265221,2.0578936409333037,0.04094415303909466,2.085655072497183,-0.17821695997398468,0.47246637660439766,-0.8521858708670355,0.28307134808066203,-0.724219505324961,0.218951796259126,-0.7273578040456933,0.16656603488480842,-0.6576799977044132,0.1613430102442836,-0.6074265105160637,0.13905965707997503,-0.5632217730610187,0.1073431376583187,-0.4915351113469562,0.11188143220613574,-0.45399228440527883,0.07424817230619783,-0.3925276345489854,0.07517174130243787,-0.3395388283226025,0.08177369348430831,-0.29900647155510146,0.08729271262497276,489,0,3,1,0,1,2.0,0,0,0,0,0
134.6706592023608,36.263103832981685,0.2498951236094837,0.43295526605717527,0.03975134536284338,0.037171019611234514,0.15686461040298863,0.14656267141825213,0.33444558093833265,5.159352702862855,0.13812603024746634,0.17256689388712587,0.0934067810769431,0.039179373590547316,-0.3304912641225571,0.0828578341439992,1.3635638798478205,0.546580106759828,0.5759485200133085,0.12780491524643578,0.0,0.0,-11.172003688755806,1.100952111532465,1.7681919741424006,0.6556598188204017,0.2876147576543708,0.4580186292059451,0.4031018879771558,0.24402556419350788,0.03623568960061623,0.2502234182612983,0.14398060995116088,0.21437828328566194,0.018560188500193846,0.18883065012693553,0.10855846648878038,0.18733250719524344,0.05212484485435201,0.14172795516517264,0.10210159534483647,0.12024266797879071,0.01708227763964617,0.11510653505774116,0.050117156410876766,0.11659258902713572,-0.0020393513837521156,0.10256331610069981,0.04145775693743032,0.100669243436185,0.013209076966676794,0.09400374568702433,0.02945374758883681,0.0898005935453353,-0.009590894775719306,0.08235871229491927,0.028530025652684116,0.08085584529624228,0.007732552163130091,0.07662428236825825,0.00836765922864789,0.07432115265216689,-0.010760537016145178,0.07102966582965325,0.00895209767339597,0.07015579530293575,-0.010721721509499632,0.06726200323074116,0.0013518847102952452,0.062315783226331835,0.0008951834086474564,0.05937344156793956,0.0,0.0,0.0,0.0,0.0,0.0,0.0,0.0,4.452739034486223e-06,0.0066305057511391405,-0.0006798013752314948,0.02277523845508671,-0.01207334351993563,0.05473071250344814,-0.050700801074323225,0.1291187968228755,-0.1288362581956091,0.27886762978626245,-0.2870699983207614,0.5911346280866973,-0.39293608465616026,0.9796649533885253,-0.12307761273404796,1.485169483674664,0.33120470755182335,1.9802294697910496,0.07892686981064385,2.136293013924579,0.15745959359604797,2.1014477283902346,0.18920975087581188,2.0890315121216925,0.2677068092340985,2.0988506944389616,0.2915509278609846,2.0857677520080653,0.33147505984024067,2.0936496328510663,0.327450404839908,2.0752591751224063,0.31930664167865874,2.1249669903838497,0.30373193454541514,2.1148177451452783,0.37512109803045024,2.1187813136181357,0.1005849351383645,2.0878909985349487,-0.13020443228644996,1.9674676268518934,-0.21431163947168336,0.4759479592529682,-0.9155926389792997,0.305484698727092,-0.7352950497713839,0.2676462350565442,-0.7617694227314151,0.1722894061582671,-0.6734455297341926,0.17510819012150866,-0.6328632210389273,0.12961594665991963,-0.5750045946708328,0.10297334755064493,-0.5003287463867552,0.10483951097485844,-0.4528696352944495,0.07862594475755123,-0.3808520164825182,0.09113963331194548,-0.33380318416648586,0.08911759637234007,-0.2833853623251891,0.09625938585833993,490,0,2,1,0,1,0.0,1,0,0,0,0
194.47340932289896,55.514777609626435,0.4094476579335375,0.4917347006363091,0.06589467914159805,0.054735191794232696,0.25396347289534876,0.21355899686041893,1.8532827685371442,4.960295946300117,0.19358785567746395,0.186614973262568,0.10824349390971985,0.03302745438854011,-0.34713691214290576,0.07617551908480921,1.433568777588749,0.5041060385150479,0.5878237255302257,0.12322931782195017,0.0,0.0,-10.622151982533742,1.1337778085742165,1.9179567981894292,0.6668463276996042,0.40332391523530675,0.40650544740734545,0.3253830739736917,0.3219319685044005,0.000992515339237837,0.2701659405935887,0.11793466952586833,0.24660096125714295,-0.06143139125596915,0.23576009241131146,0.12038086019541908,0.16708594739626234,-0.01515494422503289,0.16883867457329546,0.046579393452365885,0.1366467556284608,-0.01780901545744131,0.14758038870947976,0.0425542158603929,0.12725187797275694,-0.04418901753763639,0.13102530214520602,0.05291850034471737,0.12024157510048859,-0.03219171994374617,0.10553502192617803,-0.0008176490067072701,0.09264367487954958,0.013417774381592267,0.09364338759516774,0.013993333445347624,0.086031944303002,-0.012435635900228422,0.08299320483492671,0.00894495931313281,0.07831768519695209,-0.0014688964645949865,0.07425340905376204,-0.005990951623627504,0.06913494463201567,0.0007425546887871159,0.06452041168399257,0.006207442463912668,0.06184762575624164,-0.0014271905234203245,0.058875958238217146,0.0,0.0,0.0,0.0,0.0,0.0,0.0,0.0,0.0,0.0,-5.2795649724509474e-06,0.00014211938250014211,-0.0005220190125124294,0.007251166045572364,-0.0025074474250314166,0.02271434820424575,-0.011951774834869864,0.06292870528596543,-0.03291008966283566,0.202864329603056,-0.05555105206701598,0.6584338322884713,0.1108631888950675,1.3065628239156708,0.4476412821495928,1.5387698451359435,0.7494809650479438,1.6699922590357155,0.8244375445537824,1.8162341540707463,0.8480671905445162,1.8197822998789066,0.8156629051248385,1.8218029476203124,0.901814937307928,1.782106025479369,0.8466823882721448,1.7701304938849565,0.810943735472553,1.7664472775907856,0.8341585913524103,1.762143958384588,0.7981491948558919,1.8078501771786875,0.7881087254608666,1.800416772705149,0.7577290212902689,1.8311281401727189,0.654831279597346,1.871773284059824,-0.40598058760423045,0.3982719290802403,-1.2844232814449357,0.33495293722347963,-1.0518138490722468,0.24477204958823773,-0.951768605091301,0.2043309428416242,-0.8247442608313486,0.17553154826154124,-0.7283605785981627,0.11471832148873429,-0.605863707386957,0.10946324093887506,-0.4935012272824091,0.11903996955860378,-0.39312264972785527,0.14028133289754968,-0.30625040386881025,0.15704576923629704,-0.23060147794129524,0.16762256434107728,-0.1604993873746059,0.1679299813559084,491,0,8,0,1,1,1.0,1,1,1,1,1
190.42997337015484,50.46848359068658,0.4349431787048909,0.4957522600519814,0.07410457947439261,0.06014988181479818,0.2402251837498439,0.18158210595767607,2.7571786433740786,5.260181131201519,0.17722200329762963,0.1828170997157528,0.10588543354615293,0.032323389533526946,-0.3477468124268227,0.08605003401356318,1.4148967766928582,0.5066968583638488,0.5927308609220722,0.12596903445849778,0.0,0.0,-10.696344548552892,1.0227079101167669,1.9956842854638088,0.7425640487214737,0.4242158971362506,0.4723441614466433,0.4037263250080021,0.30065031122454033,-0.02910626302339741,0.2754070964818771,0.03242069574018915,0.27658090475998715,-0.05206255059667577,0.22958858918705696,0.14726703910268926,0.1846402817151607,0.06931651000748923,0.157650021934906,0.036970402962794933,0.14583319099225908,0.012261407886171222,0.1399986304858243,-0.0033106128573341656,0.12445573436342525,-0.012587582021484694,0.10684989829571268,0.029552785695222742,0.11060461204906319,-0.06199482635261422,0.11675505627671832,0.03028359544423185,0.09806503864121584,0.0039450973862894655,0.08441989499391828,0.015198191672327974,0.0808924435623906,-0.01315602815336599,0.07908055224645304,0.024584179930706516,0.07678035877869134,-0.01391439387609144,0.07074894787326061,-0.0058971359052613125,0.07049352933601809,0.003009705106117193,0.06608219662982687,0.0006814891901357796,0.061617249296516595,-0.0010777757431945948,0.05902661242821964,0.0,0.0,0.0,0.0,0.0,0.0,0.0,0.0,0.0,0.0,1.6113873493517877e-06,3.513140838865512e-05,0.0005468726993482593,0.00734067419060235,0.0008008797711809855,0.017090268707105002,-0.0029881006714545097,0.03505187637106638,-0.06485556214282322,0.13701499707472803,-0.2492708789517136,0.45696003318024003,-0.5655898460327338,1.105564293841738,-0.2118695105775531,1.7612319197398765,0.9011571491259197,1.7352132626524013,1.1033627928573824,1.67629026047555,1.0736475329986521,1.722003210731118,1.0142711395187014,1.7992545763391672,0.9569982306846281,1.8225307373070436,1.0370582334076668,1.7608602742533577,0.9376632453533661,1.7886086382605502,1.0206149350963825,1.7830577906554796,0.9067056576462375,1.8066195627788237,0.9556157936258233,1.7850473834100815,0.8106006097393343,1.8120738837153751,0.3579477777040624,1.9346594538144153,-0.4270680012500247,0.3966621234916916,-1.335827965501748,0.365716165969206,-1.0708366050673417,0.22542684887476996,-0.9782592610119342,0.1794967457838501,-0.8251116314732988,0.18132297676617234,-0.7212532576055057,0.13788064554281443,-0.6029385630347064,0.12618435979564718,-0.49971598382867033,0.12330157789740583,-0.4059030489005491,0.13452098165902382,-0.2878166618505932,0.15538174169511543,-0.21888925745024163,0.15439578071513463,-0.130632410059287,0.1567248880802588,492,0,0,0,0,0,0.0,0,0,0,0,0
