F0_mean,F0_std,VUV_mean,VUV_std,NAQ_mean,NAQ_std,QOQ_mean,QOQ_std,H1H2_mean,H1H2_std,PSP_mean,PSP_std,MDQ_mean,MDQ_std,peakSlope_mean,peakSlope_std,Rd_mean,Rd_std,Rd_conf_mean,Rd_conf_std,creak_mean,creak_std,MFCC0_mean,MFCC0_std,MCEP_0_mean,MCEP_0_std,MCEP_1_mean,MCEP_1_std,MCEP_2_mean,MCEP_2_std,MCEP_3_mean,MCEP_3_std,MCEP_4_mean,MCEP_4_std,MCEP_5_mean,MCEP_5_std,MCEP_6_mean,MCEP_6_std,MCEP_7_mean,MCEP_7_std,MCEP_8_mean,MCEP_8_std,MCEP_9_mean,MCEP_9_std,MCEP_10_mean,MCEP_10_std,MCEP_11_mean,MCEP_11_std,MCEP_12_mean,MCEP_12_std,MCEP_13_mean,MCEP_13_std,MCEP_14_mean,MCEP_14_std,MCEP_15_mean,MCEP_15_std,MCEP_16_mean,MCEP_16_std,MCEP_17_mean,MCEP_17_std,MCEP_18_mean,MCEP_18_std,MCEP_19_mean,MCEP_19_std,MCEP_20_mean,MCEP_20_std,MCEP_21_mean,MCEP_21_std,MCEP_22_mean,MCEP_22_std,MCEP_23_mean,MCEP_23_std,HMPDM_0_mean,HMPDM_0_std,HMPDM_1_mean,HMPDM_1_std,HMPDM_2_mean,HMPDM_2_std,HMPDM_3_mean,HMPDM_3_std,HMPDM_4_mean,HMPDM_4_std,HMPDM_5_mean,HMPDM_5_std,HMPDM_6_mean,HMPDM_6_std,HMPDM_7_mean,HMPDM_7_std,HMPDM_8_mean,HMPDM_8_std,HMPDM_9_mean,HMPDM_9_std,HMPDM_10_mean,HMPDM_10_std,HMPDM_11_mean,HMPDM_11_std,HMPDM_12_mean,HMPDM_12_std,HMPDM_13_mean,HMPDM_13_std,HMPDM_14_mean,HMPDM_14_std,HMPDM_15_mean,HMPDM_15_std,HMPDM_16_mean,HMPDM_16_std,HMPDM_17_mean,HMPDM_17_std,HMPDM_18_mean,HMPDM_18_std,HMPDM_19_mean,HMPDM_19_std,HMPDM_20_mean,HMPDM_20_std,HMPDM_21_mean,HMPDM_21_std,HMPDM_22_mean,HMPDM_22_std,HMPDM_23_mean,HMPDM_23_std,HMPDD_0_mean,HMPDD_0_std,HMPDD_1_mean,HMPDD_1_std,HMPDD_2_mean,HMPDD_2_std,HMPDD_3_mean,HMPDD_3_std,HMPDD_4_mean,HMPDD_4_std,HMPDD_5_mean,HMPDD_5_std,HMPDD_6_mean,HMPDD_6_std,HMPDD_7_mean,HMPDD_7_std,HMPDD_8_mean,HMPDD_8_std,HMPDD_9_mean,HMPDD_9_std,HMPDD_10_mean,HMPDD_10_std,HMPDD_11_mean,HMPDD_11_std,HMPDD_12_mean,HMPDD_12_std,participant_id,PHQ8_Binary,PHQ8_Score,Gender,PHQ8_NoInterest,PHQ8_Depressed,PHQ8_Sleep,PHQ8_Tired,PHQ8_Appetite,PHQ8_Failure,PHQ8_Concentrating,PHQ8_Moving
125.67554955866645,37.32998010479022,1.0,0.0,0.0638289710073548,0.0689052708084098,0.2353647345479563,0.2198139720871634,2.3269573731652327,6.491920546511606,0.4757969933696913,0.3926743987814798,0.1141532324388598,0.0261386474716121,-0.4084652246022375,0.0512905160850071,1.6791263158486536,0.4805146917380574,0.630947592061618,0.1216191668103519,0.0,0.0,-9.178665930173722,0.5071095253195654,2.1845440962500704,0.4483252612269823,0.327524645245685,0.3263302137480215,0.4660362330097824,0.288340516822721,0.041435051999865,0.1911048986032825,0.034089634106426,0.2116834875798404,-0.0485925004534536,0.1673808004006011,0.1297748657529656,0.150409805868476,-0.0890488425399449,0.1301432091205071,0.0988568556394799,0.1518545960876076,-0.0399204802320627,0.117734286784614,0.0705484226715241,0.1153788232736737,-0.0780406130362624,0.1235976715744587,-0.0151681777800978,0.1113826426908336,-0.0607448255836706,0.1052784154606461,-0.0049223693830325,0.0979759346477708,-0.0093026946642457,0.092021191092906,0.0345464369967954,0.0839520155337152,-0.0183720629838589,0.0820930962767467,0.0131462296285939,0.0786703001129343,0.013003848141193,0.0789448336492113,0.0354211915182436,0.0777242158245257,-0.019906509631433,0.0728492943261139,0.0177657843020014,0.0683670616791834,-0.0017890695632147,0.0643263574917595,0.0,0.0,0.0,0.0,0.0,0.0,0.0,0.0,0.0002246370053179,0.0032576132632132,0.0014495157633665,0.0162728060500986,0.0048553730800281,0.0311444076731238,0.0128094733866607,0.098795921855214,0.0230589913062393,0.3360946439593821,0.0087089922688592,1.3202762048002536,0.8437263501832799,1.9627400848943235,1.1817885219314668,1.0682093126613943,1.215890337271209,0.9997291544801576,1.1973383714336314,1.0415007260111968,1.249233975321302,1.2424260488006376,0.9298213056220834,1.5497408797789956,1.202562644802946,1.1560281741902434,1.1756568733501993,1.187375738509822,0.9514237150952944,1.4969717606535418,1.012377205723281,1.493055354722623,1.0886292570259175,1.4257531181584124,1.03140708522404,1.4516753896977608,0.8849069211345365,1.4820233950516652,-0.1121709869955585,1.8128969600179992,0.1729247247948501,1.793891355928385,-0.3407434696609658,0.2510463396604565,-1.1545760639793108,0.2747982213437739,-0.8318800188339799,0.2314915151116484,-0.7531355993703267,0.2050798046719411,-0.6646024281778827,0.1753621692078253,-0.5820556907291843,0.1488749034684678,-0.5692398532636195,0.0989201190581389,-0.5108001038961038,0.0889165181284161,-0.4475496046994996,0.0968259366956122,-0.406698104136729,0.1168458023028322,-0.3504240232817113,0.1313308469534119,-0.297138090617867,0.1353668754754701,302,0,4,1,1,1,0.0,1,0,1,0,0
199.18730244468452,43.504719638292976,1.0,0.0,0.1194071113044312,0.0529274615215567,0.4236270201539631,0.1634104231676158,5.859107426669948,6.426474366056405,0.2674035013587804,0.156769947001501,0.1124776579922378,0.0278605246739462,-0.359891551414396,0.0646891219392245,1.506193643020045,0.4415623570589136,0.6727521245948864,0.1336605290544051,0.0,0.0,-8.52557398271516,0.746603186885169,2.463732091295563,0.5983601105669402,0.1532677214695854,0.5308179792035935,0.2512343807237266,0.3862573048258727,-0.1344969196696454,0.2963299672827337,-0.0506154409342075,0.276476576346106,-0.0456130678669807,0.2261597994583561,0.0572330678672008,0.1778227410814153,0.0412249056174828,0.1660658148720483,0.0342255681570919,0.1349960414766033,-0.0800096669397291,0.1313461357098919,0.0330412186339595,0.1191641610453642,-0.0167611959959113,0.1113749101827479,0.0180171159543432,0.1103109108327989,-0.0820777303117332,0.1054473094814968,0.0408314600065298,0.0934458740595544,-3.9079411357180174e-05,0.0816511719160691,0.014673851799518,0.0796410295496684,-0.0118301955684931,0.0773641788488423,0.0143638502518405,0.072017225405273,-0.0169035342053354,0.0700203578810294,0.0290303132737186,0.0676511401822017,-0.0270020760189058,0.0642882881883367,0.0096622683570599,0.0600324758255806,0.0015034553957428,0.0577295111857058,0.0,0.0,0.0,0.0,0.0,0.0,0.0,0.0,0.0,0.0,0.0,0.0,6.318880094626496e-06,9.922555523584549e-05,0.0009184866769088,0.0052293990815238,0.0034505335323941,0.0178001788978756,0.0218650495807508,0.0556576660027767,0.0859647319790559,0.2813036962616156,0.2184462259675209,1.1371398650450295,0.5676533564531469,2.0981825618999244,1.446600349733005,1.699347778309807,1.6822961159776737,1.3149131501208111,1.8134975089297003,1.2118542562997372,1.7858299349403837,1.1652069435682366,1.7365607017640945,1.075360287528234,1.688992492729556,1.1351875061207513,1.696396832596927,1.0844198588261988,1.6881241162827594,1.1448589778632472,1.5690443853633016,1.1688396163061736,1.5005349310346896,1.1551969825444668,1.1120458134477853,1.4412728163858564,0.9436709210182652,1.6414005850465163,-0.7056367822490297,0.3623114761604591,-1.5930291406793904,0.3040388198239983,-1.0687889472772376,0.3137392437757298,-1.038537124594887,0.2064065266886351,-0.891643559996799,0.1559985326446063,-0.7636179031328773,0.1139643219620411,-0.6483877208308326,0.130787294267588,-0.4477271516838714,0.1578645560116148,-0.3371739407270035,0.1764801294336973,-0.1761411588581803,0.1838757660814308,-0.0805955883134877,0.1782821976476512,0.0055532087776931,0.1736780031278601,303,0,0,0,0,0,0.0,0,0,0,0,0
218.01708098450544,48.12849360767421,1.0,0.0,0.1172374378594851,0.0573465668398965,0.3864439637390752,0.1681638102169351,5.060366334203278,6.285981673079309,0.2682867707707236,0.1778609695730914,0.1161422564230046,0.0295220280835073,-0.3548649468625819,0.0607657053772382,1.4703305972953824,0.4601460448619329,0.6417868000492869,0.1312679528208823,0.0,0.0,-8.801770680466994,0.7375811404915896,2.450744291963158,0.500754578698527,0.0969178718270646,0.5470847414513886,0.3098040238819209,0.3604662104221203,-0.1106431308613498,0.2927835978422607,-0.0915746078306718,0.2636034896418938,-0.0864900410410621,0.1875443382135124,0.1475634625440347,0.1740992628976944,-0.0281443472430967,0.1547182010915231,0.0554090148609811,0.1406483817852578,-0.1040072873094137,0.1303269920521642,0.0440444438546933,0.1180459942878704,-0.0172336047932014,0.104151179298783,0.0335949850564396,0.1074662179598616,-0.0483817386114065,0.0939640976100303,0.0333819780249884,0.0887942001863236,-0.0136121595047808,0.0796638901649559,0.0096170202990481,0.0770197091650748,-0.0054457445308043,0.0736806581765439,0.0124844279904445,0.0665956302001476,-0.0134767147692634,0.0641444276814623,0.0192750157082863,0.0624064523824295,-0.0181887637617379,0.0573742207581405,0.0063642213726488,0.0556235822928943,0.0028058925863937,0.0537444972222187,0.0,0.0,0.0,0.0,0.0,0.0,0.0,0.0,0.0,0.0,0.0,0.0,0.0,0.0,0.0001588876017286,0.0020584777495584,0.0010407510797742,0.0127780857914638,-0.0005915646453375,0.0381087202297453,-0.0339283044813963,0.1829139222698256,-0.1430774198277433,0.7637698250652516,-0.184161346604442,1.815820044574896,0.8089876453530789,2.024658926326366,1.3381063802636848,1.6938807531221818,1.5200529014019035,1.487806966508697,1.4949481929701505,1.377457945653786,1.563663616154915,1.3472348215913934,1.4408072045229954,1.4871404111310729,1.3899086271619998,1.5110581584302565,1.4718661420561872,1.427062607185632,1.3542956536937438,1.4573425066154089,1.2001659150246125,1.5643263438950952,0.7637188301758925,1.6928364325252334,0.3761510934562425,1.712661206223356,-0.6963658864861535,0.3711823197462272,-1.7005664522379325,0.3516736440891441,-1.1931940179222498,0.3177666719438387,-1.0791490657055725,0.2224139345144251,-0.9256152784185072,0.1615684324806879,-0.7538905290700182,0.128661979016662,-0.6029053525382744,0.1577675685336428,-0.4047270609204941,0.1885670113484991,-0.2380435910628715,0.2055344764347861,-0.1061503389711979,0.2121057500633693,-0.0022090557776853,0.2005883699518328,0.0683519473573822,0.1829787179781938,304,0,6,0,0,1,1.0,2,2,0,0,0
126.22418240442192,39.9502620938311,1.0,0.0,0.079683209245715,0.0526856996241019,0.2490029650322585,0.2245255814310135,1.099579621108859,8.32002898633078,0.2983452761093797,0.2442193962589312,0.1120111384328266,0.0277624447529553,-0.4559786417933364,0.0540509052594361,1.520512276370336,0.5953667929402585,0.5200850092123446,0.0684521352211486,0.0,0.0,-7.336366869338246,0.5891535206405716,3.3459293050821435,0.4300650226243397,-0.0797083836247827,0.511347652601438,0.2132109279285889,0.393139896454547,-0.0922154748944019,0.2892815308767303,-0.0924111083051159,0.2363833949005916,-0.052491659275816,0.2599267524766905,-0.0908182747555599,0.1821658435348296,0.1230583063370182,0.1990018680324575,-0.0111325705828143,0.1689576104087149,-0.0063106720848917,0.1450600572260089,0.0595175876038553,0.1419453321066794,-0.1181556191875126,0.1543286718948794,-0.0689346524118486,0.1335574212997102,0.0396703356420881,0.1205929688895606,-0.0175156781404246,0.1145051188442702,-0.0032200541958068,0.1011726834526473,0.0515609011544802,0.1000213645076896,-0.0447842955609144,0.1025722606429962,-0.029436369556596,0.0875202997911746,0.0319174625363734,0.0890788164212062,3.439213044679889e-05,0.078266967311917,0.0020566060041394,0.0744283317237081,0.0011849941442453,0.0701327756824817,-0.0068937239853387,0.0674369325745896,0.0,0.0,0.0,0.0,0.0,0.0,0.0,0.0,-0.0009219659600722,0.006547881623888,-0.0050064366837561,0.0356939167643411,-0.0094089497978833,0.0700548915088044,-0.0359294579951691,0.1362328648284873,-0.0789185012591611,0.2414305849456073,-0.1820341901434678,0.5839219652852244,-0.1814982929106156,1.27192052661989,0.3312926559734439,1.6431245091813664,-0.2455872181083986,1.5831916413953644,-0.1968333911586365,1.5913854009516597,-0.1394884237006985,1.7645334928936605,-0.0747978114918777,1.7274182713055064,-0.0478052015137263,1.549161621722805,0.215918608917442,1.6030193949543066,0.149873223739243,1.7043596234965492,-0.0936494367211116,1.688989220535483,0.2911122607335176,1.6675000377499094,0.2676250817432519,1.6353233736003852,0.3044215886697221,1.6455882512560454,0.2241542112834484,1.75369452075214,0.0437797033017042,1.784809476926386,-0.2634424832924366,0.2002507247604266,-1.0489774116843238,0.2735016151072067,-0.8580537394441885,0.2182057964648601,-0.8347527932903424,0.1812955301003233,-0.7378420804544757,0.1547097133819334,-0.6767525173192077,0.1228347805425643,-0.6074104408429296,0.0982272072838612,-0.5115477375135883,0.0927905943477442,-0.4778275746256717,0.1064581266384941,-0.403764044166728,0.1212777185231029,-0.306289602979349,0.1290493061580231,-0.2458793227922923,0.139987637165997,305,0,7,1,0,1,1.0,2,2,1,0,0
209.09417303019785,46.446198248170965,1.0,0.0,0.121122956629761,0.0613013004837594,0.3596790832644626,0.1610183636069088,3.984095668672726,8.018163904680303,0.3254713225340016,0.186506954665172,0.120308193993405,0.0279542520120223,-0.3833202855200741,0.0762169760130874,1.4729283326102047,0.5529122381159118,0.5319976345019092,0.0704512292699648,0.0,0.0,-6.803593830267267,0.7238333009779567,3.015415156629643,0.478403339639578,-0.2140510486531007,0.6924283189197028,0.2586597363931493,0.3668503019696534,-0.24268601447722,0.3415470455799949,-0.2342317443408711,0.2905513037163396,-0.0819700175794819,0.2227024516351898,-0.0320113756028259,0.1991389038101334,0.1776566153275235,0.2048636932932627,-0.057615731780678,0.1602192803864865,0.0027547155189821,0.1594723733545466,0.0164314249821907,0.1385347449173344,0.0267542547517788,0.1321353135828104,-0.0330047592236998,0.1284584056292871,-0.0391993220000549,0.1157929887392952,0.0335558535299162,0.1089294286546896,-0.0206734897825133,0.0938599680287435,-0.0013061919946712,0.0894175819739568,0.0225978124236781,0.0882046828307346,-0.0103600105116539,0.0836423659157207,0.0026584018575885,0.0776801860310402,0.0162715954101657,0.0722569195812429,-0.0182639675800532,0.0706006485841845,-0.0037016767078358,0.0663481886982473,0.0116403532946646,0.06127254896139,0.0,0.0,0.0,0.0,0.0,0.0,0.0,0.0,0.0,0.0,0.0,0.0,0.0,0.0,0.0001378629836955,0.0025231113880099,0.0001952069077951,0.0113546475610603,0.0001492706647062,0.0284613801234976,-0.0045260481252489,0.1043605490517089,-0.0004754456156759,0.3676270828554669,0.008098969844335,0.9536333954153458,0.1394830145153881,1.3336586464618565,0.0280482073562131,1.9916031908863243,0.1880614807312276,2.048315619997945,0.3100202460613054,1.7498216723111892,0.2967146924979608,1.7086875787684732,0.8581793434699323,1.4531484294776496,0.7752181988802933,1.5114900896584789,0.7501536624220266,1.5025034160480164,0.8067795274807215,1.496470029916902,0.7755474309203836,1.474754818257216,0.7169946402957308,1.516619643932756,0.432243445282885,1.679951391762205,-0.496902759311437,0.2206891834409504,-1.5237156591316672,0.2838718167973427,-1.3095584831511051,0.2283042096236052,-1.2026599499739676,0.1534723772665203,-0.9875877201926412,0.1099869973659165,-0.8033300514925373,0.1120281898714979,-0.6100270036026265,0.1434319460547211,-0.4129998496894163,0.1769523307019949,-0.2753075126672452,0.1931909200984002,-0.1192930405367927,0.1954800157267135,0.0031415664255032,0.1875819848800492,0.0835680869257105,0.1753156876872071,307,0,4,0,0,1,0.0,1,0,2,0,0
90.7516975641302,23.66168194535738,1.0,0.0,0.0581610418271103,0.0328965409648715,0.2372448124904182,0.11653522037912,-0.9836571098427462,5.090358007817491,0.1300675269888715,0.1851384373863971,0.0744452992274445,0.0322334097955951,-0.3825342805561543,0.0534309191192219,0.8663000700582023,0.4619759602711382,0.7668958099805993,0.1269431841593832,0.0,0.0,-9.036305539987064,1.1528057429232217,2.5368379815951716,0.6263935360990697,0.0593944722027376,0.5153721173859515,0.436569073539556,0.3730190489557587,-0.015145443347812,0.3058359873490553,0.018606676055292,0.2876933602536445,-0.1640512197340483,0.249173165081006,0.0769719763368614,0.2126743993859445,-0.0413876983999838,0.1875013055924128,0.1788989772663828,0.1931530624378759,-0.020406318642978,0.1518987588555293,0.0483803059326794,0.167277600821482,-0.0719310532321082,0.1861985825750758,-0.003133481713408,0.1506684321978091,0.00663094169363,0.1636931027637778,-0.1104074418146152,0.1579887575606839,0.0161233209790579,0.1281638587908511,-0.0071292751850722,0.1354263696574476,-0.011063737174876,0.1282606659101562,0.0177910917732269,0.1105339101002994,0.0030444677041603,0.1078494751284926,0.0028631907420241,0.1010498319193332,0.0056781129836171,0.0983360406790469,0.0019640690261424,0.0951974936995175,0.0175975955714378,0.095610669235545,0.0,0.0,0.0,0.0,0.0,0.0,0.0,0.0,-0.0009933702085271,0.007048413213464,-0.0351006941170579,0.0560948142809716,-0.1699610392708827,0.1457568371351564,-0.3607773167282065,0.2342677508013966,-0.6875591081930265,0.370278957183742,-1.203271775296675,0.6072031317666726,-1.4951838558117752,1.2782749344908455,-1.3078750000085686,2.179125657767221,-1.0557445122062945,2.4747507862468177,-0.6398600628206509,2.649661238203851,-0.7276956879176547,2.652723155736074,-0.851821219578573,2.603596393608559,-0.5499788782496227,2.7160112257047535,-0.5371491739006251,2.730296913175008,-0.6047212467137315,2.7019272530090492,-0.5837048593597759,2.6903221120989755,-0.5724208447941367,2.695797501411424,-0.9069127094686356,2.5564591514069415,-0.5520903565509808,2.726002657780425,-1.2104748710228497,1.665976452128015,-1.5037924891764929,1.6473003517465927,-0.7088861034064453,0.5189082928502765,-1.1325495133649497,0.360902487073413,-0.6027333376876483,0.2313268443302069,-0.649284088057771,0.1516324514889634,-0.5085767845537832,0.1794502769920559,-0.4861899632625566,0.1484443052406993,-0.4543578081321406,0.1344936510542139,-0.3870415282616404,0.1408635504749751,-0.4156136415057124,0.0947362536288427,-0.3591950272591075,0.1013607083806172,-0.3362158568749731,0.0941870424324528,-0.3325150268247305,0.0862873774986322,310,0,4,1,1,1,0.0,0,0,1,1,0
118.68253279320987,40.009357847617565,1.0,0.0,0.0649619620299103,0.0360014379896292,0.2398212462763021,0.1223696973267454,-0.5860921134154128,5.678526078903111,0.156223271704755,0.1849907846946581,0.0805550690861689,0.032272597397289,-0.4206259288194445,0.0630908139874558,0.9785563160686728,0.5000408192951685,0.6984296069637346,0.1368643814163572,0.0,0.0,-9.089469410686728,1.394520056941393,2.72621090755353,0.8045454717603081,0.324694568439863,0.4345894326598017,0.414491356819155,0.378705272744714,0.0838405090392939,0.3304926639525879,-0.130570831706983,0.3766223150182075,-0.0300339073205536,0.2655845449894009,0.0229073775973186,0.2018522123109539,-0.0619281903493344,0.204663924840487,0.1567887677134452,0.2097717991943507,-0.0904206993330922,0.1798690210254089,0.075527786306385,0.1613858774761369,-0.0891809550749228,0.1577278624333496,0.0443635656460262,0.1627637621996958,-0.0077572846291956,0.1419956586892974,-0.0278800865249276,0.1362911279549431,-0.030029098983314,0.1206996693277365,0.0465074200635657,0.1094767032989298,-0.0115627371548755,0.1084176728444412,-0.0101141977061631,0.1069445594437163,0.0231657026330488,0.1034893982631734,-0.013054900554509,0.0976043409578812,-0.0022461400591989,0.0931251496111546,0.0416683169512731,0.0867467255274137,-0.0228420932974151,0.0843819318016983,0.0,0.0,0.0,0.0,0.0,0.0,0.0,0.0,-0.0004988558259341,0.0056836450829985,-0.0090037219790514,0.030042009607609,-0.0538368022482397,0.0919456196098467,-0.1440370895339689,0.1755485629020982,-0.3381087796134727,0.3125257556652013,-0.7198528170578029,0.5409197316466872,-1.20183015766059,0.9216706541524672,-1.3160663380751352,1.6894461237475216,-1.055699539170187,2.306514488757279,-0.4766809939732832,2.5653195544702116,-0.2204738940022183,2.5941633213141797,-0.3368355567708332,2.557139105208966,0.279546740670814,2.5860753478430185,0.412408205030382,2.5505577867702938,0.159960790901331,2.4727199280071632,0.1801907258000578,2.495299947428539,0.2094034521672453,2.399525306311402,-0.1836222418161651,2.374414773536722,0.007065219500868,2.3989133299776757,-0.8262126314626737,1.9839046387971104,-0.6481203303192514,2.1686933488169267,-0.5865373876540316,0.5070520844044343,-1.2021029417901234,0.3893346569408273,-0.7993758768373841,0.2611094882596495,-0.7365113341049383,0.2115731294423265,-0.6567337685619212,0.1975501461618018,-0.5551050300781251,0.1769903498879783,-0.5316095937307098,0.1269688736845501,-0.4456022738003472,0.1250517867428865,-0.3948390784399113,0.109282345421611,-0.355379463551794,0.1153871481996546,-0.2748238065081501,0.1416869717811767,-0.2697222063432195,0.1419496930237708,312,0,2,1,0,0,1.0,1,0,0,0,0
115.3412507248316,32.02294731526802,1.0,0.0,0.0887732725528034,0.0390139435228341,0.3131089581813684,0.1289395955589049,1.4330222908961594,4.765151644200615,0.1520336878946473,0.136508564944069,0.1050998330022971,0.0329600165149201,-0.3970396815647442,0.0565238689521491,1.0625409665908383,0.4350633013734548,0.7457904001070521,0.1498038245996283,0.0,0.0,-9.777684365939605,1.0443443232408247,2.6424060671885456,0.6884400087605369,0.075149476076056,0.5306134788484892,0.4524565707025736,0.3651407627587262,-0.073818139490727,0.3620041434717556,0.0827845490901913,0.2362620299491195,-0.082238674360587,0.2511036939677293,-0.0926764149293456,0.2337229889799849,0.0947255322788706,0.2007302463149724,0.051104330977296,0.1726693878465398,-0.0086226192374369,0.151228833444045,0.1168612995218551,0.1654973921924214,-0.1913469515224496,0.1940328827798284,0.0402421815769793,0.1455578161722537,-0.0093622352178509,0.1284822855439543,-0.024073682904224,0.1290752979850914,-0.0356207742458994,0.1062860500896498,0.0643163851853918,0.1158219505599946,-0.0789222803605245,0.1231856545214399,0.0427219750411838,0.095041877204094,0.015453790590343,0.0929668709455779,-0.0327035331520763,0.0928828836699117,0.060333840142687,0.0929585191154849,-0.0256596410311343,0.0811730325565196,0.0306249354801641,0.0771201285415937,0.0,0.0,0.0,0.0,0.0,0.0,0.0,0.0,-5.206735064365049e-05,0.0074150120922071,-0.0009536259700845,0.0232988565588209,-0.0114324036789705,0.0485396864786775,-0.1167588675092867,0.1280379480383677,-0.3827883745005259,0.2823556423734368,-0.9390023986792452,0.5959991777312684,-1.5399371086983806,1.179633917289604,-0.9713060704125072,2.2427337826173077,0.1601609640394308,2.6711779060182845,1.069776588349168,2.395059814708657,1.4301512818430795,2.204485553700101,1.3208089868584685,2.2475958507114955,1.677529960861769,1.983303258020908,1.885332432397966,1.7081092392250417,1.6847448473571525,1.8755304946669251,1.771264052424283,1.7874786896123422,1.797985668197511,1.774082190360028,1.6272003392484051,1.9340640194549896,1.9249976226896828,1.6153752819630895,-0.1970861358740354,2.0277887146822784,0.3726303323618359,2.301595547605392,-0.7910716279150721,0.5909545692884289,-1.3713510049511577,0.4303097538911737,-0.718930861357777,0.3144413565436641,-0.7869590856773273,0.196562530909402,-0.5869604923279361,0.2214729465293437,-0.5226340673571525,0.1868166219445362,-0.4913572841879656,0.1575213747650166,-0.3541034880820286,0.1780052010855258,-0.4075681217171595,0.1094101001583593,-0.3354736534117936,0.1207392132643574,-0.2898662241020652,0.1341445668764246,-0.3095237888857666,0.1371138952508518,313,0,7,1,1,1,1.0,1,1,1,1,0
118.78423367828096,27.192868230023706,1.0,0.0,0.0532207521678334,0.0348849207741096,0.2432578814509478,0.1323020757385961,2.579810529311806,6.301981993288412,0.2520399707533877,0.2027768583265696,0.098609401088642,0.0380339888009174,-0.4505596256527105,0.051874576669562,1.726807264153929,0.8318040503900923,0.5071936368239501,0.0962511393740088,0.0,0.0,-8.860768128738252,1.2038102380878122,3.099348169461059,0.7591953597624123,0.3157223170702649,0.5131246998172801,0.3124285168853128,0.4568448951243519,0.1761324563697585,0.3483817723003072,-0.0936522388935472,0.3266140528185688,0.0432458919529605,0.2506911964696145,0.1133121973636823,0.245357256875266,-0.0967910178439412,0.2261358223248051,0.1072343867822716,0.1990819797621091,-0.1024370587631887,0.1747114603399514,0.0787649324081141,0.155336184240528,-0.1690389452277793,0.1640417917529314,0.0660201366298965,0.1329368559443624,-0.0994740910480806,0.150772473198532,0.0133814772510838,0.165473685694467,0.0015574870814646,0.1273999658167079,-0.0299111345982246,0.1308095005169905,0.0659027046743558,0.1191461297087756,-0.0559683296281812,0.1085588557709463,0.0910826332790499,0.1092721446468656,-0.0315704032078863,0.0979998994785989,0.0368127648664483,0.0939259332904829,-0.0212007274094528,0.0897728753629651,-0.0024764715212728,0.0829273501064443,0.0,0.0,0.0,0.0,0.0,0.0,0.0,0.0,0.0001885967769574,0.0041495181102467,0.0019264896720766,0.0216918286380511,0.0071693813765881,0.046175264185101,0.0382487344504493,0.0896275446027882,0.1832025932457989,0.1855266502704043,0.4687107809666413,0.3677472786299897,0.6994239763657395,0.5069780848572663,0.1026680903476186,0.8999800783836166,-0.6507467989457894,0.988221834331004,-0.7703255474467547,0.8921280183322267,-0.7097222241329788,0.806318568961018,-0.7216230025264408,0.8492076031093537,-0.7278585403151999,0.8194836800981269,-0.7810504218537929,0.8171417372447214,-0.7633271741688027,0.8056537002320043,-0.7662316183461503,0.7766446743559305,-0.7800674646528372,0.7876624203652532,-0.6958074673919745,0.7882306520775453,-0.6681946427183455,0.7588343747448193,-0.5432284196500838,0.7969569219557447,-0.0414408687892021,0.8385339946772951,-0.7901847720378431,0.5229963003506372,-1.3052599568024306,0.3900133826725398,-0.6913095632298489,0.2518902458846975,-0.7607650109497136,0.1852380676866435,-0.6414520249254724,0.1840057998204806,-0.5875734906959081,0.143904959865471,-0.5430385416880281,0.1259366496899333,-0.4403355887801512,0.1332759535853762,-0.4368692331561125,0.1043673533444617,-0.3367729933744422,0.1176783568195306,-0.295764245023333,0.1209223163882858,-0.2327903787187569,0.1242226446975376,315,0,2,1,0,0,0.0,1,1,0,0,0
107.47494369369367,31.37460451313627,1.0,0.0,0.0541170844832251,0.0397154200270526,0.2414237703844288,0.1985449569428472,3.2827131045108233,5.600326554103521,0.2029892607246871,0.2105496196060592,0.0966770740934684,0.040670412760623,-0.4065501814939939,0.0568579493370552,1.6826954241741745,0.8684192935113902,0.5354545401651651,0.092603242900609,0.0,0.0,-10.070151113613614,1.068391802855322,2.568726420264014,0.660238880575315,0.1979464023849474,0.5226921597414643,0.5569901867561311,0.3945766593213859,-0.0086760810208958,0.2930861676444831,0.0268561901792417,0.2728779574201928,0.0695263961565315,0.2342449367746419,0.0355008541470063,0.1772961142963998,0.0199308832341716,0.1768315850966124,0.1520170648450325,0.172034608374214,0.0216394305913788,0.1288620187858144,0.0334846707450763,0.1518574108413273,-0.0607206836746246,0.1355453965873353,0.0125280246046421,0.1265086311321307,-0.0368546139830668,0.1230441091917366,-0.0406192700579016,0.1240331190669038,-0.0572661921144456,0.101716056974716,0.032231997459495,0.096856407455183,-0.0071636157804054,0.0960467952886636,-0.0124860135395645,0.0906634595772361,0.026247740440573,0.0913472379856471,0.0067052020584884,0.0768262278690724,-0.0082098004611486,0.0751824971759471,0.011700814331056,0.0721461901656648,0.0052307130589401,0.0736689446555642,0.0,0.0,0.0,0.0,0.0,0.0,0.0,0.0,-0.0001341828020526,0.0043308917954701,0.000105555630821,0.0121453726537766,0.0242617717163609,0.0418590245062753,0.1013007904406253,0.1133219958707232,0.2347104666270019,0.2412508849983561,0.4357601232337024,0.4561041149336813,-0.0061347252774649,0.6354165269890064,-0.6078422812356107,0.8156645822556999,-0.6656338576232482,0.9868635214946752,-0.7851721114464465,0.975411197880302,-0.7730211208120621,0.9612564685108556,-0.7209996312562562,1.0360497455328592,-0.7195633341841842,1.0319930958498602,-0.7537813606418918,1.0415313941994455,-0.7121863842530031,1.008432427474474,-0.7778218192936687,0.995266553984154,-0.7184738119256756,0.9747807993102852,-0.6911915381106106,1.0316553875512895,-0.7214422935835836,1.01656362857624,0.0383427242102727,1.3049981524076808,-0.2772873528487237,1.1141074223104226,-0.6330892586293794,0.4813565256209945,-1.2271304335585584,0.365662664097838,-0.690163154496997,0.2731809695115567,-0.7561245389139138,0.1771381500015177,-0.6103617257242242,0.1889830216648941,-0.5100629290356606,0.1888910055811153,-0.5412659178240742,0.1214265446159153,-0.4408219319882382,0.1237066834665097,-0.4184627949199199,0.0999015099570116,-0.3862622707144645,0.0973768540296267,-0.3175723676483983,0.1101865684568644,-0.3033480186238739,0.1150109767565216,316,0,6,1,1,1,1.0,1,0,1,1,0
119.5047619047619,37.479308544098885,1.0,0.0,0.0839106803888145,0.0419051814803106,0.3289550482807041,0.1887640914737129,2.5030034058210995,5.594793524415526,0.1722344220241996,0.1543187812456065,0.0882433831137284,0.0276636833819848,-0.3974945928064842,0.0597808117578494,1.2373201134751777,0.4608365771912607,0.7259491697061803,0.1516250873735414,0.0,0.0,-9.668469361702126,1.1710044695218726,2.6590827930293823,0.7281130387407124,0.1243049658358156,0.5822243680399443,0.4482772580050607,0.3888254935474445,-0.027180103226849,0.2919966101926107,-0.1514064617332269,0.3313667356164487,0.068834641164387,0.2698648123457204,-0.0237334083572441,0.2096509226733602,-0.0085552588122396,0.2004541868985602,0.1589406637422796,0.208794716732168,-0.0408852948841438,0.1505486692268965,0.0602036870792299,0.1798775963567379,-0.0857636271576984,0.1592221758031241,0.0671383606613475,0.1527081015396374,-0.0075535112858358,0.1355378157224215,-0.032760727878926,0.1503307057605887,-0.027062007480927,0.1274011179782001,-0.014068190380618,0.1296495690832947,-0.0026469435409979,0.1093566026347586,-0.0113849295775683,0.1059722863840441,0.0120293051414893,0.0992987681106212,-0.028900932185385,0.1207801349537686,0.0394619856385663,0.0973982502558562,-0.0100905644191185,0.0860241834355722,0.0123333980108915,0.0777750936975717,0.0,0.0,0.0,0.0,0.0,0.0,0.0,0.0,-0.0001115283074939,0.003560250251554,-0.001627508495922,0.0167220941047279,-0.0351668484970739,0.0795131127022306,-0.1374599963291499,0.1988536392093,-0.3980991778310385,0.4238869889628572,-1.0107229985716413,0.9555189681921972,-0.6672637828697568,1.9193202626689616,0.2921685213763931,2.2560568997843364,1.2577768985359676,2.112955335563157,1.4881739865354608,1.974451103558454,1.6482554144883483,1.8176388745356649,1.5455118687892602,1.82686771789036,1.761285490509625,1.6248192754265247,1.8768398246818645,1.424222806789643,1.7110736715329282,1.575873107991323,1.816261097630699,1.485745460914611,1.8818518531053696,1.4083602826429662,1.8302467260967576,1.433934003166758,1.600814125395137,1.605161290974969,0.0437729623358662,2.1923975669170663,0.8224641183495441,2.290226679065414,-0.6689207571981762,0.5435870606295307,-1.269625992907801,0.4025105770474229,-0.737486227694529,0.2759143335148257,-0.7783829164133739,0.2061673388184489,-0.6078021293021783,0.2373920420469633,-0.5068180953352583,0.2110536578907248,-0.5527390744579533,0.1284243389691696,-0.4161374888971631,0.1493201579633175,-0.3943382325577507,0.1186300570649519,-0.3530621426605876,0.1277181686125618,-0.2835293178879939,0.1393175378582286,-0.2772537127366768,0.1421407041077962,317,0,8,1,1,1,1.0,1,1,1,2,0
107.41260811516806,34.26349591135809,1.0,0.0,0.0491775864484688,0.0369018303373456,0.2481079740346026,0.1574609064635327,-0.6939837958947582,5.976024714727833,0.2959875820760202,0.3090080076773869,0.0953828439154815,0.0379698492943228,-0.4188202885006095,0.0600678204734462,1.0788294438962096,0.4656130443247047,0.757122631915017,0.1493498939099259,0.0,0.0,-9.539703326174031,1.1619963626399787,2.941820887177106,0.7929349119768395,0.0412258270848087,0.5627678187272985,0.4893178358065827,0.3677825649980807,-0.0307771655301561,0.2991649417476966,-0.080182512802171,0.3024196352812569,-0.0144605529225808,0.2404488540322534,-0.0596678299894166,0.2245446793393953,-0.0297455906788123,0.1799096683811195,0.0334421063200267,0.2038427305789082,-0.0515351898207755,0.166038877251308,0.0164709484537644,0.1510607860573871,-0.037066171022842,0.1287007362812292,-0.0148971246020258,0.1289072936838503,-0.0205221139248853,0.1394975128276541,0.0300862264670343,0.1358433748965912,-0.0532134209614442,0.1191066959769138,0.0591221656481163,0.1178351571781798,-0.0103298705363673,0.1066259045969132,0.0089396759306321,0.0945405256467237,-0.0160847242148139,0.1102587005288267,-0.0003535269133337,0.0975012438260321,-0.0012592858769896,0.0927427134920916,0.0183040844622395,0.0784215201032503,-0.0041823978341069,0.0784502481964971,0.0,0.0,0.0,0.0,0.0,0.0,0.0,0.0,-0.000560802760931,0.0071698205768189,-0.0042891354800505,0.0228211647417857,-0.0929595726265513,0.1137972730015968,-0.2610132904755715,0.2408990311095265,-0.5778417753923609,0.4525129973387059,-1.1925261982144215,0.8724595560399654,-1.153680852340396,1.9322782474934832,-0.1862334890062112,2.580795695148459,-0.0052890967144598,2.7180805071787306,0.547162294846462,2.637349426388645,1.382364557695478,2.2561174579970773,1.509128731344401,2.1886695806704126,1.5960634398984153,2.1106343261809917,1.473245939774772,2.1833190952117976,1.581255435076334,2.063301264007459,1.6571823304876068,1.9860500522695823,1.627571935605155,1.9553687666140511,1.8113600347347767,1.8074322835265508,0.0902032210379056,2.3385695363248833,-0.5889219187751785,2.147520559048566,0.7451399790520695,2.3556713118515247,-0.7727552875241773,0.5964178479269571,-1.3697864706565277,0.4957044283527533,-0.621312984178197,0.2921307947860685,-0.6336357369216927,0.2244006895781049,-0.5730710925698033,0.2142005702913434,-0.4759605558721773,0.2068008869005432,-0.5132352215301561,0.1411338870564886,-0.4113722686526963,0.1427559643071212,-0.3821874980965926,0.1243403870678212,-0.3498842460260056,0.1179571807097662,-0.2868747100924711,0.1279724368260281,-0.2646484422652813,0.1330784800323941,318,0,3,1,0,0,1.0,1,1,0,0,0
122.62425273390036,42.4604368704149,1.0,0.0,0.0848009228103178,0.0556042031225903,0.262577504746158,0.1413016218493555,0.1986160721874118,6.416167428072481,0.2426288382217059,0.2184959815540866,0.1151864648534629,0.0275952008602459,-0.4095826851032806,0.0650196384154296,1.2836666250303768,0.5601646049379384,0.623800027217497,0.1195709879051926,0.0,0.0,-10.227295922235724,0.8882772175277059,2.4642500138809234,0.651443302700859,0.2452605257175698,0.4000750784929924,0.4337554689184933,0.373716753507594,0.1170040668057156,0.2696867223709875,-0.0864207505741433,0.2826112827866774,-0.1048211355110036,0.2103315008401887,0.1062484797814532,0.1836493309751289,-0.0675608734591251,0.1907371696761132,0.0452519043575212,0.1613701520216209,0.0049701460995042,0.1508046941042888,-0.0059939985043013,0.1493436274913126,-0.0451941341521749,0.1387549260427244,-0.0040415405849963,0.1291654959976863,-0.0609283645222153,0.1344409569614627,0.015380429763859,0.126238037749391,-0.0736074864078906,0.1188192581284785,0.0127938476623086,0.1102367186549466,0.0249706659964422,0.1103529934591043,-0.0313484627713244,0.1056425948651687,0.0056766998739343,0.0992582249465535,0.029078845652729,0.086718643419613,0.0348093649742648,0.0960184075249208,-0.0136123586097477,0.0856874334383341,0.0120349661284131,0.0823100586286218,0.0,0.0,0.0,0.0,0.0,0.0,0.0,0.0,-0.0002444499293511,0.0033674436619432,-0.0041579932869231,0.0198878501663078,-0.0488750239541817,0.0864823175700654,-0.1476874743979052,0.1862539659839879,-0.3573269800608894,0.356715291359735,-0.778008265346605,0.6554000538324426,-1.1373852675052734,1.1090857344105425,-0.363982719995237,1.994543652493311,0.9871168295722964,1.9677366502183016,1.5286863304447145,1.5410045166669042,1.1196885587718104,1.9015920511576223,0.7724424055552855,1.985165561404325,1.112699405654435,1.9170400722136576,1.2539035798898663,1.7645528585789634,0.9914677198979344,1.9292097255065517,1.2101073822848116,1.805101304892643,1.187236932252734,1.8454344490633816,1.0408152660298908,2.029118877695377,1.270351102285978,1.93882694043948,1.1659262063523694,1.9584947537032191,-0.3461118355518833,2.356566114211555,-0.4934852872136087,0.3519167031293458,-1.2292240320777643,0.3582978188207228,-0.879389043528068,0.2521476840744118,-0.7688830051032806,0.2101506378861626,-0.6433082192029161,0.1998270982749027,-0.5729799806075334,0.1608339130650967,-0.5017224558692588,0.1340732569385823,-0.4590813944505467,0.1151066775892271,-0.4179764704213852,0.1099161425644194,-0.3475504371124666,0.1242315462211451,-0.3186087598325637,0.1382853066151763,-0.2489352377583961,0.1485919898231199,319,1,13,1,2,1,1.0,1,1,2,3,1
205.92042146693453,51.553177359516056,1.0,0.0,0.0978119242495564,0.0544923380341707,0.3803451724449387,0.2001152272396555,4.345806428390554,6.043211697465741,0.2549142743741215,0.1716793672394567,0.1064899019237013,0.0333712340634855,-0.3637088635562298,0.0755415300348771,1.458659294411873,0.4771087166634827,0.6397748854085524,0.1347369675056937,0.0,0.0,-9.554690873682915,1.4539002453178558,2.4379598388462957,0.6879518538845535,0.2350174229225534,0.5512552287524107,0.4461444543725145,0.3451956025020586,-0.1016038685919396,0.3253640244402781,0.0341594822501701,0.2820847443795037,-0.1011478322196711,0.2405861461407707,0.0448319206148989,0.2065602793846058,0.0319660777133737,0.1844028864710871,-0.03410920041125,0.1743137705082307,0.0216579827824812,0.1654987388549127,-0.0059797313722356,0.157158187591722,0.0306398463030052,0.1414210167860027,0.0165834013648148,0.1354618108916609,-0.0201360928172768,0.1249955590113077,-0.0143890696598663,0.1292592933165835,-0.0010486261941699,0.1084536833992624,0.0256237303880816,0.0980592987913951,-0.0376800467986946,0.096845484094999,0.027858875352179,0.0876305570215328,-0.0175583741123775,0.0861242491395201,0.0268951195839244,0.0824326111521898,-0.0058320263887577,0.0761751123433834,-0.0224351588401008,0.0744466700865144,0.0184902541556721,0.074317813470893,0.0,0.0,0.0,0.0,0.0,0.0,0.0,0.0,0.0,0.0,0.0,0.0,0.0,0.0,7.44242492092165e-05,0.0053481119201832,0.0009650052176857,0.0201793307260496,0.0053756441239444,0.0993157057170916,0.031643372761694,0.4248746785565778,0.1008036863503464,1.232347994039757,0.6203390018542906,1.7721417057249182,1.238860627130909,1.5426633071061209,1.3290006337211675,1.65872179330109,1.4088367319488744,1.634962808891978,1.3838259679824525,1.548873269331993,1.4066082095625436,1.4099811492244798,1.3939059436431471,1.42968174760495,1.3918124986056333,1.4086477545490368,1.4518569601668647,1.3281759147595849,1.4264913439727769,1.3928618979932266,1.311095423187651,1.4534442898297717,1.057262626963634,1.6437613484822635,1.0211445455741872,1.652026520562837,-0.7124922512361118,0.4572547352743071,-1.570518012422615,0.3333941827098459,-1.1220779945881678,0.3245026692640504,-1.0571114301176665,0.2194016163141454,-0.861448075970645,0.1809641000269936,-0.6910875804436063,0.1491535993715969,-0.5759529708351442,0.1362232104536558,-0.4239412502943708,0.1700719131282242,-0.3136783597404781,0.1876962736831368,-0.1767498651732196,0.1978599072776322,-0.1088571658887909,0.2053527766187639,-0.0323963245515846,0.1902754522378882,320,1,11,0,1,1,3.0,1,2,1,1,1
186.33159648376576,42.83217139919723,1.0,0.0,0.1073738479299585,0.0553657955035177,0.3305618316675174,0.1431779864339531,3.866628482665568,5.869433984757966,0.2107530908000638,0.1632972740383196,0.1063925087646746,0.0278967605819022,-0.3819626075428896,0.0700943397100977,1.3706196558202184,0.4644069670834208,0.6479151662413156,0.1363744311865749,0.0,0.0,-10.18725404792287,0.9450044212154156,2.414141075375372,0.733977144946625,0.2042492442526761,0.493018429343504,0.3662510653787643,0.3489620770724331,-0.0657088556998936,0.289720291226194,0.0004232184449206,0.3001320206631502,-0.1276151097730044,0.2085020317235516,-0.02890425026113,0.2142942325876468,0.0240968089706188,0.1843136804791458,0.0024175049196795,0.1647116654044965,0.0129601477508184,0.1490532130979341,-0.0085949198084077,0.1333468593401812,-0.0033579892000567,0.1187285112890162,0.0670854109138877,0.1163830665894089,-0.0755856765297557,0.1264138422148814,0.0276976487887069,0.1075464700899156,0.0080071789431802,0.0899160024185017,-0.0050671883890136,0.080203827033927,-0.0045484368786473,0.0787767939216596,0.0070516753104862,0.0750087612006615,-0.0114046762694013,0.0690568954064168,0.0060496855516443,0.0683278041308469,0.0070414614757549,0.0656146096934891,-0.005793476887243,0.0614184542896819,0.0022297552781174,0.0589764091788975,0.0,0.0,0.0,0.0,0.0,0.0,0.0,0.0,0.0,0.0,0.0,0.0,0.000566367825861,0.0045839009948184,0.0017421955154843,0.0135139222975725,0.0025695379173956,0.0260216456864278,-0.056859418250596,0.0884476396919067,-0.3396658230526584,0.3462257339678042,-0.8983315494476252,0.8619091785502467,-1.3455596250920887,1.6578733627978115,1.2748704860233235,1.8390991394870115,1.6194070610839717,1.4063587226551946,1.489559133144761,1.6255877650541697,1.55395907714983,1.5116613713312357,1.686531020638381,1.333088108803249,1.69886272128658,1.2386637873298825,1.6857014076176804,1.2322938684027578,1.685924660043244,1.3270612833646631,1.592672242876436,1.4454937849560927,1.5299248693885936,1.5433099345654355,1.3231938788146886,1.5360977928972437,0.6084361072139516,1.9939928952367416,-0.6439293581532682,0.4043880179201328,-1.5270536420672056,0.3552664368259901,-1.0809665605770593,0.2871954739782557,-1.0397899854671773,0.2045418171549757,-0.8453173911101659,0.1889791253765873,-0.7146432716928967,0.140488922499962,-0.5737770466769461,0.1354221234640893,-0.4399514888558415,0.1496092126281589,-0.3513486326308309,0.163461477842799,-0.1954040982008719,0.1767793866297597,-0.1326968307443995,0.1775365926291317,-0.0406510472163377,0.173706160603631,321,1,20,0,2,3,3.0,3,3,3,3,0
128.7925853409381,34.39674609959989,1.0,0.0,0.0555909950618027,0.0483088133155256,0.2142067455986606,0.1382674637596004,2.391698056613186,6.458350027749599,0.3765675863365086,0.3543287363479366,0.1155359199598138,0.0349143049593419,-0.4458378862461337,0.0685031453258294,1.4638674129564997,0.6010785661855103,0.5745222303566868,0.1163154649983308,0.0,0.0,-9.893751823160525,0.9902812077042364,2.7244041009738655,0.7163878780698048,0.3876587737590392,0.4632610450991314,0.5661858183609432,0.412877237349762,0.0211093894010499,0.2848436260375195,-0.0637049574931301,0.2903185842544887,-0.2034664410185352,0.2455444457012043,0.1127371067173746,0.2039583138349711,-0.1249300354329048,0.2037322303925272,0.0301011883154904,0.1728452073078705,-0.0591735007208393,0.1424647295195888,0.0313642696541301,0.1433954114234784,-0.0744979992536818,0.1323046853128473,-0.0488068333919837,0.1571593161924336,0.1012476962656925,0.135045243986227,-0.0611959807003887,0.1219508544745689,-0.0376919399908033,0.1051674237859639,0.0680709537354047,0.1051195072333745,-0.0313175744947646,0.1042014794499165,0.0003036389763201,0.0937808339768135,0.0025691906352997,0.0876175415313115,0.0195308426955619,0.0837951476901087,-0.0181902383334127,0.085390867256206,-0.0205784185457393,0.084301761461416,0.0367360867304701,0.0852028003069968,0.0,0.0,0.0,0.0,0.0,0.0,0.0,0.0,0.0001021080691598,0.0034705005455481,0.0021431061922001,0.0351717702932905,0.0038792730031336,0.0760238854592404,-0.0007475265712468,0.1484788629583711,-0.0556196933276589,0.2676933295935361,-0.2085392630244039,0.5522421322856564,-0.6130609774767259,1.1659251475637389,0.1694756932238869,1.9601623569771287,0.8786851585993587,1.8004421419522272,0.8539093833002185,1.8299394866707344,0.6171521602582221,1.7652152172061992,0.2921705128736415,1.765399397447243,0.2630594734471213,1.7407545737012804,0.2955893118929655,1.7211818700489083,0.2016784277176584,1.7218993296851377,0.2584006511395817,1.7129950430530705,0.118750968001589,1.6751457793433362,0.082632797105644,1.711993355031832,0.1474304947064498,1.6800150266352456,-0.0757259314043301,1.7536901304332744,-0.0153083590760761,1.8140750717891296,-0.3962874059376294,0.281173597492918,-1.2116828783235436,0.3347366992108744,-0.9312338738968816,0.2218551201669942,-0.8187207610453733,0.1886112051146813,-0.683034299276411,0.1740109112945802,-0.5914153709032093,0.1513287753343417,-0.5302864526063391,0.126546876675843,-0.4923163609715956,0.1025682738617432,-0.4216134099968786,0.1017258452759837,-0.3611910714336426,0.1079667840072762,-0.2952262799958854,0.117879377207172,-0.2427923363565165,0.1268211019431412,322,0,5,1,1,1,1.0,1,1,0,0,0
102.9311167437006,29.002393323301128,1.0,0.0,0.1191109098144923,0.0562581910102927,0.3655277581939267,0.1565752087234915,2.7971626228566673,5.276400637515221,0.1920909613770637,0.1280263471570622,0.096936737076025,0.0230882837900635,-0.3923552937726753,0.0620502326705549,1.5140523592266784,0.4822922851620008,0.7208313120620248,0.1432145665720757,0.0,0.0,-9.55461453208091,1.0436927191979923,2.3425695981313055,0.5486771203096441,0.396663557679986,0.3739979963637448,0.3901663388056259,0.3567867846755662,0.1633902810720143,0.3110108305762111,0.0269981964501764,0.259271004952584,-0.1077532281868545,0.2677900482154846,0.1353641874723423,0.1798804929627262,-0.1145705050008941,0.2163906742307022,0.2152068543628547,0.2158305346114075,-0.0464056005313304,0.1648666774952493,0.0834836712479996,0.1681302117715522,-0.0820157441694796,0.1780155997338682,-0.0297942803573704,0.1698000488294498,-0.0565220224498832,0.1426399059504411,-0.0130917743727349,0.1382151181715239,-0.0372131144621539,0.1245417841906858,0.0299023323115441,0.1157042868087189,-0.0269243911746135,0.1135325152987419,0.0250531143297947,0.1146275135561382,0.014336963961483,0.1153012616203303,0.0043907589202475,0.1017519521317199,0.0172928257247134,0.1000967912888402,-0.002529382701307,0.102562868647132,-0.0006149863259877,0.0947380947565038,0.0,0.0,0.0,0.0,0.0,0.0,0.0,0.0,-0.0003856012906545,0.0064169815136917,-0.0013549864967407,0.0245902511670242,-0.0411749878903553,0.0910129400075193,-0.1646696739220019,0.2057534164368299,-0.4626684288320659,0.4844200367942685,-0.970481744775742,1.2158272151330762,0.0971664008800755,1.8325402048978243,1.1472854881377663,1.38439631347018,1.5566281790567071,1.273842150550155,1.6505687599970182,1.059413947138431,1.6937516831872172,1.0805786583666908,1.4990780918890712,1.3642885164516254,1.558347851878485,1.2856416179717378,1.631945250062124,1.183508560608269,1.6623817384538542,1.1750304929666964,1.659979201084936,1.2890004351400428,1.6996171643407387,1.2612822225672635,1.730251195780528,1.3590564211707967,1.7336237282242433,1.2685260625884576,1.5059551269022415,1.9339015565959856,1.6816863978877792,1.858509931806696,-0.5627321097690572,0.3951333304235859,-1.1106648213309476,0.298781211979797,-0.7286634852989415,0.2141593109572182,-0.6633922705133939,0.1834784207970511,-0.5697634075344168,0.1820117628151822,-0.5061310232692213,0.1599354639743451,-0.4876764709507479,0.1211980514000635,-0.4359046426375428,0.1140238924090852,-0.4277610855822275,0.0906049154792159,-0.4109066798071666,0.0946161593741379,-0.354347982952239,0.1059009617062195,-0.3243951069595447,0.1171736056308833,324,0,5,1,1,1,1.0,0,0,1,1,0
190.0937412077653,34.04950413442948,1.0,0.0,0.1241713748440054,0.05156386883112,0.3412929927036108,0.1167089580405106,5.677153035488784,5.5584900245694815,0.1950976912805688,0.1402919076596608,0.1059440480171624,0.0254623675557118,-0.3839820237153745,0.0690345688511534,1.3534986518147172,0.4068010904016048,0.6970564992198889,0.1368001036376726,0.0,0.0,-9.31544508274292,1.0291366594949576,2.754774532150549,0.7916936989633856,0.1893450800148349,0.5573131600276889,0.2585243551925135,0.4073748624672381,-0.0009433432040975,0.2981657228678311,-0.1468169723724825,0.3249498669207031,-0.0482451943371002,0.2712112941785116,0.017297111738829,0.186285952478938,-0.0426854764899345,0.2227659902006881,0.0669501234186638,0.1616801982892413,-0.0486783304213903,0.1889578586448846,0.0613335028596004,0.1357893353771133,-0.1100396458565133,0.1352586078250984,0.117571343804829,0.1426005854100113,-0.0880313448816533,0.127128547930357,0.0232324497529145,0.1049659841354696,-0.0046515966137299,0.0941461218000827,0.0247508615801468,0.0990410987177061,-0.0427299403602987,0.1033315921151915,0.0485175080074507,0.0947776688055174,-0.0323392385818707,0.0828354001940399,0.0124925462064841,0.0719407749448755,0.0123684722517968,0.0706977234067628,-0.0189951722842417,0.068625564323733,0.0043612172642998,0.0627938686762779,0.0,0.0,0.0,0.0,0.0,0.0,0.0,0.0,0.0,0.0,0.0,0.0,7.85309828275571e-05,0.0019356130308994,0.0007286929433498,0.0109903129123408,0.0017926641458331,0.0250123343645815,-0.0256137452585354,0.0679243406623698,-0.3147781331275622,0.2335538825541395,-0.88618742428162,0.5580376052748195,-1.581796427110315,1.189436508643715,0.6020078790623833,2.298175879936883,1.8621316108507049,1.50640148202412,1.688379793762693,1.5493699423500324,1.81526188502724,1.35532550468946,1.92899987179579,1.049355652416695,1.9457907740444025,0.9787175081064348,1.963787397916976,0.9358463742625864,1.956730063564266,0.9880776944840304,1.87830303985472,1.178059687309088,1.7565621841598842,1.3404845358333155,1.608277589678748,1.4498374778353222,0.4837563348141802,2.126561497874561,-0.8605865852776428,0.4878883900907575,-1.6740724068342838,0.3921074728720866,-1.081213184292913,0.2693138580253439,-1.0587633025551832,0.2164461701088579,-0.8455871929314269,0.1957185156768605,-0.6795600658439266,0.1753730758025224,-0.542325353283628,0.1565642388542175,-0.3976368891475049,0.1564790461094777,-0.2815808703978258,0.1554338994326627,-0.136410423499271,0.1725161752566542,-0.0643621296622196,0.1647224130388838,0.0216473074326549,0.1585241373499246,325,1,10,0,1,1,2.0,3,2,1,0,0
134.95587370649108,43.90848166081249,1.0,0.0,0.1038685290299565,0.0566499725221265,0.3164419638223659,0.2241237742199123,0.9767166812162512,5.441634439719297,0.1948518807510289,0.1587023721308609,0.1000849217043156,0.0255135934854542,-0.4075929990004703,0.0687719464631886,1.3244155485653808,0.4830199081182771,0.6631782555268109,0.1365741638787528,0.0,0.0,-9.779689334430858,1.198796567323602,2.495900617997413,0.6882038163753101,0.2615492154670154,0.4478117652374447,0.434839523519285,0.3309006018901124,0.0991288868251999,0.2631925756741515,-0.0448439515689675,0.305840162328694,-0.0191890081017756,0.2387761923282136,-0.009822962832861,0.2076073233301416,0.0180324883098012,0.1832735621176423,0.0463459042404162,0.2078211950158923,-0.0696701473608372,0.1660910345047311,0.1027917768311382,0.1696958100416967,-0.1578897341875,0.1924406623606784,0.0321372798474659,0.1285826866736797,-0.013986259153082,0.134629300036457,-0.0256853758573024,0.1334351677995036,-0.0159800800579903,0.1087400285983932,0.0485396636786218,0.1090984755174584,0.0027399686883231,0.1039415140432312,0.0155470863428386,0.0952595351534404,-0.004346701636912,0.0954119164500011,0.0225072150196966,0.0915760843463666,-0.0221287620045214,0.0869750515032725,0.004278887353951,0.0864472791555056,-0.0095026311974717,0.0806916963406906,0.0,0.0,0.0,0.0,0.0,0.0,0.0,0.0,0.0001468315863023,0.0031338240321118,0.0005459007238535,0.0132798932131381,-0.0046851547027104,0.0286313520993649,-0.0586862868456837,0.0925141010928575,-0.2359153885721366,0.2410643197983024,-0.6387219404602128,0.5649083964602029,-1.0358729932318909,1.1745300803545498,-0.0717263058697671,1.989274753808495,0.8298108890827847,2.039080227895937,1.3129889298976951,1.7360135560224217,1.443807437496784,1.5584433714484849,1.2829533424594308,1.744706697404112,1.3437807799941206,1.697218471187204,1.407831473424271,1.6733393535575598,1.4439735391815616,1.6409927890096785,1.4713391461453436,1.6198019485443105,1.518044895805503,1.5315648323216289,1.388135554394638,1.7406631966865664,1.4676928943303151,1.5410432076425733,0.774398740143462,2.166398662704207,0.999240876418744,2.1778402060241464,-0.5846190834818908,0.4490993604435503,-1.2889983384289745,0.3673308600318152,-0.876023515839605,0.2776063133465844,-0.8322162090192851,0.2158185531828575,-0.7090451892873942,0.1969527296442491,-0.5924486744249765,0.1774397343924633,-0.5480134965075258,0.1322161046419122,-0.4451847428216134,0.13537449245849,-0.4200994223364299,0.1231187538137399,-0.3320099735477422,0.1435170505247853,-0.2599198796392873,0.1514177439209132,-0.2275913608949905,0.1595212074387855,326,0,2,1,0,0,1.0,1,0,0,0,0
205.5772331154684,44.117666366300135,1.0,0.0,0.1171981287313543,0.0547039728042125,0.3788408145331154,0.1470033238233419,4.484629718402069,5.881604948989773,0.2308799575643427,0.1562624035536184,0.112410008463326,0.0293279318453399,-0.3374032883805374,0.0685664204519669,1.4158176100217863,0.4695948569481522,0.6636324553376906,0.1430253462047196,0.0,0.0,-9.651388634713143,1.1942822227483043,2.463983341320625,0.7048898927697875,0.0625084409899419,0.5861789496763488,0.3648016161059914,0.395961994037108,-0.185898079964379,0.3423198310994866,-0.0450524939830065,0.3036536178731778,-0.0135259756086891,0.2280948659684404,-0.0654441853034495,0.2218421311961104,0.0715702632882352,0.2029790682853708,0.0328557005742959,0.1558298994979644,-0.0704509833956063,0.1725117568102017,0.0721225397353558,0.1419123123943801,-0.0506013730952396,0.1256068631139989,0.0300896046600108,0.11058778180577,-0.0457541828424364,0.1131213236793423,0.0411673235162672,0.1008870556975844,-0.0122405861896169,0.0994766565616744,0.009509183601997,0.0832441696502516,-0.0137948401030973,0.0872684519076682,0.0123336724746659,0.0761523100766061,-0.0097639814685693,0.073288459785687,0.0156327181208714,0.0723389673982334,-0.013416246854379,0.0661488212377032,0.0017901463955432,0.0627741672913077,0.0128858119788366,0.0604483069172395,0.0,0.0,0.0,0.0,0.0,0.0,0.0,0.0,0.0,0.0,0.0,0.0,0.0,0.0,0.0001298913091726,0.0047879235322231,0.0003407186371085,0.0149937034812858,-0.0123286413003627,0.0423221205687403,-0.1818138199423271,0.2385408266105589,-0.6256226496786129,0.7622388075674528,-1.0249331086603122,1.6888432554482926,0.5832024331338054,2.189153708483969,1.4720312020287944,1.5391461271715317,1.5615055657372188,1.5435568163344655,1.4775640916826434,1.5687336920887234,1.5989026692639796,1.4248863527498192,1.7074907846663034,1.2658357199947257,1.6534820074537764,1.2115358925079514,1.5778907030856208,1.2923671394868326,1.4991100937665212,1.2746511812505847,1.5542398670720403,1.2139574920686345,0.900975886985984,1.8620442024460584,1.113537885145316,1.7977391732991934,-0.8249446827087873,0.5243403135640164,-1.6757087380900508,0.3830636474685337,-1.0970245573093682,0.3168463114081163,-1.0914153576615833,0.1993794770296184,-0.8485554225504721,0.1991954706603836,-0.6614377130058098,0.1808876978922673,-0.5734064085566449,0.1500731492676192,-0.3812984526357662,0.1900571946700991,-0.2881629908595498,0.1767136028382597,-0.1434700433369281,0.1937352288582215,-0.0432411157092556,0.1894866396390071,0.0046253660005809,0.1732804030738382,327,0,4,0,0,0,1.0,2,0,0,1,0
139.08705096073518,31.262301068755026,1.0,0.0,0.0975534714350328,0.0429490173870285,0.3554213401636066,0.1901270408696633,1.0485837958645137,5.105423144135721,0.1819301031905048,0.1473194395736685,0.090316688918248,0.0278619286874093,-0.3655290374030314,0.0698496715614366,1.1559568115526913,0.471577027720481,0.7180180176632057,0.1269954032245829,0.0,0.0,-9.006640307912638,1.181519293998638,2.6590613369519036,0.7481748964503243,-0.080078811978279,0.638359471735755,0.4871919954277837,0.433673228049614,-0.0575783264011337,0.3305177768821427,-0.3400839892593388,0.3768795771477332,-0.0457577532026948,0.2656507696090425,-0.0294248895794868,0.2314743177334474,-0.1721238335901759,0.2193509413809405,0.2662296366269649,0.262137667431472,-0.1303627415434324,0.1901433830967054,0.0725853513595607,0.1780137561400331,0.0191978877543525,0.1718222438270666,-0.0850571404414608,0.1555108537282836,0.0434862955206922,0.1584396987862636,-0.0128969407064279,0.1573302871925323,-0.0177768733752452,0.1313020328623529,0.0417437744334445,0.1210619253009782,-0.0126302180871655,0.1186004281566048,-0.0354206495931256,0.1065420598825363,0.0429197390544274,0.098249832384508,-0.0069639095587771,0.0960944219155083,-0.0267482936489175,0.087777067537432,0.0342047479766805,0.0858905179096918,-0.0224701220679651,0.0862286266289572,0.0,0.0,0.0,0.0,0.0,0.0,0.0,0.0,0.0,0.0,0.0001454692119357,0.0045125540498214,0.0003201277376452,0.0120303791687843,-0.0040016061281206,0.0262552638821789,-0.0784740411771154,0.1157452998996203,-0.3882006536156164,0.3519831957816079,-1.078128769073233,0.8560129410155289,-1.4686381872025305,1.5821412804348205,-0.5056693933679437,2.4482040429000897,1.286300777349254,2.2322353725974664,1.63936588629741,2.061266243323385,1.4871778471082469,2.1159148810878428,1.936044165383697,1.6625071559199045,2.0986071506599835,1.343693995410384,2.2276316547511636,1.1790874117464711,2.240477469366273,1.190817420884905,2.2353398901274613,1.1278437528182013,2.2342127995054306,1.087554489842965,2.123765249735052,1.2792117998646575,0.1023228884229621,2.6543351781815834,0.4471512590659983,2.6505631973876915,-0.7963989009509487,0.4868151508501996,-1.3711341845088911,0.3333119206251742,-0.7703450226466165,0.2746290538620503,-0.9045925184389548,0.1681774953757381,-0.7501678204320325,0.162627414869827,-0.5589295533791622,0.1838268674563282,-0.5947622712018141,0.1150584885482697,-0.4615829484095954,0.1318504391742576,-0.377766444569636,0.1338116349882819,-0.3756673321556271,0.1283457779293522,-0.2200118156033417,0.1532975643150995,-0.2044450000106218,0.1427981991248253,328,0,4,1,0,0,1.0,1,1,1,0,0
107.23388671875,35.44586235167156,1.0,0.0,0.065903242548842,0.038924610395717,0.3103350471203264,0.1758105828365321,-0.2101454377915736,5.236070969716137,0.1487131993059919,0.1433149607791395,0.0799485716052594,0.0321807861711345,-0.3785051583426339,0.0603939570338523,1.1575912234933037,0.4677228215121968,0.7466801422991072,0.1618542851950589,0.0,0.0,-9.902498835100449,1.2919214937054764,2.5026567539829796,0.6521157228102848,-0.0261916043652343,0.5239427216253133,0.4757538051532505,0.3588188559270646,-0.1011634029873046,0.3250448887530939,0.0525528421970863,0.2456434261364034,0.0043834247248883,0.2404105136560398,-0.0952164146014788,0.211434466654248,0.0490029574887695,0.1551558639040768,0.0975470637211216,0.1978320346224755,-0.0479119888116629,0.1478604967036813,5.023875976562647e-05,0.1637619879396858,-0.0096721913615025,0.1477516782536288,0.0234416578327985,0.1258854614457342,-0.0843171900416434,0.1265297469104164,0.0500001630255852,0.1304544852381962,-0.0544857120938197,0.1067989212039251,-0.0066694522634626,0.1046528854428665,-0.010465094581815,0.0997656048899246,-0.0220431221496568,0.1034669291282897,-0.0174113161539481,0.0874163176701009,-0.0126147867794294,0.0952748302356816,0.01940652747583,0.102763760660606,0.0466407735076171,0.0906203604189399,-0.0377922170007952,0.0804455329791042,0.0,0.0,0.0,0.0,0.0,0.0,0.0,0.0,-0.0010894102509563,0.0116107566871467,-0.0153078337132931,0.0530520888489354,-0.1123675634645229,0.1499957957668357,-0.2771140742597601,0.2747164286090642,-0.5780037918793876,0.5188114148782774,-1.0863951298850516,1.088858751742006,-0.6867192080099053,2.0590551818352254,0.1568146599109933,2.4315232746141984,1.07078876289202,2.251192179461066,1.263706352414202,2.156439265846847,1.539695143932059,1.9335874484519588,1.6188707253041292,1.9237166030633348,1.5746783657575334,1.9538467446666676,1.6057882726981028,1.923477599168339,1.6088993092138673,1.893514398306715,1.5894609029610771,1.911813206975256,1.6875635022286553,1.8310001379275007,1.6249504370214842,1.8961572604087136,1.4528248126046317,1.9739918512918615,0.9562525199490792,2.1767916754890457,0.4808995940569197,2.284380557827423,-0.8130775510717773,0.7840127836493996,-1.2463015521763392,0.4645976635741335,-0.5455329891766183,0.3757067530738852,-0.691614790163923,0.2224852351209257,-0.5331821945644531,0.238946420286025,-0.507856773719308,0.191404224374877,-0.4812909267347934,0.1527531479811713,-0.3934547139892578,0.1613337146924186,-0.4281960202748325,0.0981535297731506,-0.3286855763497489,0.1164347190399422,-0.3210493490797294,0.1164986815252973,-0.2833059952671596,0.1198704931763327,330,1,12,1,1,1,1.0,1,3,3,0,2
124.33379450285923,31.66943620655844,1.0,0.0,0.0867750914342218,0.0425484706814055,0.3210034126261514,0.1341095972589843,1.081322437953883,5.173875146411173,0.1584656905856914,0.1378632888572084,0.0825498976947242,0.0296189358986883,-0.3657043236088053,0.0588064731818975,1.1414707575478078,0.4727511640057139,0.7319882189632909,0.139046049215366,0.0,0.0,-9.250182955174322,1.2561630110049709,2.4718281108740703,0.6960047578882599,-0.0662962171033634,0.551682540441018,0.3633670236074217,0.3887456556702272,-0.0011848769357252,0.2819987666599834,0.1067262179964951,0.2773536856491669,-0.2214963589049376,0.266453841116107,0.0314887608977126,0.2356709865592362,-0.048053735569698,0.187964471253854,0.1122028672023827,0.2049676807882648,-0.1138128015990899,0.1725440913028244,0.1427814745105177,0.1673595914916641,-0.1214792394006026,0.170831208433182,-0.0122870938445243,0.1459486025794843,0.0206185884528992,0.1346694360037677,-0.0774567530764619,0.1473931879633407,0.0169305149344278,0.1300388413648079,-0.0074781292378804,0.1180460914771288,0.0347367383430517,0.1108483585782191,0.0003677206393039,0.0969873238852087,-0.0054805404471745,0.0931464054745153,0.0199472902700239,0.0928469746205351,0.0139604113423568,0.0861478806512105,-0.0177142930472083,0.0849040678741408,0.0160825729456374,0.0783301174915995,0.0,0.0,0.0,0.0,0.0,0.0,0.0,0.0,7.99501375656398e-05,0.003362995843431,-0.0004112603828946,0.0176556543626091,-0.0044289777906517,0.0427155257911054,-0.0543043735987837,0.1200658978933914,-0.2537903024772981,0.2443701152860191,-0.7260559397938049,0.5391304586617011,-1.4289056131956588,1.0611406770790863,-0.9959090580702208,2.0967244241001857,0.6147916299763266,2.4353487357502908,1.7453896547337513,1.8112467701995965,1.7622175531746909,1.9035744634556744,1.7986104932930578,1.8621043169076408,1.8527581967638196,1.7677329724420283,2.0797266030799975,1.5128956864698504,2.09175113034557,1.4985203956619872,2.111054356363217,1.493715334193216,2.1037440112500767,1.466253657958412,2.0414851015818116,1.6268981453128033,2.1105539154168973,1.4496869290379737,1.4631316379785404,2.173623085193116,1.35359953722007,2.2824542272592763,-0.8137549671128637,0.5761287693105565,-1.1991648368689662,0.318268823954754,-0.6982391333400972,0.2785317223285859,-0.8040217822357498,0.1997650839555496,-0.6584148260745251,0.1824808750490057,-0.5932887414748201,0.1525101506112728,-0.537995596913546,0.1296218437759181,-0.457690237862633,0.1213569165226873,-0.3820656484406321,0.1251485630612829,-0.3716944493316116,0.1084824772550271,-0.260486841779023,0.1363422283745214,-0.2766104169794318,0.1300737417289866,331,0,8,1,1,1,1.0,1,1,1,1,1
115.06456289027652,34.00055118830298,1.0,0.0,0.0672628974744127,0.0357452017540118,0.3077741948322183,0.1465015975706088,0.8027601290180791,5.10233878426851,0.1602225524360838,0.1421064359665204,0.0780738232567648,0.0318783535595588,-0.3690061863663395,0.0616017389834327,1.2340968971156705,0.5220871795307013,0.7191437693279809,0.1483791255557519,0.0,0.0,-9.543734545049064,1.278627468099858,2.5896659025037168,0.7380819963584664,-0.0166774336360726,0.5345979280131293,0.3167198501363366,0.3843171697924712,-0.0762268879747249,0.3920728699404847,-0.0760283128384998,0.3036571083700314,0.00051908473398,0.244377811246712,0.0152501932101917,0.1963159302393528,-0.0586206800747249,0.1820786855124345,0.0544155402753493,0.1809740898333722,-0.0256424856248476,0.1595020052517935,0.0446165507733868,0.1571438787719035,-0.0751389786108682,0.1432582548451657,0.0268498352399568,0.1176169573905186,-0.0054724233015536,0.1236002849548634,-0.0102486981796461,0.1253481360372486,-0.0282599808814897,0.1123684727447509,0.0292656832267172,0.1079017396159809,-0.0014379802414139,0.109919966148444,-0.0250276280749368,0.1006048849589548,0.0308433653191161,0.0944367035348126,-0.0174965182729333,0.0871415501324468,-0.0060279806875115,0.0827310201894908,0.0110506643722271,0.0797350420856178,-0.0197050647336678,0.0766739603962904,0.0,0.0,0.0,0.0,0.0,0.0,0.0,0.0,0.0085808424244409,0.0238256633239239,0.0290547063071574,0.0829109290419123,0.0468792878520684,0.1718435407440522,0.010850344819526,0.3549916481050131,-0.2183908749290031,0.421326962257976,-0.6912165325238886,0.514968617501535,-1.3579083783174437,1.253669256713838,-0.3128649954600803,2.3854740780642536,1.370125262490336,2.105489177016373,1.116144465376152,2.407984592932255,1.6814994437325304,2.026020725529208,1.5876817190217063,2.0749892823207596,1.8603381835392507,1.805006293665505,1.9230604190618497,1.7161230979810649,2.02621772304861,1.5910658853158868,1.987551039133214,1.6613930582029224,2.083690041834671,1.502569890254073,2.056225573807612,1.5768367573727529,2.004994162986173,1.6244560654582847,0.6678797882980226,2.505051638576365,1.0306155623561553,2.4080241828270545,-0.6178526584676479,0.5318366219628411,-1.0334655727772823,0.3605001516950042,-0.587636790527468,0.2934317979975114,-0.72779276245168,0.1988093726505036,-0.6115545247955694,0.1821046693800395,-0.5295728103025572,0.1697293805728105,-0.5526180938893845,0.1159535094563823,-0.4431285251598276,0.1165137111788589,-0.4097355041369313,0.1001531844703604,-0.3603575706493457,0.1019639446387191,-0.300713348206958,0.1143255228267728,-0.2820297358170532,0.1184545177287083,333,0,5,1,1,1,0.0,1,0,2,0,0
206.80973894060216,44.65187189571968,1.0,0.0,0.0955034685400654,0.0497511933171289,0.3178261131985992,0.1351217781010728,6.095012003537733,6.473951367693494,0.2152473250733755,0.1708742596711892,0.098583443349201,0.0324295981208737,-0.3303365689457567,0.0671247618870748,1.353847342106061,0.4506819877669558,0.6839310042145479,0.1492030634864846,0.0,0.0,-9.370887741426882,1.2655605341688163,2.4467209437797517,0.7309314936026903,0.0882860920001212,0.547838971047157,0.3417069753626633,0.4170310657302632,-0.0624335068495558,0.3517192257358963,-0.0911670817830356,0.3116385474504886,0.0025661734909105,0.2316200742354595,0.0387271594954943,0.194934703567595,-0.0142637700051029,0.1913958894634431,0.0379503131450835,0.1656778497484361,-0.1033840449877505,0.1772625402172225,0.064464897805867,0.1282906624825566,-0.0307451871502774,0.1261725254668006,0.0652566475621054,0.1251124277921197,-0.1072481024193687,0.1288925421428043,0.0568320311255935,0.1121829586426895,-0.0229004016229514,0.0981483568679973,0.0122897095513507,0.0980509423974725,0.0203770436268245,0.0922260230461436,-0.0145726248498832,0.0901834828404081,-0.002824870599724,0.0823111120217242,0.0181830004943603,0.0757124007716835,-0.0117577060765592,0.0702796655473996,-0.0070641924375055,0.0677758141914202,0.0190301410449258,0.066471680865744,0.0,0.0,0.0,0.0,0.0,0.0,0.0,0.0,0.0,0.0,0.0,0.0,0.0,0.0,0.000409948274254,0.0095348017025803,0.0020780122113239,0.0329097289004213,-0.0041638839646802,0.0793557597581074,-0.1807776844408295,0.2372849737930746,-0.5678880456543223,0.6153899304339623,-1.0846823750999364,1.4399337407411823,0.4384599705697523,2.2556761472340066,1.2809963714651162,1.9866759509668297,1.449004697355144,2.002038877223382,1.6049008200730723,1.639610534952712,1.7535984582447468,1.4276597174405803,1.8828277208487008,1.2851499590209134,1.913079575944938,1.2079321568356378,1.9202807831822988,1.2002683251574715,1.8693313887426093,1.202337660311141,1.884301309817774,1.2155007141968588,1.691974989829902,1.3715927226238145,1.548154670239623,1.3688430382512784,-0.84436079005488,0.5737298008791272,-1.595072525999818,0.3953799242675994,-1.085823934271247,0.3213618989224408,-1.0690359848255055,0.2223856695139512,-0.8437629962169128,0.2071272719005933,-0.6859802057275401,0.1628692280026564,-0.5588092199439071,0.1523430458137892,-0.382921261874746,0.1779376477348059,-0.2755877397266089,0.187528302281827,-0.1372738548352536,0.2085834879195142,-0.0573213703607816,0.2029930563064065,-0.0003787073440708,0.1927102154863161,335,1,12,0,1,1,3.0,2,3,1,1,0
114.7173238078013,34.73402322676729,1.0,0.0,0.1237347145129921,0.0549491872757426,0.4193363813012901,0.1732735093341899,3.213716360555555,5.531977213479203,0.2218768751420841,0.1465867495196683,0.1056821645870259,0.0210436770055481,-0.4167799412087779,0.0696023933105818,1.5312505558569964,0.438362879378304,0.7304291065292097,0.1500654722011709,0.0,0.0,-9.92331143968168,1.0822891083085997,2.682861689695846,0.6907899571149646,0.1775368544827033,0.4983737078419006,0.6133080521256286,0.3921792522250816,0.0299351926019774,0.2919322464570542,-0.19085364371758,0.3532120377177566,0.055630116394999,0.2613584183734729,-0.0150487826310815,0.1749005609499969,-0.1515549719049526,0.2007944369864878,0.2723088815792699,0.2472003063322131,-0.0455523972682703,0.1590882492939961,0.0088839850007325,0.1425829020802484,-0.0244310086412099,0.1546932871026309,-0.0034116502260836,0.1280104690476017,-0.0302426950999571,0.1167919999797963,-0.0014513112808193,0.1192072133814995,-0.0423638800398595,0.1066819680800369,0.0260610794840658,0.0961325984830084,0.0073116902186471,0.0987632607207885,-0.0175241298227829,0.0845506759344003,0.032880150534111,0.0903940490814836,-0.0066017642393681,0.0849184948870369,-0.0152926122524235,0.0766956168182788,0.0087416020498342,0.0770710245187146,0.000336749020085,0.0772919601019586,0.0,0.0,0.0,0.0,0.0,0.0,0.0,0.0,-0.0004572330327104,0.0092474674885672,-0.0021608314483945,0.0303371824767218,-0.0377949235967762,0.0960895263170113,-0.1456494013890444,0.2371995202717524,-0.4098280758583499,0.5391259739972016,-0.953393848250636,1.379603026034222,0.3527365907285524,2.2204249833343246,1.2341449234138182,1.727445044672666,1.5794722291041177,1.474395975322932,1.5285148886670283,1.211706144344888,1.5723151372746726,1.0848514017259667,1.5154238293361215,1.2061066636479696,1.5197596993790317,1.1383830579041871,1.5537216119919215,0.9907893174022324,1.5309633219118888,1.0201981367017223,1.5527599230337013,0.999950036336439,1.5621946299633749,0.9652624387579892,1.537669538018629,0.9785957142821012,1.3620071534368785,1.1724410116978474,1.3685148158934408,1.81681580313802,1.671543044773015,1.3087570699748674,-0.7972040604036594,0.6398026353119329,-1.3472156574425755,0.4420167095503515,-0.6943911095558569,0.3017124688708743,-0.786472929010671,0.18526521763581,-0.6141098022294568,0.2040592047214885,-0.3969654050482908,0.2806624945939278,-0.5080207281937663,0.1472048979743284,-0.4245637474458913,0.1381223537189021,-0.3212997148862664,0.1594376041323338,-0.3942163371317296,0.1152358138173849,-0.2802270948431904,0.1332782743404538,-0.2622183002597515,0.1369786628313674,336,0,7,1,0,1,3.0,2,0,1,0,0
181.25833595824147,43.77111940887291,1.0,0.0,0.0590456683108041,0.0425491388837736,0.2840263739826396,0.1549561464666776,3.8175432775041176,5.561272450315109,0.3111889478893354,0.3516759273385184,0.1010798827291544,0.0436599892982325,-0.3245449929802456,0.0721997927018893,1.2263429649462267,0.4201453329141703,0.7380955955541556,0.1378708408360002,0.0,0.0,-8.556753660621878,1.3312800013340944,2.617904827161049,0.6230349479991475,-0.2968503719264275,0.6017994210657683,0.4784388961974531,0.4173879880992507,-0.4080846409401071,0.3975711227548924,0.1595637985089186,0.2574293532033394,-0.269744915341853,0.2671520548744029,0.1496406959832155,0.2044500091320044,0.0103696508354767,0.2432110008108423,-0.0170718292161004,0.1705384500220088,0.0681385605825496,0.1987693153198218,-0.022727973483103,0.1386787315206608,-0.0894762879529541,0.1318188347187049,0.0786973157677631,0.1253548883920041,-0.0400738841273905,0.1280971007949901,-0.0223892274087521,0.1143294565172032,0.0015966929331156,0.109549302192134,0.0532075894018809,0.0980294793530278,-0.0604242158006479,0.0974277662263937,0.024394499356779,0.0887303396476794,0.0152481494456149,0.0859988770704141,-0.0289862481073797,0.0813393255799812,0.0362933898707825,0.0750517531162711,-0.0284487917514872,0.0700662837010721,0.0128537222968681,0.065515502096631,0.0,0.0,0.0,0.0,0.0,0.0,0.0,0.0,0.0,0.0,0.0,0.0,-0.0003411476421014,0.00414073816511,-0.0017177465945101,0.0127219936853614,-0.0069249596398259,0.0287227788043534,-0.0685473896361287,0.1338605444073591,-0.3066465114355442,0.5684342768496778,-0.7656863683970211,1.590779805249859,-0.7139993880199118,2.2996032486327027,0.80024579828601,2.4470982682489533,1.7065557101066011,2.0013214153055197,1.923202062457814,1.7407684355436084,2.0169515996148135,1.5199527398685562,2.121082901464564,1.2035135735846398,2.195300240903119,1.0293753702545878,2.190161537913873,1.0556237575989011,2.2247415788822393,1.0128645439268276,2.1890236028479504,1.0719275240468773,2.1672244312163076,1.0942233900175546,2.1055906106722766,1.1820020057376608,1.93975910457409,1.5018290154501084,-1.1550278002069927,0.6845264468518508,-1.4862499671511495,0.3387489542027047,-0.8385663737364443,0.3850400609452089,-1.0348090774107903,0.1946891697259298,-0.6839957510709626,0.266971288916864,-0.7037876493272736,0.1446204922336264,-0.4949559130684426,0.1756788239509572,-0.4656292559100031,0.1697946829342678,-0.3501484455155469,0.1823674692937058,-0.1875342710194393,0.2009169827166438,-0.1770023964922197,0.2059777927667829,-0.067578420869707,0.1878297933459662,338,1,15,0,2,3,3.0,2,1,3,1,0
78.23660090104086,12.63672208871546,1.0,0.0,0.0932290118791168,0.0398704701516857,0.3822663020192636,0.1777163888534706,-1.83421764644854,4.313887019704298,0.1475563429490795,0.1110385606762985,0.0777571971043576,0.0223619516256722,-0.4273396993941276,0.0488930291094891,1.037584423256175,0.4117783271651252,0.7777268945160789,0.1129111629797827,0.0,0.0,-9.626583559888148,0.8441247953566896,2.8654364857192793,0.6015098409179267,0.0126620455541401,0.5136737293837981,0.5105306994500544,0.3540545965896234,-0.1570353693859313,0.3291681977426515,0.1888240744455491,0.2700573752156044,-0.096812449246155,0.2774968987729903,0.0030855864704637,0.1917845631395776,0.0051534595160886,0.2146271425334915,-0.0793617801068432,0.2158120007607887,0.068492338714238,0.1449317381281565,-0.0609337011365154,0.1631627157416776,-0.0564965257049091,0.1658897882190849,-0.0245631592921508,0.1381791215630067,0.0118208699611313,0.1425820670679421,0.0275419855983882,0.1446289550440106,-0.1300198859211201,0.1222859934118356,0.0966171767776526,0.1186896071488584,-0.0310421076327559,0.1064471830244656,-0.0562703188270751,0.0991971712612922,0.0224922835005281,0.0908108440795898,-0.0156687559435684,0.0942372348467919,-0.0220522328606796,0.0894616022058267,0.032526392153006,0.0843479946606985,-0.0122621819574032,0.0800230140568312,0.0,0.0,0.0,0.0,0.0,0.0,0.0,0.0,-0.0019814936384317,0.0101553626111677,-0.0759818632202326,0.0941016476330046,-0.3100268879562297,0.2111066167573309,-0.6174752873453083,0.3471246652861592,-1.172159797159352,0.5858545695067058,-1.7273246018583968,1.0393642638120677,-0.90523767706618,2.336208069448096,1.7792567918090727,1.8646345613000537,1.748384357258816,1.9508268426591329,2.0846225332258816,1.6061803131729944,1.7550721000388378,2.0024682804046012,1.7727502616086688,1.9916716750315433,2.0012665252357467,1.746517947843295,2.050387752602144,1.6842363603997608,1.8449331983416184,1.9196966050365971,1.8404649189102065,1.8986783127079032,1.4767561987637876,2.138441066860221,0.9137456664051576,2.338937544603939,1.028951178542023,2.303211374958719,-0.9776578667446016,1.854366205721224,-0.2170618224565014,2.3136191687437577,-0.7229975235373233,0.4982814537268211,-1.212798242581948,0.4525137269204271,-0.5343254155583346,0.2090629325205432,-0.5374093739591425,0.1647863382249467,-0.460892856053907,0.1575450931280141,-0.4755620359130806,0.1347307148552345,-0.3564436514848143,0.1489409610985745,-0.3388226099003029,0.1436795605083864,-0.3639855144666382,0.1201143364603201,-0.2974995481695666,0.1218936349023801,-0.3595998762622339,0.0811168112377072,-0.3372785851444771,0.0846959989929145,339,1,11,1,1,1,2.0,2,2,2,1,0
98.98605324482736,34.91979914840117,1.0,0.0,0.0787359625808487,0.043115538234742,0.336282515902408,0.1854344838618298,0.3248401143960879,5.226907495448856,0.1698333601109455,0.1430767320663112,0.0857166521177883,0.0270546385208769,-0.3836998328507873,0.0575650592238371,1.2433375955087915,0.525373355050355,0.7455619038203516,0.1536163101693551,0.0,0.0,-9.691475199491562,1.2383973319646224,2.419962657121672,0.6406056164784958,0.2012291860672269,0.4349237744060888,0.3753980165171951,0.380168174612325,-0.0411371056231904,0.2508282596290212,0.0156809391004943,0.2457075791492482,-0.1577988416676082,0.235925975443079,0.0514224550345738,0.226976971077796,-0.0285162507627144,0.1889984178610625,0.1775707019435068,0.1951427049934009,-0.0346396321651437,0.1845005216508883,0.122630474549608,0.1712660940500286,-0.127733076477438,0.2072011947043764,-0.0209711218777628,0.1585537779828536,0.0017510964717159,0.1723935212362856,-0.0236594657590565,0.1716293569947133,-0.0731843695120203,0.1405168748735724,0.0313560781306736,0.1332205062032752,-0.0019786972093778,0.126511248085717,-0.0374985442085587,0.1207401888564433,0.0390897056209307,0.1088478394565901,0.0160009362086717,0.1024045497577393,-0.0275566479750286,0.0962262284495814,0.0063095864889061,0.0963891895485702,0.027353544285234,0.0918428064739992,0.0,0.0,0.0,0.0,0.0,0.0,0.0,0.0,-0.0019169882775602,0.0135400112874061,-0.0224337348341852,0.0695666733370129,-0.1455130277218628,0.1873712092512129,-0.3321021603164606,0.3453289061651478,-0.7051951457975142,0.6941116477034107,-1.1402869031271097,1.3369702670865578,-0.2813986461761174,2.1266268196557423,1.2124338269516983,1.8661605049911192,1.6364275453972177,1.7074667522439693,1.698031725626721,1.615203847326347,1.672337664288539,1.7027089291708155,1.4839054767106843,1.8711708741602455,1.6120006289544524,1.725055220673816,1.6991001472141798,1.6209642886847502,1.641908213268837,1.6868804544581222,1.7028482625308947,1.6783009568347684,1.7143092400240096,1.6581037202638893,1.5932863711992091,1.8035235812884969,1.7786007412612104,1.528287488414236,0.0215851713021679,2.577288981328586,0.787911909533225,2.449426436364953,-0.7136537294487678,0.5382624812734241,-1.1471006150695573,0.3767124442132902,-0.6244105950158887,0.2798688475312749,-0.6174928258767036,0.2203789432590283,-0.5267977909356684,0.2242349322778297,-0.466255880668032,0.1927318165394404,-0.473354795908481,0.1447631244682569,-0.3832527234806864,0.1494650351571072,-0.378450143444672,0.1123887290356505,-0.3843313853894499,0.0976970072577409,-0.2953730789747898,0.1241014609259612,-0.3167892952305627,0.1219543956944141,340,0,1,1,0,0,0.0,0,1,0,0,0
195.0106293030559,43.65492932015717,1.0,0.0,0.1143489915538802,0.0541637986697141,0.3707491267803478,0.1542709833712384,4.982853605781737,5.485517489474334,0.225512539207362,0.1619130091032831,0.112474744806136,0.0272784732665982,-0.3703348381933204,0.0674519520566918,1.449711108225631,0.4333518563550519,0.658340819543423,0.1274019160468318,0.0,0.0,-9.40237542577606,1.1847455465598329,2.3757942725969317,0.6778001395290902,0.4217590466743568,0.4337168564978215,0.125125072201081,0.4486027021567262,0.0290339580436344,0.2689322351304089,-0.0690003884435892,0.3010492452021642,-0.1333577179087027,0.2165664654981123,0.1693781412641004,0.2077535407056385,-0.1190778862391949,0.2066482735325324,0.0827002257906268,0.1540870662106915,-0.0374161151640898,0.1583142034742516,0.0189170080320147,0.1306597884264038,-0.0207538591206456,0.1192717917657246,0.0639826944396666,0.1322225569184195,-0.0907211626618553,0.1264293345761756,0.0430093696511535,0.1180937457717502,-0.0409072815482546,0.1142325186034557,0.0520744190123505,0.1195048837858199,-0.0607318598568063,0.1174774355655688,0.0748855057832497,0.1060992832947553,-0.0538040555221856,0.0963488181378522,0.0282629551942203,0.0876788682258718,-0.0049531278449057,0.077407695842892,-0.0080216578581259,0.0724834484823251,0.0077638199217079,0.0674876936022467,0.0,0.0,0.0,0.0,0.0,0.0,0.0,0.0,0.0,0.0,0.0,0.0,-7.865086819603816e-05,0.0026244694725447,-0.0007444977698109,0.0114268818397272,-0.0018622889751787,0.0251136886223949,-0.0355772746194035,0.0744932438075552,-0.2577410101633325,0.3620620118344434,-0.7905072934395336,1.1924078335115365,-0.3867229209560364,2.2325155957700757,1.3618511085433025,1.8363163834858651,1.6672037790487984,1.4674073362850029,1.6085232402571568,1.368624218233823,1.5603982483406813,1.298340624922513,1.6411642907965336,1.2181197018373515,1.5850539476210896,1.3094249816063603,1.5209198016233845,1.3597199648804903,1.5406514032310663,1.316643686292057,1.5065201466517697,1.3712873072148966,1.3878424327243628,1.477532249630248,1.0395250575863026,1.7741817647469251,0.932284958294178,1.8447530757664128,-0.6667496663923784,0.3751917289776579,-1.6679778339775335,0.4239552180876625,-1.1510992363208117,0.2465716391274219,-0.9350447137335428,0.2639340055148124,-0.8180112966541851,0.2013294033500738,-0.694387448816282,0.1499709015950077,-0.572331314040947,0.1346761949508793,-0.4439993484382171,0.1512632538035118,-0.314580313831441,0.170721380909263,-0.2150618618858557,0.1849805164964903,-0.1199398549780015,0.1888776960277977,-0.0271688222013498,0.1798919736060826,341,0,7,0,2,2,1.0,1,0,1,0,0
113.08912723542792,36.1472974517932,1.0,0.0,0.1301266074388708,0.0667149844060945,0.3500548277527092,0.1551564400642681,4.191595300671319,6.13512203764648,0.2208193936455469,0.1437000833565202,0.1055048576207465,0.0215507640899099,-0.3995412244302725,0.0597087756035663,1.730702389956741,0.5007084051420237,0.6119024635418989,0.1085659443250465,0.0,0.0,-10.46028914953396,0.8195251382840317,2.425840798086786,0.6444585127732186,0.2712672363420594,0.3876361000738278,0.2832467540681889,0.3309132233494008,0.075735500844713,0.2306325890513817,-0.0258001611737144,0.2227750913119824,-0.0092308466485751,0.2299618908946218,0.1340566011153726,0.174464542523445,-0.1035167278942157,0.1763303319770285,0.1439279512774472,0.1731226835404556,0.0194506776257592,0.1475658097611195,0.0569115093470231,0.123690261438373,-0.0724438865969005,0.142242113782094,0.0169063452262676,0.1198179856508688,-0.0227488467513579,0.1342486545113953,-0.0412756045715292,0.1188152187498096,-0.0164347611676805,0.1018988479880278,0.0101311927059581,0.0921260494908072,0.028394821857771,0.0943122151500164,-0.0030243615546091,0.0900175790721363,-0.0005401108482272,0.0848433896143946,0.0316867857182357,0.0847551536843679,-0.0008213295690585,0.0796890674035538,-0.0172957171499308,0.0788771021576797,0.0109949627955724,0.0787586731829211,0.0,0.0,0.0,0.0,0.0,0.0,0.0,0.0,-0.0001227259280029,0.0033807439193962,-0.0018125401426232,0.0137811815600644,-0.0530901542777139,0.0854754277844574,-0.1982027632923114,0.2115079892286136,-0.4994309375685858,0.4467013784572646,-1.032698280006868,0.8472052262315098,-0.8584164248057796,1.1193365556053785,0.3836713565989386,1.11260026667262,1.083972671354859,1.4028040634139345,0.8611740916755116,1.1767312312937124,0.3965251225951033,1.5042305122865045,0.3415911412290951,1.52296448673193,0.8245855374806225,1.3494864484241078,0.9396913178303528,1.2482385571874013,0.8753948037152031,1.311424802311924,0.9688080136058288,1.3087885616648145,0.9208206312750302,1.394813681634577,0.9086818287303216,1.4776957055958508,0.8836464474428043,1.5997465012944585,-0.1718057548483164,1.9972292452414049,0.6128661963354591,1.929555468762179,-0.41670451241948,0.3087889660023056,-1.2020854301386967,0.3096111649342898,-0.8529532910895063,0.2298380738655716,-0.7587389643223476,0.1905367129067304,-0.6749417713954422,0.1732998582114978,-0.5611038765330242,0.1594826700872136,-0.5137544467734023,0.1211763850150027,-0.4595050148731214,0.1066724479932072,-0.4097750833519155,0.0992705906282435,-0.3825900929880033,0.106179878954992,-0.3198480668832449,0.1273187253984622,-0.2770594114492708,0.1423293564350579,343,0,9,1,1,2,1.0,1,1,2,1,0
89.24654675429494,20.08821105745824,1.0,0.0,0.0614922659171129,0.0285353713976789,0.3814998115086592,0.1801429569623049,-0.2015473248049348,4.740880843332718,0.158897183367506,0.1446688280530882,0.0713755456938775,0.0301518553909784,-0.3748822902801799,0.0628458213213648,1.102646063645797,0.4579773299304102,0.8195984588954226,0.1253719401979301,0.0,0.0,-8.45697338406549,1.2506636561050146,2.8901568883062376,0.6472061356764707,-0.3023831022035743,0.6263584184106958,0.6070481965579154,0.4887706334348149,-0.05718819794841,0.3030900869698562,-0.2288187131153695,0.3614946658766743,0.0357682204210769,0.27578892643073,-0.0350556329543871,0.2269095648279258,0.0090442539979476,0.2107081947245697,-0.0074965912143226,0.2040356381588426,0.0213849605317191,0.1762339512998007,0.0095724098523694,0.2072938502092863,-0.0263039154198039,0.1589442870158775,-0.0390334777195203,0.1643970996337072,0.0229450008656773,0.1462360110814672,0.0047210442049563,0.1368755621057806,-0.0489710601307091,0.1336664177654148,0.0648716123936096,0.1252497249956874,-0.0093571023933863,0.1240953205330782,-0.0059263363043007,0.1055667115028074,-0.0217956926097959,0.1025361672735782,0.0312922917711799,0.0940450728910126,-0.0435361320087097,0.089915659168681,0.0214152038871855,0.0882717382465728,-0.0160581573177781,0.0831968808915634,0.0,0.0,0.0,0.0,0.0,0.0,0.0,0.0,-0.0016130315106252,0.0149614345636187,-0.0160257394023995,0.0683822124794832,-0.1209794885314009,0.2046832070410303,-0.3079224674679189,0.4042207966456233,-0.727357636429955,0.8442402931794927,-1.3033441900255271,1.5941111838143946,-0.9142048203502824,2.304952368184789,0.1799231562127753,2.6198317307566867,1.3813384628135592,2.255406158986503,1.773000872253891,1.9451427530279437,1.8316005823844117,1.9361047763974617,1.917698225425343,1.8758454027903615,1.874871966369192,1.9274124581844416,1.8598191529805144,1.9457064592993485,1.9402654903931744,1.8390867303749652,1.940076506532226,1.8481793077120217,1.9878450096146896,1.7804233998972845,1.948224621987778,1.8233166050311032,1.5081260659794766,2.2609144275474424,-0.2388439534186556,2.8298061173094045,1.5144882505160842,2.369294357810736,-0.8635730642559899,0.5940801734383527,-1.15245683223798,0.4151921718758697,-0.4265250056706791,0.2441141640907147,-0.538029602235674,0.1945688908498444,-0.5398232836909951,0.1515010332819382,-0.3830827228364948,0.189076208807143,-0.4507654464591261,0.138250868141081,-0.4061520660833691,0.1219429625497797,-0.3751710400574657,0.117137841713631,-0.3680113925709674,0.0971787131436282,-0.3421946533663784,0.094729647532245,-0.3018611379979015,0.098946145400278,344,1,11,1,1,1,3.0,3,1,0,1,1
224.9733644859813,48.24256614631819,1.0,0.0,0.0937068764202576,0.0449498329297047,0.4002054213239959,0.1469327895417021,3.823612575308003,6.050585273109362,0.2408506742083455,0.1616300099703332,0.0928496397943167,0.0357466021740352,-0.2573418139852488,0.0954720607489258,1.3107635332154586,0.4207646648576194,0.7031199646375347,0.1362371043300432,0.0,0.0,-8.584510431927255,1.352340099720059,2.306797004201061,0.655427480597146,-0.0253656934613791,0.6132098701205185,0.2193951193258676,0.4760274291204661,-0.2759610660398181,0.3645075630031678,-0.0658239046395908,0.3326341857008142,-0.0991344717881232,0.248862328300112,-0.0460972970545163,0.2457860413061067,0.026549081124789,0.2202826343432014,0.0980340647500353,0.1762660247438501,-0.0556910879276888,0.1775847843935025,0.0648445298893862,0.1499794193697254,-0.0750275073104875,0.1421948204103421,0.0981016708616014,0.1495481999311549,-0.115381248999197,0.1479534801345896,0.0760409013096539,0.1250791759956746,-0.0335748187257716,0.1042162754841527,0.0054479925884996,0.0965165259587235,0.0243152107375574,0.0920161550254016,-0.0327031071997941,0.0922435304494815,0.0187730735325683,0.0873080392631153,-0.0010514557453694,0.0821188533326061,-0.0016396514917522,0.0803953588035989,-0.000179639036787,0.0753247968918952,-0.007242519484539,0.0713525540551297,0.0,0.0,0.0,0.0,0.0,0.0,0.0,0.0,0.0,0.0,0.0,0.0,0.0,0.0,6.84402790805759e-05,0.001230953970671,0.0005363968580338,0.0103895066558433,-0.0011617655581464,0.0282811788886062,-0.0895383052584526,0.1700212784184601,-0.37538464390427,0.6487708267570348,-0.800069480661354,1.680233299147768,0.311384404012301,2.3814997907541997,1.5272713307845414,1.8479967578952752,1.9354856653043695,1.4966103916290243,1.9563984150596112,1.473152611164121,2.042670175628189,1.16789363817319,2.101002674856024,0.9860717489394808,2.0556673780901744,0.9931740324516094,2.0623083048140947,0.9435778195230584,2.026475859354332,0.9580710429021276,2.041725891934327,0.9728847532288007,1.992402580770396,1.0498005830228263,1.9037982794526396,1.0268778236427982,-1.1815774520586009,0.6477754552586065,-1.700394934150038,0.3320745503067125,-1.1097239758929025,0.3453754602761012,-1.1189738061631729,0.2162778098603112,-0.8240596270346048,0.2337042492610437,-0.6884800652535742,0.1748512903429296,-0.5113613427910583,0.1995105805744138,-0.3028657988352184,0.2247330641573485,-0.2058262829983329,0.2109303108142837,-0.0405960065648921,0.2081997864422047,0.0471427756576729,0.1886246963363127,0.0825432047399848,0.1617939068066249,345,1,15,0,2,3,1.0,2,3,3,1,0
186.88480221356835,52.77011568071208,1.0,0.0,0.1319650714568989,0.0604832521685035,0.4729815439045193,0.1927504545109882,4.434844237743369,6.647517404507458,0.3515376176940766,0.1851091272072657,0.1197071036635581,0.0264515121240938,-0.3624786049395368,0.0763506083561182,1.6398788348022135,0.4918229331771093,0.6170457384709982,0.1200520401663286,0.0,0.0,-9.605969032588645,1.0436336410415443,2.504146131840541,0.6804220610501374,0.230618430672974,0.5656472005946216,0.3102993842619799,0.3956205664495381,-0.079029156731902,0.3056909366210068,-0.0374368097000614,0.3236981041624402,-0.0877340308988788,0.2793642768021238,-0.0645175627543554,0.2388447098573407,0.0573946382088604,0.2084181119771911,-0.0385596539570998,0.1753154160097971,-0.117668619160664,0.2257962231436658,0.0491561936073949,0.152783217651977,0.0028186068795552,0.1438237422917058,0.0182854139443137,0.1218617340625771,-0.0148231639268507,0.1339437176592034,0.060733326228615,0.1217063079508682,-0.0250940762172842,0.1040284336138415,-0.0190794145564209,0.0999894284670009,0.0063597468064972,0.0983698762869138,0.0229240230338671,0.0968069262386168,-0.036758110289549,0.094789870851961,0.0361765684398196,0.090105024059924,-0.0089363641887991,0.084465861664664,0.003514499751776,0.0768398911398015,0.0150211186285984,0.0715383775991331,0.0,0.0,0.0,0.0,0.0,0.0,0.0,0.0,0.0,0.0,0.0,0.0,0.0021533031709166,0.0079951323447583,0.0172933650738202,0.0494850896715847,0.0449430143603483,0.1300176586367723,0.0920083470407056,0.3472191272072992,0.0127505663776253,0.5732784208826355,0.2432159374223611,1.1007913869195998,1.1684130606193892,1.2796094571549497,1.4051039107519776,1.3902431471805323,1.458835204960998,1.3281026260525226,1.3439417560219309,1.1627272682759653,1.369476139132814,1.1726675113156135,1.470023096676983,1.0916613364139554,1.4292759763322402,1.05623906848721,1.4279081775345768,1.041445473432652,1.4589552369862675,1.0226592348729682,1.4550013029228737,1.0654724281862518,1.4901781349510148,1.0494473995464433,1.3299161332957574,1.2124897619979833,1.223949455179545,1.6160661189291397,-0.6365935722516909,0.410804672434322,-1.4518698698503791,0.3758490057040218,-1.009128051867186,0.3265448976770464,-0.9790054075466283,0.2407628807591238,-0.8209076448862472,0.1839072538400022,-0.6991329492539455,0.1290762699375932,-0.5682041905052265,0.1363458199288166,-0.4376252386674401,0.1602243124042444,-0.3635495367761262,0.1780436159262166,-0.2370746244372617,0.202915678087253,-0.1683290945346202,0.2052581028036759,-0.0959549817559727,0.199031603256614,346,1,23,0,2,3,3.0,3,3,3,3,3
142.6008440845457,50.14827000948201,1.0,0.0,0.1112669209854234,0.0634832862197862,0.3473799454083928,0.1740743692249504,5.720712213897099,7.70017980799741,0.2562735951184944,0.1622754725051653,0.105745140729138,0.0250648080351532,-0.3989119750205874,0.061450416963019,1.664993272028548,0.5215073232521148,0.6540498950041175,0.1486250706563745,0.0,0.0,-10.354525953884162,1.0900970215932444,2.553040312146582,0.8271385108416928,0.1569443472944002,0.5587797305044422,0.4502127302779302,0.371838505810759,0.1039820694317869,0.2505869856579213,-0.0476466215489294,0.278126062615077,0.020537171136975,0.2339767900482021,0.0080813759233118,0.1764357732809571,-0.0188399430428904,0.1693291120810904,0.0894235854332116,0.1626815798940436,0.0570207775838663,0.1432575904960609,0.0496160594403307,0.1275218992420158,-0.0542860010270381,0.140223045351913,0.0403831078026557,0.1269058444649757,-0.0011336518397611,0.1060133308034167,-0.0171726366364946,0.1027181951169931,-0.0198123671322399,0.0971194579729413,0.0326516475019558,0.0963174091007946,0.002263121882384,0.092093392683826,-0.0161735192014617,0.0859485985471922,-0.0141429981332418,0.0790561402003997,-0.0090275603938923,0.0783553479698157,-0.0216638410692698,0.0741977208781607,-0.0075119266746843,0.0687806743795121,0.0097104951365152,0.0661747356049748,0.0,0.0,0.0,0.0,0.0,0.0,0.0,0.0,-0.0001444073690914,0.0020797779047522,-0.0009551295703291,0.0132071867440805,-0.0015160725326395,0.0290541673916692,-0.015620446605096,0.1077573136648555,-0.0861272111529851,0.3029768336167213,-0.3224243032991902,1.008123641495402,0.1700650949848339,1.637530252693778,0.6686536263317321,1.1507007925676345,0.8687783811769145,1.365276417489587,1.0050345057164425,1.5496934704994534,1.117665839429728,1.3821818847454173,1.0419923281642878,1.507445278740742,1.1835130201262694,1.3431795542656535,1.0801808108748283,1.3003056910448196,1.1335914100768598,1.3101857138010715,1.0786369506481608,1.3470450794008393,1.0029597752334614,1.3596034416148883,0.8954621252189129,1.428271509455037,0.3999753085642328,1.6787019710899145,0.3174700755496843,2.0377136475585886,0.6162532370861927,2.00086473204861,-0.5003036115614191,0.3684135618131026,-1.3057981992863024,0.3348792707757767,-0.8539706870436453,0.3628127305597629,-0.8254951023881417,0.2672149632751701,-0.7538507983461432,0.2104870238974626,-0.5935785342814988,0.2195436962917663,-0.5488585247735382,0.1310623737937797,-0.480405865413121,0.1028781199596047,-0.3829642770402141,0.1244602348275272,-0.3242668754461981,0.1498768019077146,-0.2874944480433022,0.1865531776488702,-0.2302268987626269,0.2046288766094667,347,1,16,1,3,3,2.0,2,2,1,2,1
203.0015040052313,48.47180407524743,1.0,0.0,0.0966695404208599,0.0521151884057161,0.3789193836283505,0.1731942767687005,3.882876364180448,6.354065893555969,0.2653965078223672,0.1798346482048637,0.100895598571195,0.0339238841453484,-0.3459904152852706,0.0665584620435572,1.42000186594736,0.4998555310751661,0.6563016763119176,0.1410479991559228,0.0,0.0,-9.596508497629555,1.2988143302446196,2.4383639439319276,0.7543363989653138,0.1991814890190943,0.5307201654500266,0.3565045583667483,0.3472003713261581,-0.1337955228034494,0.3032108656593967,-0.0502079543242373,0.2733401709304836,-0.1417902296551577,0.2373210761540625,-0.019621818028151,0.1975988509926127,-0.0392752243059735,0.1952178574103935,0.0847150926471603,0.1665907296294483,-0.0255048454129475,0.1604948953027035,-0.0133912491964001,0.1517768654898292,0.0172374895353245,0.1375012975982002,0.0358131348032041,0.1266873523818485,-0.023897002920255,0.1137773083337075,-0.008672804226938,0.102314897197526,0.0083182457902076,0.1043256410974196,0.0157580240179666,0.0961203509277233,-0.0261215534885859,0.0988434653583861,0.0187788845157593,0.0969209936339067,-0.003192408260098,0.0859943875473271,-0.0011140818538074,0.0791007588587934,0.0038963486068399,0.0749075463970221,-0.0006971592774235,0.0731075633779932,-0.0045630808678273,0.0683287431785342,0.0,0.0,0.0,0.0,0.0,0.0,0.0,0.0,0.0,0.0,0.0,0.0,1.1853064914173617e-05,0.0002615784503354,0.000116379600714,0.0129645837261175,-0.0008933334403379,0.0374780084800177,-0.0181671679078221,0.0976856384598666,-0.1073433435603275,0.303989318024649,-0.2782014770888311,1.0048422759327356,0.0305466520051986,2.0118725741692076,0.8422258405898643,2.0172054616707165,1.508082346398071,1.63331358021048,1.5118769468680726,1.5784850798299772,1.4933814448245872,1.5494608736686273,1.5480181753791074,1.4132978972632677,1.5264218621327448,1.4259642611723913,1.5674923582849107,1.3609767796276802,1.5640070603861371,1.3565222117402536,1.4906392095004086,1.4444597862704531,1.4844133874925616,1.4932963531853995,1.4546082388746118,1.5555626653458825,1.2781011086339709,1.7098009191603925,-0.8231515704986104,0.5449107065643133,-1.578992716625797,0.367897039192591,-1.0615276195847636,0.3457272129844072,-1.0306427196665031,0.2235720167199841,-0.8500162143567108,0.1902071263117825,-0.7205804467712931,0.133993318999964,-0.5591759806300474,0.1491049383744716,-0.4160572935913029,0.175153118033058,-0.290943479616544,0.1939667661389418,-0.1718578197499427,0.2074002393726353,-0.0990432041549746,0.1972874412889395,-0.0112265410904364,0.1820121759857589,348,1,20,0,3,3,3.0,2,3,3,2,1
182.06920531449043,40.4370308146957,1.0,0.0,0.0793962915973387,0.055523963020217,0.3328396489737062,0.1952320908703033,3.4344435912932645,5.431921785369343,0.3637189304513087,0.3509473509682237,0.1153714014460589,0.034647198325076,-0.3647946272118829,0.0646306564046071,1.3712580334394904,0.4257433025285778,0.6994607280055732,0.1411940238776199,0.0,0.0,-9.900543807225318,0.9524102813314924,2.4806732947325343,0.6510044190338194,0.1325037951754819,0.5159548257125697,0.1944342102816321,0.3861642371268757,-0.0598219168243531,0.267418095026581,-0.0811110515330436,0.2937179094283462,-0.1382666447177622,0.2174970710279322,0.0916890281696108,0.1976689913254251,-0.1087884472298218,0.2130287198864891,0.1555844160529806,0.1728121824105226,-0.0544165778878632,0.1749446274508749,0.0158974104471238,0.1478373457450497,-0.0500925104501903,0.1250476025849387,0.0458622927704667,0.118547108902761,0.0163754809546153,0.1117904602613615,-0.0505252442883434,0.1150495720347178,0.0038090011599895,0.1024241465368977,0.0329711106191351,0.0957260606400187,-0.0214712914438669,0.0923489073343786,-0.0036448197371168,0.0903773945560253,0.017755537516237,0.0847906844265564,-0.0068935953188296,0.079995937567273,-0.0137806978775204,0.0775149338145717,0.0258545150655802,0.0702547106354297,-0.0142110433094197,0.0641845291131587,0.0,0.0,0.0,0.0,0.0,0.0,0.0,0.0,0.0,0.0,0.0,0.0,-8.38412876990446e-05,0.0028240982333474,-0.0005893324642406,0.0099585746065876,-0.002164149716805,0.0260694839120555,-0.0361206043996127,0.1339321379934403,-0.1843614242378558,0.5891958466336528,-0.4553155425915381,1.7075469321533852,0.218557204369999,2.388000438864916,1.387035387593551,1.9970284495246,1.9007886347031748,1.398699213049128,1.876409633462878,1.2763724379221937,1.8336392104941284,1.1859330680894655,1.860017973755225,1.078238503725331,1.851048091998408,1.0535462186194624,1.8733801474659135,1.0950762098101086,1.82021239341038,1.145596984126344,1.7485288301214172,1.2909525464591258,1.691153081084544,1.2622793945024064,1.3519508665919338,1.5475214571012372,1.0510115618297171,1.780865914066506,-0.8084256935357783,0.4922524524404891,-1.5908287358180733,0.3571538694508885,-0.9862504542471138,0.3238116492946676,-0.9703786636644108,0.224768456027373,-0.8125713527289012,0.1895682437268096,-0.6704001507066082,0.1600669551292526,-0.587866419500398,0.1341721881376025,-0.4642849331745123,0.1473394210482606,-0.3254918308643262,0.167479044419159,-0.2572824708693023,0.1809645880110658,-0.1400080574443173,0.1804509715726089,-0.0774439566043541,0.1670579329364069,350,1,11,0,1,2,2.0,1,2,2,0,1
202.40971283239972,38.85768965989684,1.0,0.0,0.1267095943400553,0.0560943731810457,0.3465377170429753,0.1288322720150562,7.465736787140751,6.630457647759894,0.2235740486030519,0.1649349830868439,0.1106554864109522,0.0248793985547127,-0.3405446834717661,0.0707024456220726,1.4082037724550895,0.4297146318826711,0.7025912162771232,0.1367784845664333,0.0,0.0,-8.977176694997102,1.1616022137206388,2.4584501629064452,0.6236062038472396,0.120574018780761,0.5749190093577533,0.5594993178299562,0.4500555574409311,-0.1761165719995815,0.4104895846702688,0.1493057991937522,0.2993996606735186,-0.180093773567552,0.2455521375046832,0.13188228701271,0.2397788760807171,-0.080492986068286,0.1998780510719884,0.003177684605724,0.1692677911156214,0.0111643950361895,0.1663034583524873,-0.0623704674617861,0.165541773095517,0.0013755967647286,0.1375455632271456,0.0203320192531002,0.1339673686946996,0.0050159500257871,0.1340305890897525,-0.0138915259914042,0.1216479427092894,0.0166290933962864,0.1162308239451774,0.0030637422668598,0.1140113497987249,-0.0260228652345566,0.099859534165446,0.0309099506064322,0.0912282438952224,-0.0210480969289517,0.0896738793405782,0.0143030846807211,0.085724310414082,-0.0117188432655559,0.0800119750427499,0.0115169010798132,0.0727328192630929,-0.009119433720602,0.0686443761732308,0.0,0.0,0.0,0.0,0.0,0.0,0.0,0.0,0.0,0.0,0.0,0.0,0.0,0.0,-0.0002854590103729,0.0040132815140584,-0.0020141402541703,0.0186337686413781,-0.0188310142973491,0.0572001391667344,-0.2305933530839707,0.2466077214932597,-0.7439721571141266,0.7650688739643434,-1.3277512734307513,1.5212692340810137,-0.0376616476588757,2.4051227909305317,1.5330309418310153,1.611190823171195,1.5646208964319746,1.2650275281155825,1.666435887261284,1.1528553099727146,1.829417599786234,1.2228711223725457,1.6629433348174618,1.189583240537747,1.713626664174554,1.1694604544788756,1.75050982427693,1.1683145645564963,1.6944464672043011,1.2357573896146783,1.681667823344923,1.3192110852133618,1.5205229354758223,1.2181538308191855,1.1756253913215506,1.8559959912653217,-1.102615760479042,0.6318197151305488,-1.7305728243512974,0.3911710466997193,-1.0185122246474791,0.3366814739688614,-1.0967188889962012,0.213634272050932,-0.7979880466512137,0.2427631338603613,-0.7034106497199151,0.1767758021561906,-0.4735382328491404,0.1974327512811711,-0.376195001254652,0.1871744848560186,-0.2056853079492885,0.1941042178029378,-0.0827278579406252,0.1962475282228065,-0.0574516965003509,0.1748437865005791,0.070032578100734,0.1545089840935804,351,1,14,0,2,2,1.0,2,3,3,1,0
199.04502648616833,45.74542260942691,1.0,0.0,0.0745663853276357,0.0539725119387321,0.3032488444593197,0.1492308785001692,6.461784912765219,6.075566820878986,0.3030576517526099,0.3128520038309417,0.1185791590916638,0.0397009624671326,-0.3280775100957219,0.0776834968164772,1.3828018856293174,0.6122330381900326,0.6627190805737122,0.1574784182611287,0.0,0.0,-8.865591276602336,1.1424297186461656,2.6449351690468075,0.6741826857500993,0.0119267263420835,0.633067560529037,0.4020222898715281,0.4359084554761494,-0.1489643327637619,0.3278608913256204,-0.077220602248815,0.2986691683910674,-0.0130808588021096,0.2406466828658153,-0.0466945834019702,0.2075834357233952,0.0404436041702549,0.2036835019317353,0.0408947437523156,0.1571257192899302,-0.077913643690183,0.1743740235274108,0.0355103022768098,0.1404712825553034,-0.0759401680625321,0.1518364015468128,0.1216870826232427,0.1459774436223472,-0.1499698210109661,0.1399743207757904,0.0598791246252098,0.1261325838253278,0.02667770747523,0.0991288470401934,-0.0298080994300182,0.0934456681513737,0.0225004541985471,0.0964541406229922,-0.0004569168543756,0.0865796271621968,-0.0064444459293175,0.0759751014825504,0.0263018735537607,0.0755736395029497,-0.0093469151299402,0.070126802724952,0.0047196400051888,0.067738096780792,-0.0221878192503608,0.0631842724530154,0.0,0.0,0.0,0.0,0.0,0.0,0.0,0.0,0.0,0.0,0.0,0.0,0.0,0.0,0.0013783425596366,0.0202977440872255,0.0036902745048688,0.0674704157333039,0.0021143672968495,0.2292903741786772,-0.1430314937817886,0.3597679362700328,-0.4033917075055295,0.7129970134015874,-0.7786222152470493,1.6534747202065996,0.3044954340409219,2.1090167605115457,0.8678784971017007,1.9807410304101103,1.018557471198228,2.0324792184948786,1.191602871815309,1.857034881426881,1.2516282358080604,1.7351867018177054,1.234635115300796,1.7296531374117503,1.1905397839047738,1.691628402069474,1.221824455310213,1.6900175743751364,1.2344522891586382,1.6880383305955895,1.2715284353632166,1.6445273002352758,1.0563384025646665,1.8104791938936216,1.1107840367315138,1.7510818946283,-1.0486179118057062,0.6566939269517303,-1.6029392289582107,0.4175701559027064,-0.9476517023171523,0.3517002070839164,-1.0307453607385149,0.2209199361195143,-0.7613723722468324,0.2237134679123925,-0.6286411724655371,0.1809434033299905,-0.5721151911341037,0.1502507003458393,-0.3385371809180942,0.2074923337102871,-0.2840975751313775,0.2005013743987189,-0.1517923156140763,0.2233797559004767,-0.0651642925764071,0.2196733404216965,-0.0454185071428084,0.2069434666953572,352,1,10,0,1,1,2.0,2,2,1,1,0
190.92291250624064,42.3971821792439,1.0,0.0,0.0637946638951082,0.0458692752627912,0.280554759041441,0.1405983063374591,6.0002551166325935,6.4015338383648395,0.301987732119009,0.3266319854455751,0.1074549919930728,0.0424144300171672,-0.3187617726535197,0.0795457943042464,1.395607097790814,0.6463424698570204,0.6654986133300049,0.1602969412109505,0.0,0.0,-8.713927461932101,1.2227684366388591,2.691950782997379,0.6592679177696726,-0.250508911029487,0.6788328589809528,0.482993744382335,0.4192801884598757,-0.2596201124552234,0.3878849429288277,0.0191253866590114,0.3294398774899589,0.0350879482306633,0.2481112116966739,-0.1316441889851753,0.2446957511950696,0.1878328979375624,0.2435804115617313,-0.0569440827883144,0.1895223993844604,-0.0324837328287818,0.1963126067716027,-0.0187897054650836,0.1563181175272153,-0.0542685312613454,0.1449979382999701,0.0952797725130086,0.1439347725946912,-0.0915506167034448,0.1444138584624312,0.0368466871586058,0.1283725930667033,-0.0057436151355841,0.1047012323320145,0.0104311862125062,0.0930001485509929,-0.0171215566606122,0.0979099103634406,0.0405984780076572,0.0927301671226837,-0.0527155865127371,0.0873790751283697,0.043488892913461,0.0895549712621746,-0.0150773869115451,0.0786602039086755,-0.0087015462729468,0.0722147056207698,0.0116940879276273,0.067907391717257,0.0,0.0,0.0,0.0,0.0,0.0,0.0,0.0,0.0,0.0,0.0,0.0,5.059589247962432e-06,0.0014405881431714,-0.000194322022963,0.0127396867854513,-0.002454607966172,0.0375432226045162,-0.0248793602324531,0.1380782567707169,-0.1403106055782582,0.5035764890658488,-0.4059905265866388,1.259015788966446,-0.6765282031124688,1.7792443915182448,-0.2539040112247566,2.1727140662144135,0.7893006764271718,2.0930228227218053,0.9680115062712182,2.0037462520694236,1.0450113784451447,1.9437620838067415,1.157883469920432,1.8353832030196904,1.214361858298178,1.7653563224729862,1.1963402443718798,1.76584531844774,1.2260999819008986,1.776175316794973,1.2586364051452197,1.7534970168849595,1.246971322414129,1.7520530745849232,0.997674900175362,1.86857476257767,0.7202959491650026,1.9790639529177276,-1.2194341455288944,0.7114466927531661,-1.6936810762918124,0.3830679760377506,-0.8662689457872567,0.4251081285432594,-1.094087213741887,0.1953675835433044,-0.7232871680785072,0.2673423910130978,-0.6448567322884423,0.1851247414547682,-0.5358919814072641,0.1653014772914516,-0.3232649848572765,0.2124709201676171,-0.3185185695207501,0.1909282272923241,-0.1042622846733025,0.2035939650509284,-0.0869941347861021,0.1946150581042606,0.0037080585918278,0.1699750682814143,353,1,11,0,1,2,1.0,1,1,2,3,0
146.3012854283005,32.870296649585335,1.0,0.0,0.1353630639851157,0.0652166171629326,0.3843551798376005,0.1685423419887469,5.8812793799919225,6.036689026880932,0.2431270280711902,0.1440523125049203,0.1261294335086221,0.0275192562850231,-0.4602491222210514,0.0710197448508293,1.4854078073964807,0.7070139227460355,0.6516618227794754,0.1311058692449907,0.0,0.0,-9.6266901169529,0.9971021173909828,2.8590687943876656,0.7113735358123119,0.3822718886887578,0.3707985320137478,0.4071196937445299,0.3422703733551292,0.1006082139153478,0.2637339712078083,0.1636799190501527,0.27435159248807,-0.2827090750299933,0.2440744623105979,0.1306611101161029,0.1900014965377333,-0.029718974945312,0.1589710165925702,0.0696758582332174,0.1812204912856446,-0.0681980160839391,0.1373145580904825,0.017858335539195,0.1558151944811795,-0.0260898205596134,0.1128071074616253,-0.0438417677486984,0.1167990954260914,0.0093233595323956,0.1130480701895268,-0.0097557329788079,0.1064562062425222,-0.0243060056734695,0.1000220371974674,0.0228479493620784,0.1008853587330094,-0.0132424263216275,0.0989207561323159,0.0159833147899413,0.0943141575254157,-0.0149084897494763,0.0846861205021555,0.0161906953807361,0.0785613070370918,-0.0085454893077817,0.0766724540316421,0.0243173497733853,0.072914609466092,-0.024366586383314,0.0691396794158337,0.0,0.0,0.0,0.0,0.0,0.0,0.0,0.0,0.0,0.0,7.757860528570926e-05,0.0023478651595318,0.0001369676261219,0.0066041372195771,0.0002133730712978,0.0113884688128855,-0.0053854846943669,0.0487330442539236,-0.0567688889258364,0.2824847327839561,-0.1992623974444385,1.1920153878578,0.5928416309690583,1.7035894618095553,0.4193387241026587,1.552156312425781,0.0237936937422469,1.5937002041702326,0.162201989086503,1.5697983690833088,0.2381712450816563,1.584092626081245,0.4738007319284936,1.554307605135208,0.4400666398515434,1.5081312458473857,0.4283718486896358,1.5082682950987167,0.4740572724152707,1.5080719823545097,0.510801218835388,1.495348010224084,0.6062362691574474,1.4971311723388472,0.5393886537313419,1.5334096792527363,0.735097381433674,1.6593163581568249,0.9092842890622694,1.7184497038122069,-0.6497704125698031,0.3778914498082165,-1.473507867628982,0.3593090728645722,-1.0440278083096266,0.1961025570488964,-0.8348793534225406,0.2101909008914709,-0.6735970882695886,0.2220157816295232,-0.6348631085414251,0.1539021954999037,-0.5537027156358656,0.1347257249456299,-0.480131428385488,0.1304164970984632,-0.3990261452964212,0.1234129646514894,-0.3466175454510589,0.1394534047201494,-0.2435665238346117,0.1449233710279024,-0.1955794735710427,0.1434606752899517,355,1,10,1,1,3,0.0,0,3,3,0,0
117.77489567384193,30.42018926384513,1.0,0.0,0.1043859211738956,0.0571181947393864,0.3509530486431865,0.1717851347712339,3.976572358779699,6.071788127190186,0.2155443683756041,0.1432222780421123,0.1089400829888618,0.0307142910706364,-0.4191367216968387,0.0617077604774921,1.4752563616440002,0.654686911643104,0.6694952793539284,0.1680197194735191,0.0,0.0,-9.707584727851334,1.0025581703749766,2.541023342763428,0.6913701801046791,0.4148051627017743,0.4663548095008278,0.4051457688953436,0.370956326561306,0.0562953719224654,0.2692442342856799,0.0115584571801915,0.27899201152935,-0.0004094073853102,0.230681908837205,-0.0119340958898646,0.1975098837145958,0.0659028412133357,0.2063252890870464,0.127994928454919,0.1717797054384802,-0.1470620696122189,0.1844162154450275,0.102346699089036,0.1623542931578862,-0.1301740949700261,0.16423550548549,0.1045624280954066,0.135765146635602,-0.1065094672039088,0.1308450951796027,-0.0181133856751628,0.1278527489812339,0.0001966818654387,0.1272996459659479,0.0278771006338617,0.1152917096366982,0.0023446904316449,0.1075771938575041,0.0008938050469452,0.1071197197808998,0.0087776981563841,0.1067609114518576,-0.0291581059400642,0.0990128951304002,0.0177313044214866,0.0862633420231615,-0.0020048367162808,0.0870888777383729,-0.0278103117077066,0.0801603284961416,0.0,0.0,0.0,0.0,0.0,0.0,0.0,0.0,0.000205061590402,0.0040667435057867,0.0009101942862194,0.015627208522819,0.0009755286488084,0.0305191487339384,-0.0132053214918769,0.0831465535416395,-0.0821255823019754,0.2634852165838003,-0.3078171729802006,0.8572310441906755,-0.2158582780913386,1.6844687447771778,0.4391378594031642,1.6868785308554914,0.7698819489558378,1.6336019282887646,0.7971968637829114,1.6099534682128125,0.7752601128079497,1.5979497687022093,0.7623911795532738,1.621506638766978,0.6979668125932931,1.6439579750659088,0.7425830807115195,1.61351657859497,0.7382691632327598,1.605236009858413,0.7868422455462487,1.6071847619488329,0.8209928006992705,1.5910213775596065,0.8467781602599899,1.6221676885966112,0.8158034314770783,1.607878386143764,0.8343515717745955,1.6618090521952595,0.8268349218052179,1.6477662775138382,-0.6154838845497913,0.439200899134773,-1.2122008997868443,0.3531691241827462,-0.760167682597196,0.2524847628544341,-0.7290481294545018,0.2001193076994365,-0.6008493687669999,0.1949487970121995,-0.5694997441562341,0.1543396648696407,-0.5308656082758414,0.1250322670901372,-0.4557419407844726,0.113547363106396,-0.4575009763427302,0.0914842811516027,-0.3706245917866042,0.109483282851638,-0.3312285372202708,0.114630576995541,-0.3029516594791798,0.1295555480254323,356,1,10,1,1,1,1.0,1,1,2,1,2
134.43800925925925,39.29419814068139,1.0,0.0,0.0730603413311974,0.0419299064640611,0.2728883468584667,0.1362426969730712,0.2261581333116666,5.866853851406323,0.1893639055004722,0.1819097616683279,0.0822182816055555,0.0325768752531664,-0.3841781488888888,0.0582136334386309,1.2363147907407408,0.5283549357417348,0.6883903166666667,0.1508760197827582,0.0,0.0,-9.485519796296296,1.3227875430034624,2.530320198037037,0.6695047343299297,0.0739911961645648,0.5398290237893044,0.4476080830796296,0.3753432623374007,-0.0153155501452777,0.2938521268143371,0.0622978866729722,0.3149451118935096,-0.2282005911916666,0.2829983367005876,0.1222854029956481,0.2015373965274164,-0.1050052930385185,0.2110868842263066,0.0294280596685185,0.179102021754463,0.0284252122595,0.1553632287137984,-0.1000671994969444,0.2019677912846971,0.0089478202126851,0.142216482808775,-0.016981593515,0.1449255380160922,-0.0018865943609629,0.1323406811235054,-0.0086396804232249,0.1215713671225324,-0.0461751883883333,0.1181054127151404,0.0737683118788888,0.1175388097983144,-0.0406529191167888,0.12120504053238,0.03324757857,0.1008397346874383,-0.0003764914551851,0.0941242503185298,-0.0035444079694444,0.0933529402943267,0.0059977770352592,0.0900915340440035,0.0116899588726203,0.0845845726764969,-0.0103870157173333,0.082485788419009,0.0,0.0,0.0,0.0,0.0,0.0,0.0,0.0,0.0015449619659324,0.0101349815449674,0.006655152357912,0.0516520340815166,0.0101234424581944,0.0921712385987058,-0.0062944577858714,0.1363440742151014,-0.1394065343210463,0.2027796976023244,-0.4286424723126759,0.4044691038109518,-0.9824704242964816,0.8824237722110543,-0.7985442232041667,1.9584848795588687,0.7896585060092591,2.3213693769584625,0.7478980563888888,2.4310096402802777,1.0540344197472222,2.295818459908977,1.0087199888469445,2.3053983631971007,1.0932933964351852,2.294419048086061,1.3270004842231482,2.1388817391151687,1.3524543309037038,2.1094925889760923,1.3969071815620369,2.0732622047237212,1.4011986011944446,2.045432088270327,1.2942912417592594,2.1004348185463964,1.1250845888166667,2.1559020319870705,-0.2347387410527777,2.1845749364411136,-0.4370158904051851,2.1260851858919163,-0.6568109169967592,0.5746199861213098,-1.2731496351851854,0.4203172715273928,-0.752625788650926,0.3621745826379389,-0.805515824074074,0.230764833302248,-0.6779052660185185,0.2206505197937386,-0.5869084395694445,0.187207443111871,-0.5454630656481481,0.1318567584788877,-0.459282036574074,0.1189158679195706,-0.3910868072425926,0.1129130740669258,-0.3428787349837037,0.1206826700825469,-0.2703414216244444,0.1360990277501748,-0.2150833286805555,0.1484916185463117,357,0,7,1,1,0,3.0,1,2,0,0,0
139.80675896194137,41.68036084427453,1.0,0.0,0.0776894544779386,0.0462666639027503,0.2860379698855083,0.1503188372510532,1.0748367980833815,6.408530949137424,0.2265164159671474,0.1868452954193291,0.1050436050423751,0.0347242434985395,-0.3875458383955361,0.0621329917518653,1.3803344106964257,0.6617620447544108,0.601318347633837,0.1305603257564706,0.0,0.0,-10.01360988577144,1.11818874407567,2.4790137013844293,0.6763453464966761,0.2190360385508238,0.5093990619823409,0.313047501629152,0.4059364409695375,-0.0033651709797862,0.2635930123166155,-0.0839544727421698,0.272369893229723,-0.0789219303448965,0.2262151845578568,0.0916605653009422,0.1914103691692285,-0.0597262165020371,0.1912297812957458,0.0818099059497289,0.1909235795755308,-0.0457440108195504,0.1613365762958944,-0.0163743146985313,0.1966111423628658,-0.0250981133849844,0.1323563248468342,0.0079476952801126,0.135123523625307,-0.0518844395732326,0.1298985511031441,0.041120896102753,0.1358894051244286,-0.072283938571685,0.1182172324594128,0.0575406061672685,0.1197753079395346,-0.0332189961171763,0.1120067654440176,0.0251166408455545,0.1014098996186569,0.0168021046152024,0.0985022911817575,-0.002158589991446,0.0984063009315149,0.0186582495951834,0.0920679391124656,0.0001320183588092,0.0817891374142898,0.0123291363076358,0.0803680291488767,0.0,0.0,0.0,0.0,0.0,0.0,0.0,0.0,0.0005766286263094,0.0060591790185845,0.0022447394275595,0.0223634371938531,0.0026704082649909,0.0439552162334496,-0.005843098561117,0.0806177974102419,-0.0550286479798705,0.1980660021505632,-0.1612006848032952,0.4856362496109783,-0.3668005500771701,1.004929437644058,-0.3113749439825236,1.5804988732580136,0.6046713831189136,1.771926983712028,0.4915861785371375,1.975715974582936,0.5695382609055114,1.9850048938993223,0.2316148750086855,2.0516045950661828,0.4373463177975469,2.0212170125978526,0.5193624612680423,1.9768751610583328,0.5406730063218403,1.9701066759732824,0.5150402010960677,1.9949000760378348,0.3944953886787387,1.993796016440906,0.3649928710749065,2.0130793937506684,0.3668509597217981,1.9632613489027355,0.2601475130490077,1.8885135153788024,-0.2229809388846133,1.788546214467147,-0.56744496468305,0.4121744916505829,-1.329109373585303,0.3608200081450334,-0.8897816724009053,0.3018192649524394,-0.8524007180081067,0.2265905771722784,-0.729979840922251,0.1930652759899987,-0.6327804090645893,0.1538656513715524,-0.5561951246323105,0.122773952191398,-0.480342517292204,0.1071647498583668,-0.4031788522764647,0.1162134206337621,-0.3151602873344212,0.1386947254102312,-0.2519063574899194,0.1511009789364923,-0.1894193333240511,0.1617698035479781,358,0,7,1,0,0,1.0,1,2,2,1,0
219.12196695921529,39.706272280274746,1.0,0.0,0.1390495153112287,0.0581992978126293,0.43855203014889,0.1557330204187036,7.808881442717293,6.401892550529811,0.297297485289365,0.1545027896972837,0.1229192887898812,0.0258362307062584,-0.3731588229736706,0.0657356678553254,1.719101416623645,0.4720901254011478,0.6428441652039236,0.1348059644500047,0.0,0.0,-9.231170129065566,1.1943001993084856,2.822134200123903,0.8391317952494282,0.3445119353816107,0.5229757143863383,0.3233819768924625,0.4434873073314577,-0.1211928861230769,0.3072895973367343,-0.0149628295659266,0.2781815384833428,-0.0111153299758905,0.2613389194290932,-0.0973090587710893,0.2124699377843023,0.0262908362526071,0.2021174393412272,0.0463309066896231,0.1560895747764518,-0.0478241844991739,0.1445101257803607,0.0301562171234383,0.1374963705292795,-0.0186165514207124,0.1281170234018171,0.0078339498410686,0.1256701009046658,-0.0114126397111512,0.1129722894956819,0.0001845521690604,0.1064904325379045,-0.0090259514655813,0.1005523770607691,0.0262191059411306,0.0926503450614624,-0.0136606708964945,0.0886993635195305,0.0033539451617707,0.0877396412262327,0.0031729069839943,0.0844854648707214,-0.0056545257283427,0.0761545423063421,0.0005556855381724,0.0722043267500587,0.0047216958119566,0.0712383405672709,-0.0085232167178244,0.0670299864075807,0.0,0.0,0.0,0.0,0.0,0.0,0.0,0.0,0.0,0.0,0.0,0.0,0.0,0.0,-1.0524047826019622e-05,0.000564297004599,-0.0001149486810531,0.0052439349916033,0.0006794471098395,0.0155472349623096,0.0462429045345431,0.1317266165615964,0.2232969417862674,0.5314180994545973,0.6397684450712442,1.3738474122806792,1.2234280708451215,1.263033757637791,1.2283112344148683,1.0950093953875395,1.2880140638755808,1.0917478881361145,1.3022105522896232,1.1157873536072107,1.3371295108518326,1.0810428642948011,1.2828627692811565,1.0419657091026793,1.164066096432628,1.0711065865486291,1.1216618220382548,1.0956313426201936,1.123559128549303,1.220231295386073,1.2086241068458956,1.1325246137526146,1.1176540333071243,1.199729222679032,0.8921991841729479,1.4274190626816328,-0.8456446870934434,0.4294332742945772,-1.8476235870934432,0.3841087280913914,-1.289477893133712,0.2532375100747505,-1.043414691840847,0.2519586005977993,-0.8564161354878679,0.1967241528999999,-0.7156525899432111,0.1490049492406995,-0.5171328685205472,0.1640678737154299,-0.3217538249659267,0.1807234171482117,-0.2137723348146102,0.188087514802203,-0.0684806396821373,0.1914155339861341,0.0392066710598347,0.1692494411285468,0.1137696263657511,0.1543859308352678,360,0,4,0,1,1,1.0,1,0,0,0,0
180.35022296270887,47.61137891059634,1.0,0.0,0.074774098641916,0.0496276515544871,0.3287170072210075,0.1889285685003205,4.98469924894154,6.222818881252831,0.2769766028909688,0.2376396124471898,0.1044589475376096,0.0343216702671894,-0.3869078056549223,0.0583489996951846,1.4435966104767972,0.5659734934105246,0.6170092566276277,0.1379779721977801,0.0,0.0,-9.521869500661538,1.2475061181375469,2.490526439506052,0.6443022522670313,0.2237689327279855,0.464745022611981,0.4877426796760425,0.3762922572123834,-0.137162916849189,0.3430187586032567,0.0412910425236781,0.2858381445556264,-0.0799153273886063,0.2310264113538858,-0.0162984239243514,0.1925387256216357,0.0646171398907727,0.1971838217994568,-0.0542234297173028,0.1680346746659467,0.0306570913664428,0.1717213004916119,-0.0330967007463615,0.1489706056939348,-0.0398728789210594,0.1449135858054497,0.0951362686467878,0.1524447884730679,-0.0866091443042093,0.1390970316410267,0.0325210737851227,0.112652100443878,-0.0529032879618905,0.117062973690302,0.0557877112428431,0.1160717283024459,-0.0336258934697162,0.1064470921990562,0.0270016871154652,0.0986946071770132,-0.0046658773560513,0.0944919978360015,-0.0045363005026118,0.0863094476967477,0.0257970719398294,0.0824140516268239,-0.0268858454321997,0.0821793018809713,0.0116528862084892,0.0717180089705121,0.0,0.0,0.0,0.0,0.0,0.0,0.0,0.0,0.0,0.0,0.0,0.0,0.002429502040268,0.0133892969496859,0.0058584097168253,0.0319794975577324,0.0096190280547235,0.061707635272324,0.0409103185801499,0.1707063180535723,0.1544800893486608,0.5820775722839066,0.509374848999314,1.311831801510435,0.910951911981526,1.6544778874817183,1.054329590736512,1.6722032378974458,1.0633472350732591,1.7562438311057975,0.9659114036602636,1.787544368136922,0.9475802252614296,1.7706598975418284,0.8619813838182976,1.731429308707258,0.904081838440388,1.6599556181630064,0.9359374800553732,1.6327546344860666,0.8761079775185965,1.661403170032422,0.8077456983976086,1.7279458536310217,0.80928454929975,1.7150522594388324,0.7545961614122605,1.6919783784040692,0.6498915601577888,1.7487389122508614,-0.6583630431729308,0.455494153519901,-1.4736724630273927,0.3763263415677512,-1.012443302753957,0.3243560834039819,-0.9598608904297544,0.247264928801322,-0.8039844486313519,0.2110667920071836,-0.682739613738717,0.1522704998897716,-0.5810972900279315,0.125889192062082,-0.448872057211741,0.1457396117478439,-0.3670376508723967,0.1679355770626212,-0.2279168479521732,0.1881892802207874,-0.1659677745437839,0.193591499200382,-0.1072674871844416,0.1928631535378174,362,1,20,0,2,2,3.0,3,3,3,3,1
128.87969770512865,30.942428879405483,1.0,0.0,0.1296806116928511,0.0613616329380491,0.4330505868835809,0.1754646654819283,4.122160381259824,6.402990786396878,0.2402898981490613,0.1581768903520861,0.1031886649580106,0.0221772847087819,-0.4045672846639779,0.070604717799845,1.6050369799064923,0.4542948905117238,0.7202928662693173,0.1387201002019006,0.0,0.0,-9.7312969306542,0.9532574833826,2.6929982977818625,0.6398219187414335,0.0946930764110925,0.6130359830564859,0.4823610779350512,0.410496313508252,0.0069846602539562,0.3112716433065625,-0.0773347989761054,0.2847374293869719,-0.0509395733203826,0.2595781675154557,0.0687912776966415,0.1789169782900766,0.0072326890122811,0.176056729904187,0.0516806138686766,0.1667787406840263,0.0022787422531674,0.1320741659695994,0.0618745717463917,0.1420430041864119,-0.0813046297537706,0.1407098014082419,0.035620663527133,0.1130557457031964,-0.0704022366943859,0.1180858544552749,-0.0037409516952687,0.1150432006119093,-0.030902951090783,0.0985868029200765,0.0143893659878296,0.093912525814734,0.004360412666099,0.0856635154449779,-0.0055750268722634,0.0832485178417093,0.0073090280417145,0.0862906849059457,0.014982802449759,0.0780712381083421,-0.0175895670874406,0.0722507577530812,0.0132293322891941,0.068772922107575,0.0062161281505533,0.0659468502387181,0.0,0.0,0.0,0.0,0.0,0.0,0.0,0.0,0.0001854418181489,0.0018196061583856,0.0011522141813991,0.0105992457172227,0.0020855119165154,0.0195394152049528,-0.0012577115107166,0.0347700429200748,-0.1065864296055235,0.179194430386736,-0.4923925822227692,0.719872933581344,-0.7996177107450408,2.0224192107084047,1.0440074247172455,1.8287898103430031,1.3750272542399802,1.232271905275545,1.545701548204968,0.9680720970354062,1.6892741998749954,0.936771797618102,1.7121952936650129,0.93011668643029,1.6508540864516936,0.935051630247262,1.6673566029003537,0.8655976821980982,1.653244728052928,0.92229037742757,1.683909680350833,0.894278532557926,1.64692460417895,0.9029405288020856,1.7069048795415611,0.9351157045519324,1.724812339164674,0.95905326150806,1.728370609390057,1.222989799718495,1.5875886138001,1.6631708592305192,-0.7924819519749098,0.5399571282078042,-1.3269233627181556,0.3362887641546577,-0.6802443265356007,0.3209976437410028,-0.8221821177415326,0.206398753102229,-0.6664784511040722,0.1914418836020932,-0.5679329103021343,0.1819710018236472,-0.5247000179021378,0.1417306883824793,-0.463318401104786,0.1256733623703006,-0.441626435628163,0.1179766100291256,-0.3662884772594025,0.1282453429770637,-0.3252358012374103,0.1389940765205202,-0.2586938264283522,0.1453326924548861,363,0,0,1,0,0,0.0,0,0,0,0,0
101.18283511938334,27.6115798568837,1.0,0.0,0.0798535174187442,0.0424677098280839,0.351694794349942,0.1647854662949373,1.09795813338046,5.968275610064134,0.1843900769701259,0.1646266197107624,0.0797929250686219,0.0292959921900368,-0.3904409429858369,0.0641474684912448,1.254274991853105,0.4556494049606319,0.7838261286582691,0.1335072347972413,0.0,0.0,-9.241648047878671,1.027336721200187,2.740597101779783,0.7074605821880371,0.0222298844098044,0.6037570505652757,0.4785406413637901,0.4334340030227634,-0.1106018524915528,0.3568338731604044,0.0147396754464968,0.3211676095600311,-0.0454480985607554,0.2597040545724318,0.0303493470264476,0.2028843920642984,-0.0256804022811927,0.1890572144072609,0.0850292160533371,0.1855421682777853,-0.0155546619364808,0.1607393200268028,-0.0036015144498315,0.1749410403192682,0.0212970506415522,0.1450084178501259,0.0529262012702293,0.1407992436852029,-0.0487774984722912,0.1321464247906571,0.0076532316348326,0.1266042345154878,-0.0578072988932678,0.1204181723464879,-0.0039197419887024,0.1073318030566835,-0.0491617097654211,0.1066061950435761,0.0174589518197718,0.098770185075321,-0.007784899186509,0.101034185037315,0.0286314369336905,0.0941330983198247,0.0094197880443332,0.0888225571243264,0.016673828879858,0.0825451056743963,-0.0263455278943534,0.0794293642435915,0.0,0.0,0.0,0.0,0.0,0.0,0.0,0.0,-2.882782841815506e-05,0.0067713290695088,-0.0078252162261735,0.0319598438340545,-0.0818094241209441,0.1265769933797266,-0.2262653098425113,0.2552387630668936,-0.5553232867485304,0.5270301617332592,-1.0910348608031113,1.2185876084438545,-0.1061792178172588,2.1238576928660406,1.015619071091214,2.1484883824689813,1.6270313738229305,1.9066963199794045,1.9249022125628248,1.4978026560751383,1.9561208586968104,1.626007538900793,2.0763307653760106,1.3628255407917889,2.098619645161998,1.3489313162943934,2.136316277901548,1.2831790851946472,2.155967061930501,1.274196538642851,2.192625422467428,1.2261736023187153,2.196291304367989,1.223860680780513,2.1672262933704647,1.255569652050792,2.163351483483737,1.2396054240478585,1.9758867598640095,1.5551854564398695,0.5116010310749202,2.5479743451351653,-0.6873976111601444,0.4778156866477646,-1.130333943050072,0.3396581165302383,-0.5448277371984239,0.2543847842129774,-0.6670421045685279,0.1690467602070714,-0.5395501561252116,0.1797023508286104,-0.5124003738783606,0.1541294223349204,-0.4899894833066992,0.1213767691171553,-0.4330155837995551,0.1137319369421818,-0.423717407050354,0.0938614763986995,-0.3691447367050511,0.0980446224074478,-0.3553409006022905,0.0948079293521878,-0.3112263139927618,0.1038136500022116,364,0,0,1,0,0,0.0,0,0,0,0,0
123.3538079983466,36.2517010527485,1.0,0.0,0.0819758969266378,0.041886299099355,0.2936502684477483,0.1341421246410313,0.6388041930893046,6.120938853366286,0.1814113609571168,0.17715362586473,0.0947406490683063,0.0343943255569506,-0.3814649205538906,0.0731199175655133,1.0626235568874651,0.4740258839494968,0.7065568407564327,0.1314712231364944,0.0,0.0,-9.590279981399195,1.0364273532156076,2.711285139974496,0.7184456770452639,-0.0137757198992332,0.6814244601530045,0.4163454945256795,0.4400941778771308,0.1140995966353415,0.3189883603986087,-0.1131213892268471,0.3435505634531191,-0.048222516446502,0.2684963699389504,0.0835728246760421,0.1973403884383454,-0.0888245768009341,0.2007815948214072,0.1744362001635413,0.1932999435565202,-0.0798215220249932,0.1546394100427136,0.0176423450026621,0.1630455606720963,-0.0300664437329399,0.1415561449683056,-0.0397674228897592,0.133411123250503,-0.0149982486728634,0.1356737711178157,-0.0111806652268562,0.1258302911982171,-0.0508156071589624,0.1112184473279046,0.0387210032161413,0.1027666021170626,0.0296027459220543,0.1059972406372389,-0.0180879192788694,0.0948851818709187,0.029766922919599,0.0929385904123688,0.0134394989285088,0.0874486748741252,-0.0022272703814797,0.0828832993869171,0.0245330365018042,0.0776002326505521,-0.0168765691198739,0.0759706821704201,0.0,0.0,0.0,0.0,0.0,0.0,0.0,0.0,-5.600343730536323e-05,0.001692117027852,-0.0022435360363614,0.0165703014578673,-0.021448596687183,0.0596854186221172,-0.0920913929600181,0.148615662779261,-0.2863645047159146,0.2807122419609162,-0.6985728710066653,0.5486503399857414,-1.2569690580338948,0.9820131368504188,-1.1906684607566187,1.7695837096409823,0.2985006327173711,2.513859333963746,1.1474020514170096,2.384720569383743,1.3690431843959905,2.2663159783249447,1.1882615563515553,2.386920976309708,1.5457914430800868,2.151407096924046,1.6068256438640487,2.0966530396569447,1.6800785866960837,2.0108457659690644,1.689521428213289,2.0233546459983427,1.6286039404150046,2.0382325019779697,1.4634440197691434,2.15584380516747,0.1448516151201818,2.3816727037383556,-0.3353745139557714,2.2660046706330563,0.0448857479675932,2.4092756098414307,-0.6640762953676346,0.474070431148246,-1.317584748992456,0.3708550610425531,-0.708881419513279,0.2944127780543401,-0.7788265646378009,0.1995638155978504,-0.7263125462436705,0.1672600802790626,-0.5665841894309807,0.1776682495229632,-0.5550283836482381,0.1241332230326648,-0.4917081535909889,0.1077921202759097,-0.3996100272354655,0.1224960364393159,-0.3725643156604257,0.1170459661227752,-0.2814274336845716,0.1309572998720036,-0.2322271060330164,0.1418346560758508,366,0,0,1,0,0,0.0,0,0,0,0,0
127.02984037897836,27.416508452357295,1.0,0.0,0.1061279039262812,0.0438550562837284,0.3736484292616631,0.1521096374229345,2.0818980751996263,5.005865864906819,0.1849196822507856,0.1396615611635014,0.0939654656992623,0.0264946996095163,-0.4223627300652932,0.0652184584438832,1.2573854057207952,0.4437961072888735,0.6779357608046344,0.1207187682963688,0.0,0.0,-9.79420863120459,0.9268312047644268,2.6896477706637674,0.6880933165654723,0.2793586097799897,0.5217734552747262,0.3569439457770195,0.402688448291784,0.0638553523157046,0.2889194398469287,-0.0647846472720628,0.2905109829652538,-0.2283134571603531,0.2349763185668559,0.0614312785488495,0.2060133497359983,-0.0998264455901157,0.203784621727109,0.1010411819939485,0.1706648725108657,-0.0195817176209459,0.1395601680133887,0.0111850132400455,0.1732576096947673,-0.0324328467395384,0.1308327931921919,-0.004055027928539,0.1350549721561612,0.0344940879146673,0.1284815799667064,-0.0719440282367903,0.1367775925711631,-0.0210567985945278,0.1228114105446849,0.048784760157765,0.1179424225570045,-0.0081077470625814,0.1082895906190178,0.0030168875240626,0.0989745110104191,0.0108761290401159,0.0944403900901049,0.0147413534268271,0.0975868146060263,-0.0157035044383888,0.0878759165288743,0.001160113455938,0.0832484750642933,0.0293384379135237,0.0837040550998573,0.0,0.0,0.0,0.0,0.0,0.0,0.0,0.0,1.8853885538252092e-05,0.0005377579845528,3.340715974827387e-05,0.0057527524410001,-0.0030912587118683,0.0219052266955109,-0.0282450714761767,0.0752774054485804,-0.1678382076896031,0.2165790161951748,-0.6251225321575775,0.562967147560792,-1.4484843722333054,1.173839148871055,-1.049553686920634,2.2296541452794427,1.1718725629839268,2.1656386728087886,1.9805925201932404,1.0923652864367868,2.035648534763069,1.1853248653384167,1.7599322427906587,1.7128841654776812,1.9841878956275785,1.3415604831397427,2.115349535171191,1.0860321749201032,2.0374335038099276,1.216433040615451,2.0373286032392377,1.2723748746153445,2.0025573999529054,1.2915250977749355,1.88926203610019,1.5699386156140014,1.860593271699707,1.5908221811563623,1.3231062384075267,2.082355520277669,0.2574527962192462,2.492042910882823,-0.6839387398657322,0.4294403306777324,-1.3415213089201614,0.3230819536910335,-0.8004839063237152,0.233076164270155,-0.8306265165386272,0.1767178004723872,-0.7260709842601725,0.1522248530494405,-0.5957967329968048,0.1455323746424082,-0.5346595611727769,0.12828996227681,-0.4583765634067765,0.1213265258885887,-0.3872082870174624,0.1203585938931051,-0.3570412483920092,0.1150040410920047,-0.3011471512217746,0.1267223053089995,-0.2437524443492768,0.1323101018856323,367,1,19,1,3,3,2.0,2,2,3,3,1
153.70588618564224,34.309318000588945,1.0,0.0,0.0830177759795535,0.0483678901953055,0.2957075678941216,0.1551242203844986,1.246466686682417,6.109332629795407,0.2868816519226299,0.3122579616712387,0.0976751690235734,0.0328926780585201,-0.3738004295299652,0.069761807376867,1.1541238358592112,0.5088942192080792,0.6425875905341483,0.1174316639773496,0.0,0.0,-8.970260587185134,1.136858769970296,2.612956639876073,0.6402922305120484,-0.0934087698668473,0.5514047240573783,0.5622474421925617,0.3763380287935591,-0.1851138039084689,0.3599125191160622,-0.0730566425631947,0.302726682418248,-0.2264549944046039,0.242738392094658,-0.119768971971934,0.2380092979989714,0.1910685029552027,0.219804440369155,-0.1102929630011767,0.1934878480468262,-0.0201448769918333,0.1608713197453902,0.1345264642116889,0.1877355364575295,-0.1752707888978146,0.1776783246730359,0.0556092403087582,0.1573149520756081,0.0265886353270814,0.134572737089604,-0.0005874969649734,0.1350343428737778,-0.0541342109762167,0.1165360634789943,0.0900918825372652,0.1247505778583478,-0.0206277746777787,0.1025737953613561,-0.0060246654526741,0.0953604535163589,-0.0193972986299076,0.0870431439796893,0.0344244725163697,0.0913457271616782,-0.0132002590101969,0.0836415344719727,0.0029481091699409,0.0784394818567992,-0.0109310162739754,0.0784860187309947,0.0,0.0,0.0,0.0,0.0,0.0,0.0,0.0,0.0,0.0,0.0002364425683066,0.0029130776857257,0.0010031633684603,0.0102459573146132,0.0011543702740599,0.0188584184394179,-0.0358063340385369,0.072844278628657,-0.2673513630612714,0.2793347578868072,-0.8532130892368679,0.7088014921495136,-1.5020002753592696,1.2906085592490837,-1.1769238398017174,2.0660271075011276,0.6954205891589674,2.4882552414231367,1.174202905915245,2.369149227590093,0.8465921934438811,2.4336681540515137,1.0533693713194072,2.373797717218213,1.856025955159958,1.7244896387668749,1.8701746413575888,1.6484730041569604,1.985755901175022,1.4855589070728863,1.9032438704150432,1.5061983014010556,1.7128210048193224,1.8400232531745464,2.0731599952378583,1.3343442020178504,0.0844915379426367,2.528990518591781,1.2722266095660617,2.100494269728971,-0.7338638826156192,0.4048347042819606,-1.4231489365251044,0.321205886409026,-0.9501375658530864,0.2277970456057151,-0.9575350594873532,0.179688148045976,-0.7585935731453367,0.1848090027487857,-0.6482239328246393,0.1598960949898336,-0.5625718812898266,0.1324395659882686,-0.4311673043999531,0.1453790894970886,-0.4243944698054445,0.1298550542508201,-0.3065709389820952,0.1491908911024202,-0.2047013636551558,0.1631070261394749,-0.1826444076419986,0.1590049477904384,368,0,7,1,1,0,1.0,0,2,1,1,1
218.36567941050396,45.64564737829676,1.0,0.0,0.094703043788225,0.0541698877635069,0.3241888436560409,0.1618686901045941,7.209945998810517,6.332236700120338,0.2663854159039395,0.2249407871845786,0.1158469407579759,0.0329328355993237,-0.3426429650895062,0.0809569841427735,1.4867658700577653,0.6283157795738444,0.6208895576738584,0.1447204978941513,0.0,0.0,-8.768596178890002,1.1367183958143845,2.7954758732636606,0.6983922869974284,0.2219684800811088,0.6144291788646075,0.4569256540713743,0.453888753795198,-0.369859930172695,0.3873263494162058,0.0459350084718601,0.3592445756636137,-0.1150229281065012,0.2321496944795346,0.054194966443261,0.2364215313120043,-0.005186143496941,0.1842725959531733,-0.0210439072964632,0.1702390610671385,0.0209220006933134,0.1741346045428048,-0.0823371970926027,0.1653743570267735,0.0846286417533036,0.1425115176748149,-0.030597431382916,0.1342704520293871,-0.0260529992104484,0.131229265273278,0.0427566668078749,0.1113481276831894,-0.009344417313631,0.098569355497248,-0.0091184456060602,0.0988340881793147,0.0017408703824171,0.101083316788258,0.0145826974207364,0.0945901758936863,-0.0299198675886673,0.0876097560808029,0.0370298297935784,0.0852734242733875,-0.0183811026518397,0.0827729087367294,-0.0091096556523577,0.0821257041747217,0.0266740424960666,0.0778432033812488,0.0,0.0,0.0,0.0,0.0,0.0,0.0,0.0,0.0,0.0,0.0,0.0,0.0,0.0,-4.226524451154294e-05,0.0024664852627999,-0.0005420110019719,0.0145174672960355,-0.0024589064125972,0.0318912183053804,-0.0164063419946511,0.140305764928706,-0.0454778674478799,0.5694300043343106,-0.074291772241085,1.500091653315048,0.3141728742060379,1.918744122320233,0.8684567115082912,1.7972207967909517,0.8761624344283441,1.8389150607495068,0.8989191149548285,1.723177190056135,0.8529176921767263,1.672045639789261,0.8104162480317608,1.624454384280425,0.686715131310853,1.6194950390321587,0.734467348133106,1.6258703440823417,0.7635933254479396,1.6401560668935085,0.8108642455844952,1.6078731630722345,0.6883221453936437,1.6144270658514326,0.3868479230846441,1.7939111380199932,-1.0402231231246557,0.5354021847322491,-1.8148621830540304,0.3910637172702813,-1.168529330836276,0.2952626602933797,-1.0879783395725746,0.2119023310773753,-0.7661560981553348,0.2567030129317045,-0.6922194141847892,0.1834955485236006,-0.4857667179532363,0.1859775207511065,-0.3425118149133391,0.198384875260951,-0.1991824027367679,0.1960736723992261,-0.0474180138128574,0.2014476893688774,0.0032836732398807,0.1765861720489779,0.1180909530082851,0.16387839581588,369,0,0,0,0,0,0.0,0,0,0,0,0
110.41845448358558,27.4055760747716,1.0,0.0,0.1170087060445879,0.048195821005871,0.3645523240749246,0.59350238925005,2.0792045818493023,4.794272485669568,0.1727070336321677,0.1382718047114441,0.09602492152672,0.0219251700337644,-0.3912255201121301,0.0537399608038392,1.2537031822601032,0.4080208308748049,0.7477521110282918,0.1313460636087772,0.0,0.0,-8.962298446057622,1.0712110472642038,2.617339300173705,0.6154093927221507,0.0788961386385892,0.4947838520422933,0.6061187347139871,0.4154261281668013,-0.1274834991154519,0.3181853750078749,-0.1116135255569643,0.3114596081308233,-0.0289671602312522,0.2279807185436687,0.043220581842752,0.217922905726821,-0.1272647151161892,0.2088379806216442,0.3735099924528859,0.2565406506825172,-0.1493282426774475,0.174537955414129,0.067559599460641,0.2047339929571706,-0.1031983674897981,0.1521175915880255,-0.016803076948877,0.1663413521230747,-0.0052971348537301,0.1439129856912008,-0.0873610899376225,0.1274383493146154,0.0084147145254512,0.1198912377766443,0.0004612108623602,0.1236111809705847,-0.0198949955820073,0.1114956686831458,-7.748047253783526e-05,0.1060219185050123,0.0281305225658586,0.1110348840410745,-0.0296422713742214,0.0974389245913955,0.0508352213134588,0.0959528797522533,-0.0052749797483472,0.0852441402138023,0.0068445383890932,0.0824056070211018,0.0,0.0,0.0,0.0,0.0,0.0,0.0,0.0,0.0016848546101228,0.0112721887658717,0.0061293895171927,0.0500806440480772,-0.0149473039865404,0.1114762204683692,-0.1313856675895831,0.2254726725384847,-0.4431708196171559,0.39080812408438,-1.1239480093756198,0.6238133742592789,-1.2491126906052596,1.801008203322615,0.5533320049039117,2.3255769907153843,1.5469129298862492,1.928146771852394,1.8747190917501704,1.4040930968833194,2.0013548564479695,1.301269699859111,1.856042711286904,1.493060524226586,2.0182265932862884,1.1137985254407443,2.1176334567417436,0.837881986506889,2.141765806343617,0.7718844182326684,2.1790940607806655,0.7602384429933913,2.1595606366952396,0.8200772044882647,2.134981412125126,0.826781771935204,2.1261633530233013,0.8172278440138945,1.4663389335053634,2.3012855427955943,1.7229141457615775,2.08623607439682,-0.8124685185113587,0.5023799405867003,-1.2010452672003111,0.3493965305559059,-0.64899442086593,0.2308182560789933,-0.8131195999773146,0.1641563006611762,-0.6476823707424572,0.157805063180822,-0.4710269907150889,0.1959680634048045,-0.5109872700424539,0.1292084031663272,-0.4311985263591729,0.1315358233031492,-0.3580304072857049,0.1302317196180317,-0.4163206223466312,0.1041588891714141,-0.2963644828859578,0.126956139961043,-0.2872370258448489,0.1203079502511941,370,0,0,1,0,0,0.0,0,0,0,0,0
114.33625080354052,40.449917809349174,1.0,0.0,0.054843726687801,0.0340715255623111,0.2387660061102507,0.1368772512009594,-1.3375813506304703,5.426047760160465,0.204564448752915,0.2242317693522482,0.0877341134480542,0.0370199370812995,-0.4180898828067052,0.0545731579505763,1.067712308262869,0.5017698414512114,0.7181008213420363,0.1581517356619328,0.0,0.0,-9.630156811551204,1.1986588967263276,2.6149992935766204,0.7056384043723181,0.5073492162296396,0.3970370483086597,0.2329596592290956,0.3771774356218912,-0.1182123388666864,0.2830787764945344,0.1912064477402957,0.3006528083572438,-0.3160706890352767,0.2687979783697767,0.1206951301160114,0.206347266313315,-0.0348750978422588,0.1992861148607795,-0.0045672425657469,0.182233296421818,-0.0073422028227414,0.1410048498711662,-0.015546062953805,0.1717351384384868,-0.0715246069381249,0.1356208097364528,0.048748967746002,0.1265356864019599,-0.0279096448381051,0.1264254685458732,0.0039090891452257,0.1476172740147073,-0.0142925970802551,0.1195828438360992,0.0289913910856599,0.1158192289476719,-0.0032187537333847,0.1059532580886177,0.0160167088434999,0.1018049475588685,-0.0185575539449092,0.0951679859502723,-0.0308955546200089,0.1067479155180743,0.0406124188553132,0.0904110394688452,-0.0087745423699648,0.0829176275790402,-0.0011983467156158,0.076027706627081,0.0,0.0,0.0,0.0,0.0,0.0,0.0,0.0,-0.0009487613121826,0.0094784983720422,-0.0109866901313782,0.0394181713860448,-0.0872934340273604,0.1227105854162548,-0.222862638050762,0.2354896632354249,-0.4794434849501607,0.4285656082659081,-0.9306883443964644,0.7622709215801005,-1.3314301239133166,1.1809524296173557,-0.7328247177312961,2.228041035653155,0.1281195030583988,2.568486909360951,0.3371382903070761,2.5763579510807197,0.4211100684344558,2.531322366736717,0.3738718523512832,2.554627471149067,0.4504672065367651,2.5732989868276857,0.4812249331948771,2.541294865176596,0.3788866923493052,2.53418201766396,0.4208146614958215,2.5177689514968757,0.3585977454967116,2.5205821895876497,0.1753514088102655,2.56575410576694,0.562544450445038,2.51813896571556,-0.0232158475097661,2.483737275916667,-0.5520206391766801,2.2111176188459045,-0.5923622982374523,0.4875790704259908,-1.2027493799139592,0.3842047951033391,-0.7605846883894575,0.2970367447595977,-0.7065839278494783,0.2348331206183184,-0.6014074383123176,0.2262497301852127,-0.5835990206200861,0.1594337908813702,-0.492596673949958,0.1518708795869334,-0.4460285106166246,0.1249667584328747,-0.4077104831696582,0.0996477174469744,-0.3336985284230826,0.1138283451627812,-0.2970371579897641,0.1269681278428973,-0.2686031615501112,0.1425421150822931,371,0,9,1,1,1,3.0,1,1,1,1,0
220.8334943340145,55.91806514916702,1.0,0.0,0.0884337017019263,0.0493201175121349,0.3190464874770072,0.1408700668596212,4.060274374460914,6.921692870709559,0.2212981725666821,0.1848836887931194,0.0939870292946312,0.0374956554093635,-0.2986878579589448,0.0878086111524137,1.2540346719301505,0.502813143721419,0.6757692253390304,0.1439825611855003,0.0,0.0,-8.84576498606725,1.447082037286406,2.409806883006687,0.6317920043432322,0.0824390818639792,0.6531871356669716,0.4077353190068363,0.378966385149738,-0.2779723044504588,0.3882978110804784,-0.0619365712737098,0.3056736115672137,-0.0778106711323444,0.2402050889022475,-0.029458442350626,0.2355579535231969,0.1324612708990321,0.2110514883785134,-0.0508751073526955,0.1845644968185752,0.0032112054832639,0.1670832944056506,-0.0295943279046814,0.1572741231751998,0.0456624053495764,0.1438091731542687,0.0190800699888185,0.1324176521840084,-0.0555676524094668,0.1264641226110227,0.0446505889377651,0.116961373937933,-0.0332605279061564,0.1045015845134249,0.0314010481282872,0.1018016332803736,-0.0252944267369331,0.0980840711309786,0.0370241410838343,0.0898611458968108,-0.0436394590967525,0.0828866347354927,0.0351157142163366,0.0778226649003565,-0.0193691391451094,0.0730080789705884,0.0062693912220644,0.0697469762814121,0.0010164391392673,0.065123720699245,0.0,0.0,0.0,0.0,0.0,0.0,0.0,0.0,0.0,0.0,0.0,0.0,0.0,0.0,0.0010172341009404,0.0058734029634914,0.0084138116456957,0.0387432576436546,0.0126108390555519,0.1114738383935653,-0.0796152742151616,0.2800582411535662,-0.3962620034823667,0.5133396821572999,-0.8693704977754783,1.1551851330183274,-0.7182859407537061,2.053222745673152,0.5302950054900613,2.437361062871529,1.1251098510620472,2.279983110342046,1.170604757480992,2.196186685022166,1.4708981548166449,1.9814755515407776,1.6473279118738622,1.7509102904848324,1.7443929457139138,1.5981022757522676,1.7200644127431914,1.657781628691411,1.6986618343624371,1.7027730372065246,1.6807098721681215,1.7162238576125215,1.4770579296596693,1.8696453221363136,1.2963630393466468,1.9069260132574,-0.8565928669366524,0.5259526075051353,-1.5890080075979938,0.3492352224174607,-1.1331048794761285,0.3242094203410403,-1.1152686312465168,0.2010253773312187,-0.8792130258740479,0.1822469007970721,-0.708993139398105,0.1528817251829417,-0.5410106873145774,0.1616712605228216,-0.367169433130039,0.1958674951200027,-0.2645814630947055,0.2080854605018283,-0.1037710417798681,0.219665127457206,-0.0452602460393702,0.2085908387043894,0.0537282339547861,0.1907750857580057,372,1,13,0,2,2,2.0,1,1,3,2,0
169.71147037998583,38.463014221754925,1.0,0.0,0.07096959008489,0.0384065009746084,0.2842679505094918,0.1196404659504429,2.937668869650421,5.758134464986985,0.175104508658467,0.1696211377799656,0.0753981633648021,0.0364872055751071,-0.3597602807410904,0.0641390730782136,1.0849149016599795,0.4469218951769548,0.7403951042404217,0.1440372360537124,0.0,0.0,-8.83182029738022,1.2274226016737686,2.710619802076941,0.6372779209620051,-0.1011158527330461,0.5937954667805434,0.4250466035328804,0.4380471987901351,-0.1250714537125442,0.3348190690792102,-0.178579368590697,0.3442258614355742,-0.0197548582297026,0.239140180136889,-0.0276315537719022,0.2229870378695785,0.016784530307637,0.2520079131197345,0.079627991849349,0.1972755384199574,-0.0869106222742506,0.1954798836101997,0.103424229490518,0.1537889181929004,-0.1397139414711037,0.1768471584373279,0.1366894469328121,0.1475066864912272,-0.1096894852762424,0.1466066754311574,-0.0018288747063566,0.1289568257291862,0.0506874416127749,0.1128018775806155,-0.0024495336008105,0.0980929635144015,-0.0274600087070195,0.0941743871853932,0.0410771512097868,0.0891117963336015,-0.022796160585966,0.0853561574676467,0.0034215518454275,0.0808197052072189,-0.0005329275577334,0.0740173538549559,0.0079858757977226,0.0719966351234793,-0.0137764279967109,0.0704627982427985,0.0,0.0,0.0,0.0,0.0,0.0,0.0,0.0,0.0,0.0,1.8029193592282277e-06,2.449421541008167e-05,0.001687463016333,0.0136203502294773,0.003238340050504,0.0342043786081543,0.0002948536554076,0.0698892061376436,-0.1309004841376307,0.1918404561931933,-0.5575091541071238,0.4804134135153162,-1.3181757508276095,1.046483011664916,-1.6692576061493978,1.6380333170451344,-0.5251547590518054,2.6131696502048625,0.7078613660144953,2.619356053708055,0.4683991540765872,2.678633355898675,1.2123946866021558,2.396847122317458,1.5640956876412162,2.1240982661496868,1.711569824410747,1.9710697336894736,1.8500749494524429,1.8310871451030544,1.8090849834164304,1.9002518164877944,1.85318957626898,1.8523804703953424,1.896416816509913,1.7863622374347294,1.4562595666235938,2.0758230110849376,1.7296513621111635,1.83386713808656,-1.0437435957285028,0.7309969177488241,-1.473453194673905,0.3943412967211556,-0.8090066622755879,0.3732719569396561,-0.9656600263458814,0.1979783654190011,-0.7457632789928015,0.2246424564380218,-0.6139716230377231,0.1979746623104929,-0.6037702525686413,0.133692466223021,-0.4160364025526512,0.1783919606337677,-0.3559962866552985,0.1594393886586196,-0.25776856950355,0.1793967539901644,-0.1477402770113877,0.1789029072179405,-0.1337226444889764,0.1719544982331307,374,0,2,0,0,0,1.0,1,0,0,0,0
151.48825802615934,48.88069343853032,1.0,0.0,0.090048064663686,0.0512400846848833,0.2991942218717122,0.1533851460018722,0.9909745877975624,6.876243339293545,0.2510270642252675,0.2008965849206614,0.1179946427318668,0.0294956665357638,-0.383117088941736,0.0617455813562335,1.282885586801427,0.5314937130642482,0.6522645642092746,0.1473109412226218,0.0,0.0,-9.941766801426873,1.1109734739216464,2.376900664453032,0.6372030494073887,0.2835028698222205,0.5128084332905846,0.4172488326580261,0.3988011284395417,0.0167194948615933,0.2581154247260525,-0.0738452944949464,0.3103320240819653,-0.1357150613432758,0.2476607981819747,0.0900879463738406,0.199765195886005,-0.0586058040623067,0.197189698107608,0.1146022186949643,0.1856850098898052,-0.0498528025030142,0.1621282727365672,0.035613319330208,0.1501260892761486,-0.029691160728478,0.130827123810779,0.0144254646716034,0.1335753939753947,-0.0029197656278359,0.115002936742029,-0.0166140605411415,0.1183179866205361,-0.0390429563244946,0.1147662013680407,0.0508975610709988,0.1072723503502147,-0.0270842316642925,0.1022317903158659,0.0140278325875921,0.0917667568231415,0.0161503819818073,0.0972179076506492,0.0060296942436129,0.0853636341090904,0.0163792987352027,0.0890631817405673,-0.0134113943851961,0.0801966599334824,0.0115980956142508,0.0726797072214755,0.0,0.0,0.0,0.0,0.0,0.0,0.0,0.0,-1.7866693585017834e-05,0.0005292570134236,-0.0003037232533087,0.0073365493534436,-0.0031297081059363,0.021942176111867,-0.0291613564914284,0.0646238237280073,-0.1464789566233822,0.1964962205091286,-0.4304744208808353,0.5005764587368662,-0.8597027555881095,0.9970805253122184,-0.7026808340218786,1.6784627266842136,0.3135027513305589,2.136936174282879,1.22926200096849,1.7751762308924257,1.122756084868014,1.9181449811638824,1.202449812079667,1.8682160841681736,1.3107316892800238,1.7573722117156392,1.343330472403686,1.742486370392862,1.291242064743163,1.729490309405144,1.4240840741617125,1.638668553265676,1.310861432909037,1.6879000473312111,1.2226333926212842,1.8353456110849231,1.2419478200171226,1.7821032967557626,0.5961066650041618,2.213208097448946,0.6717710021688467,2.192280827410433,-0.5808073389565993,0.4306077102746492,-1.3374084137931035,0.3168829454189397,-0.9447974642092748,0.3384195272300639,-0.9287445255648038,0.2288079929100389,-0.7965647355529132,0.1957020675644815,-0.641616272705113,0.1801703130850522,-0.5678873987514864,0.1226709026707035,-0.4682367717485137,0.1243343326052372,-0.3660486857248335,0.1386888187990634,-0.3103603215023187,0.1683789408780393,-0.2150747653864447,0.1829899410367216,-0.1674522080413793,0.1932210663549881,375,0,5,1,0,0,1.0,1,0,0,1,2
202.13411852436724,45.25035148777704,1.0,0.0,0.0757310507252322,0.0453181789155328,0.2629050585064569,0.1369472531502855,4.179113149676659,6.386217392143072,0.2645259947931329,0.2902555407832354,0.0938237337697942,0.0369478126890315,-0.3610673856406544,0.0699360956852989,1.217059340483397,0.4968389635007555,0.6728385588015967,0.1351773571262399,0.0,0.0,-8.974999570118875,1.392973724529996,2.5755889433609687,0.6805661108284454,0.3707521901856604,0.4316483527262406,0.0502680817084309,0.5185980755103923,0.0579767290744176,0.2704904749220337,-0.0581998556035443,0.3613177824805473,-0.1713255551230228,0.2272649949017421,0.1258806869185222,0.2389880773737879,-0.1175590767405733,0.2164593699372945,0.0056767154165842,0.1724605522607717,-0.0215295882915225,0.1648253854683424,-0.0195281255071369,0.1700882373352225,0.0616608144590669,0.1433735261748916,0.0518649135942865,0.1301708079901562,-0.0516241827095604,0.1261864532189065,0.0189081081676273,0.1258205875331489,0.0075828338402728,0.1220479032636927,-0.0030916701577093,0.1047972839284601,-0.0400837794063202,0.102829066053786,0.0549938556746431,0.0923105400860096,-0.0366019091486274,0.0864359571184383,0.0120708802829144,0.0827772043288962,0.0088220653347172,0.0778391197888602,-0.0037962045857257,0.0753836962109911,-0.0126799500322495,0.0721974547839359,0.0,0.0,0.0,0.0,0.0,0.0,0.0,0.0,0.0,0.0,0.0,0.0,2.978505359224898e-05,0.0003214148761885,0.0005276462120967,0.0115617515292242,0.0001319229820432,0.0313703904821786,-0.0180279467423537,0.0784209317253299,-0.1689179665840299,0.2229089639162166,-0.4909750514451068,0.6849727113670121,-0.8998880205872045,1.6485852628751494,-0.5968747120105715,2.2274654092530906,0.6670128904855902,2.419344005069014,1.3304039517658026,2.133450191983686,1.5495305039323155,1.8955362297996072,1.7351057897879107,1.7344238484829837,1.8001545484457602,1.6515598724399578,1.8294400452020003,1.476420225388816,1.8159535379291136,1.495643133560569,1.735736016126683,1.5689315878794874,1.51634013491205,1.8346642554514825,1.670383894398824,1.6345832590316776,1.671785765778392,1.356025893020634,-0.8446232622581918,0.5369272409467325,-1.5899148705970083,0.3691925977039817,-1.080038012128789,0.2882025693455259,-0.966233206553494,0.2521332870665067,-0.9133004950432076,0.1601810911562899,-0.7231849108505505,0.1401416433446542,-0.5509516132723604,0.1565967163732085,-0.443615973892091,0.1636781564273925,-0.2692255360341383,0.182395781034382,-0.1678490706475457,0.1844598690999804,-0.0745824439773149,0.1797496877877466,0.0067937973384919,0.1729997744048956,376,1,12,0,2,2,2.0,2,2,0,2,0
187.1795773249116,46.673859808474205,1.0,0.0,0.1042398057582369,0.0626493209998792,0.3377973419431117,0.1653927639295934,6.73632895609919,7.147663236472756,0.2483194110658821,0.1736977394090632,0.1130109565133277,0.0304991820599772,-0.3949114260259008,0.0728717991796929,1.4693006876415209,0.5889033048492845,0.6275750732928138,0.1444168115570465,0.0,0.0,-9.969139321892504,0.8974021562957333,2.5161465283531164,0.630815194794492,0.4088939271510666,0.5039744407757503,0.3641829595495371,0.3884486231012538,0.0084502275768541,0.2666382944945069,0.0423603814982521,0.2929708090273146,-0.0300448667527926,0.2055121479951871,-0.0003548595238712,0.1941279125270619,0.0531680398201207,0.1851052984712593,-0.0660304318868986,0.1605007846349823,-0.0388495962183261,0.1838590646589451,-0.0097656311969213,0.1312866596768297,-0.0257681737655881,0.1249021518868661,0.0427404935579946,0.1247432320148326,-0.0801927712277587,0.1358174443978213,0.0406086606364318,0.1056211000451733,0.0393725038517288,0.0933638449915154,-0.0504957368352421,0.0887936502908577,0.0347277625663846,0.0843318962605707,-0.0048654514592897,0.0829081191353891,-0.0001332224278194,0.0760051138588659,0.0046401573098756,0.0700322664735784,0.0008800684611806,0.0682558682676938,-0.003298210888865,0.0674811186404082,-0.0069596771507805,0.0650708297180847,0.0,0.0,0.0,0.0,0.0,0.0,0.0,0.0,0.0,0.0,0.0,0.0,0.0007430879840448,0.0068730170359023,0.0023523495038728,0.0247496235103178,0.0041185907202648,0.0616885096633073,-0.0077999078603744,0.1761767863674599,-0.0895820527791852,0.3871965155302119,-0.2426051408854924,1.2090454421271486,0.2371729944012354,1.828452240050689,0.6844806784555492,1.7741611608852117,0.7823971287504667,1.739746919451833,0.8013330901880983,1.6797343582830504,0.7494051506626147,1.727576438212036,0.778250773817781,1.632062840362179,0.789455844938426,1.6223228912962218,0.7097924592094704,1.6432217754871454,0.7277065778830493,1.6491611728795152,0.6421769979558057,1.6696894143829035,0.608585628197831,1.6723379936720024,0.359117799579053,1.7278569769240522,0.3789964437750566,1.6716165674090318,-0.7293593201297026,0.5017365825018597,-1.5671015067731302,0.3838222931082954,-1.0536155538334726,0.3181992162269487,-0.9944433758193304,0.2207664477500731,-0.8110404310987963,0.2073651727194712,-0.6853713548538115,0.1601838996192333,-0.5803004887486592,0.1366172729510333,-0.4282528834618043,0.1610478516339054,-0.3482192820827076,0.1778837604298864,-0.2005360655443531,0.1888491871156467,-0.1352567264586263,0.1923326580380898,-0.0600017445054622,0.1817568401177519,377,1,16,0,2,2,1.0,2,3,3,2,1
100.646623575438,25.526920736427844,1.0,0.0,0.0938421558866131,0.0442537839954292,0.3096054525962578,0.1431994114703426,-0.6143355683450485,5.154830850697151,0.1627981980480378,0.1543082630814153,0.0874501222844507,0.0244134258575512,-0.4043030499599057,0.0497085087898739,1.0829333290404102,0.4478442850795678,0.7080534026680922,0.1218791834338256,0.0,0.0,-9.035954083541904,1.0939375246901268,2.6560382276681653,0.7158991865872544,0.153476720648604,0.4714856477674807,0.6149322270948898,0.4437828675916934,-0.1295745775474351,0.3039135973478976,-0.0395862265076713,0.2734588487632758,-0.0914288318814229,0.2301284702216618,-0.0836459775863825,0.2251241020934896,0.087479697638063,0.2182200975880163,-0.0269751945931596,0.21203587719946,-0.0227818875613051,0.1814340422684007,0.1234109758755619,0.1877285408314081,-0.2075432984583383,0.2135511619812835,0.1358929670345175,0.1676196302989113,-0.0817433972830389,0.1511461083410691,-0.0051730146407017,0.1484930118705195,-0.0761269059081014,0.1338808748654731,0.0498251002270138,0.1364344526891914,-0.0253547155977863,0.1108390129960876,-0.010098525871482,0.1019906857001991,0.0192685932686414,0.1029183035580839,0.0064854498891932,0.1012532731396214,-0.010688163082548,0.0955702334060146,0.0180439418028561,0.08242732536684,0.0094109931711952,0.0799902179366853,0.0,0.0,0.0,0.0,0.0,0.0,0.0,0.0,-0.0001220354335676,0.0074710694217987,-0.0012504213459154,0.0318870071002508,-0.058802356257308,0.092989361850265,-0.2070019694825115,0.2038635160026531,-0.5032648752804121,0.3453247516685929,-1.1242763161306344,0.6374467228305984,-1.5190890778269506,1.427638742519981,0.4501184756063956,2.501305774864544,1.7091783150049815,1.8615901090976772,1.8178095233616016,1.8673802250245304,1.9289679646246929,1.7856965331953876,1.2140363845048965,2.320770853908304,1.7843536784185845,1.9004740283528028,2.1890295610956674,1.3939242826214495,2.1349407049384004,1.4854386731354985,2.1405910250108136,1.523518162180683,2.188788256643258,1.4352703378384577,2.0738451617357176,1.6586033898090964,2.216705961205744,1.3952619435008031,-0.5748563448856706,2.566655904117731,0.3771770849575973,2.7130729169826284,-0.6451458319055184,0.4447165951935701,-1.0947492812188662,0.3128137707908996,-0.6882014829927902,0.2109587459049605,-0.754537636478507,0.1599062421010624,-0.5800210143731926,0.1598050941520125,-0.5256910571336234,0.1447473242711685,-0.4942246601830972,0.1284058696462356,-0.3912455197676718,0.1456377388550539,-0.4376402916246689,0.0994436048902847,-0.3741864659067382,0.1060107293197931,-0.3426472177304205,0.1166652190983213,-0.3391821150534834,0.1074631739454071,379,0,2,1,0,0,1.0,1,0,0,0,0
127.29885815392392,32.21949764950923,1.0,0.0,0.0774949519927269,0.0368479560018362,0.2877263594809699,0.1159147678504522,1.3399351669421824,5.279576396783781,0.155815479774121,0.1679533788387114,0.0885606003848647,0.0378860058045702,-0.3540489142830767,0.0697629889821378,0.9702920723572144,0.4390187538204377,0.7310370677964239,0.1389900234449251,0.0,0.0,-8.422113764795093,1.3598306277649743,2.381097709579089,0.7027655245995442,0.0989836150561934,0.5578612447216966,0.3841080150062433,0.4565638341017018,-0.0528041858437352,0.3434470285103513,-0.1059433983229039,0.3652758820727029,-0.0564594559203235,0.255234016993648,0.0373865835998846,0.2032875966621392,-0.1246006904926128,0.2246541386668885,0.1751715505828756,0.1950611029573369,-0.0986559833382716,0.1832566323798244,0.0982092167785587,0.1589752037642739,-0.1488620271354255,0.1854569384528169,0.0926044173091303,0.1445698370147738,-0.0311628352987328,0.1576282996883875,-0.0795819028083083,0.1427301708483215,0.0866031092833042,0.1374212185305725,-0.0370697995744522,0.1268853050023918,-0.0239822457099912,0.1216606905947426,0.0320327869539305,0.1117352066759284,-0.010622492888765,0.106493896332851,0.0287713304812697,0.1002444002276014,-0.0104326761388018,0.0932290691517452,0.0167888844824383,0.0882178080826383,-0.0172294589416647,0.0869724069285408,0.0,0.0,0.0,0.0,0.0,0.0,0.0,0.0,0.0001704087825711,0.0045770581876945,0.0007465390134397,0.0422844883591541,-0.0010664822734196,0.0975947685712741,-0.0374910958850334,0.178731803237209,-0.2219997031767351,0.2915167066020843,-0.6257319505222886,0.4549832429927389,-1.2654355231055796,0.7691820984185324,-1.512670077785269,1.4274099622624468,-0.5367014678733528,2.499717643734874,0.4131831435442287,2.734704541741378,0.2202910533794908,2.768751340547572,0.5524683461702251,2.6965332384801086,0.5370168298851561,2.7111654651328863,1.1019459607097248,2.557978293047422,1.1731912709745695,2.538988989313804,1.2290691216423242,2.5069124958128137,1.4026037568416252,2.4142867400096697,1.3625483462792742,2.4406205160905117,1.467564698008638,2.3680595806055513,0.2679194374193619,2.7022242410831274,0.5056883641825195,2.7026432313530973,-0.9786816275488336,0.6658481708412062,-1.2733745515589112,0.3724673060540245,-0.7435973105320628,0.2757979477983096,-0.8365498529557218,0.1951937808074663,-0.6569565019943293,0.2195106498118734,-0.5312392839611618,0.1927324328583077,-0.5231903408274263,0.1479700523861153,-0.4027453118642203,0.1649038112819305,-0.385561700577517,0.1307345786279581,-0.3370016697100546,0.1290731906946134,-0.2603972439936874,0.1467233086202482,-0.2531024085313266,0.1385051830720606,380,1,10,1,1,1,2.0,2,1,1,1,1
105.56940712616824,30.172833627805723,1.0,0.0,0.0960921844671296,0.0439617040951706,0.3845913018741617,0.1726963088288896,2.4675945707133757,5.314466375159229,0.1908224568719392,0.1465163568351197,0.0959950130855724,0.0235056837425291,-0.4316557853095795,0.0596007060666389,1.3362963145443925,0.4259212950233857,0.7067774033294393,0.1404018911824668,0.0,0.0,-10.20300648364486,0.8287713716477084,2.5776877937863314,0.6507576301185859,0.4961441233457069,0.3916550798667227,0.3408900375023864,0.3938698258974867,0.0828681840172225,0.2721661791962576,0.0827213951581512,0.2709730157176293,-0.2981300355015011,0.2534938214565268,0.1330106343873831,0.2000599266915518,-0.0456884962552424,0.1816433569949849,0.0592835643645823,0.1735118984815579,0.0450435738207651,0.1481224840673128,0.0580172599716939,0.1511324391205001,-0.0248742853687207,0.1421854725275632,-0.0404915671762091,0.1426292307966352,-0.0007028363496343,0.1258764960057161,-0.0075368951560134,0.1201009872959363,-0.0773222357222263,0.1171066825542701,0.004784737260879,0.1104343736157586,0.0301482991525814,0.1077990400726888,-0.0548986720470852,0.1069321973894796,0.0461118258009559,0.1043260393573718,-0.0101401268889456,0.0934930672216901,0.0113819406207768,0.0801375028258913,0.0115307266103855,0.0798004868827451,-0.0249338564438872,0.076336129673812,0.0,0.0,0.0,0.0,0.0,0.0,0.0,0.0,0.0002110672850477,0.0045316722860881,-0.0004979298649183,0.0155001953298637,-0.0450221676556901,0.0869173497135897,-0.1735976176233233,0.2183454297162826,-0.486767819066951,0.521695964279234,-1.245834262042211,1.3522511332335867,0.1219651126941881,2.456521954654145,1.621001517211329,1.7112049066585362,1.86112904001361,1.2782690174153868,1.7867696323738318,1.2273056785071628,1.7678037478682826,1.3982896110706222,1.442672798938084,1.6832236560420455,1.6858753536851638,1.3724399249574306,1.70936889515295,1.2058018269262831,1.55021102284889,1.458931832668719,1.6783667650283296,1.338490359150114,1.6304615403498832,1.449754718100548,1.6556683197380258,1.5441273825344413,1.5673857618265186,1.602263351059401,0.6529219639281542,2.3111958477308385,1.1605282213443342,2.017703446293765,-0.4782362640510805,0.3417440860068041,-1.1992546822429908,0.3411005030381988,-0.8087582919859813,0.2152988316940266,-0.6943052463492991,0.1898318010120102,-0.602428176640771,0.18982911370404,-0.5219917638849298,0.1708492675953508,-0.4801140266033878,0.1452847545861107,-0.4493369128125,0.1165898585362641,-0.3949666362091121,0.1077204041216727,-0.3776847815493574,0.1030641610177784,-0.333348921768821,0.1127797496855783,-0.3107118971153622,0.1261946068007757,381,1,16,1,2,3,3.0,3,1,3,0,1
125.91646696949104,40.29316265766592,1.0,0.0,0.0714597216447691,0.0407799661934007,0.2849873152970064,0.1494073979064156,0.2491378196805501,5.882209891617857,0.2212410428670553,0.1808080508169186,0.0927988768720626,0.0297720861701943,-0.4058896119675239,0.0597083331001923,1.484228513895347,0.6716511854913066,0.654260096212311,0.1557307284919457,0.0,0.0,-9.671366096784578,1.1191359832815273,2.6656930906291354,0.734831271147832,0.1975462917270646,0.5099207400372625,0.447906014811152,0.4097532761976257,-0.0904812100265031,0.3448432366762485,0.0592899015712865,0.2463361733088014,-0.1390207494154297,0.2305936863359642,-0.0106871580450266,0.2018275068638738,-0.0493106661654447,0.1944909975639676,0.013500087931471,0.1888229524240396,0.0508017777865857,0.1605268593916415,-0.0151093572024214,0.1679846024159541,-0.093460555907561,0.1598052181274186,0.0530590292423963,0.1486838695647499,-0.0046998493949032,0.1431008289111694,0.0040287596956007,0.1173014487667516,-0.0263778806632533,0.1113778639710074,0.0522275215659179,0.1070709493076884,0.0019583414132908,0.1037406999247146,-0.0062596559570478,0.0913979133063152,0.0046690723857591,0.0900157315577662,0.0211627987771386,0.0856254268991718,-0.0604385339399578,0.0890635621766178,0.0284962409943166,0.0818767046832653,0.0064039150713884,0.0793112704208796,0.0,0.0,0.0,0.0,0.0,0.0,0.0,0.0,0.0001802318920007,0.002914239236447,0.0002346034464739,0.0121290440654418,-0.0045593239861878,0.0436920013088974,-0.0345100117241575,0.1416569073338387,-0.1191934415075231,0.3594662546840664,-0.3514003857483558,0.8229863565337813,-0.7344533006405416,1.3678063161386858,0.1532856082770235,1.909737564878187,0.5031006349476018,2.010641079035461,0.8515170051529025,1.8952214361570383,0.9975997470484996,1.7822097423993155,0.9717294561961444,1.8092983063776151,1.028131580861261,1.7699242665294006,1.1170925812982295,1.6926172525618155,1.0316016336685685,1.7318301434303396,1.001481966939744,1.7579972837890565,0.921760301645159,1.821057660363715,0.826722286079402,1.8993764622012324,0.8992491599363354,1.8701092943109212,0.3492594771994706,2.0094426322287866,0.512144049945742,2.0011878780529564,-0.6918044993345613,0.5119798827232123,-1.309316207088952,0.3810628224655539,-0.7760884902532279,0.310104340877261,-0.7914407106691942,0.2446790264289968,-0.6538114099674524,0.2390354258840173,-0.6334091260605887,0.1548324151785707,-0.5402626718160163,0.1341567615004812,-0.428668911114489,0.1399645570824917,-0.4174911449501413,0.1182798979464861,-0.3094140832022962,0.1326207402293853,-0.2925509505252334,0.1476004996849504,-0.2267307119580457,0.1556987887568565,382,0,0,1,0,0,0.0,0,0,0,0,0
106.21663864261694,25.82672480901814,1.0,0.0,0.090417676256711,0.0506322017592745,0.2499797401675653,0.1163045667882,0.0040535287257738,5.468660265266758,0.1875806223239796,0.2303695606968223,0.10203906596511,0.0287632243041157,-0.4268825242853867,0.0567953766771944,1.036681448333843,0.4623471846007557,0.7022713073219199,0.1260715326259646,0.0,0.0,-9.78777249885356,0.8542855065912708,2.5404172125768114,0.6132999515802907,0.3893928912310838,0.4220725148607547,0.5601101817443633,0.3886246717675925,0.0697878641470462,0.2619284887621678,0.0664295662030304,0.2899418582956777,-0.2830913895563551,0.2448448655546723,0.13609291207577,0.2002430563108066,-0.0858512485918297,0.1979374126361024,0.0100949899324098,0.1783461963889099,-0.0128457761666539,0.14080782100331,0.0015833071898501,0.163194811332036,0.0019717397247802,0.1359769722965887,-0.04383489416547,0.1420655522730427,0.0158927194813844,0.1398747772839213,-0.0869042964274495,0.1331742045021418,-0.0216153159680474,0.1281547728221488,0.0474995991531737,0.1136524765542145,-0.0126620626064448,0.1088023186732118,0.031356228267657,0.1025220868144111,0.0005931932063512,0.0941560697842249,0.0134320741652495,0.0954727845698399,0.0043529465476215,0.0882000345078522,0.0043979927544634,0.085699522034872,-0.0075262404478127,0.0781647425917805,0.0,0.0,0.0,0.0,0.0,0.0,0.0,0.0,5.734433518113726e-05,0.0065892033727691,-0.0008725914487814,0.0190674861837666,-0.0304971013310653,0.0554806775379873,-0.1473520918842166,0.1344240655958389,-0.3950836859465607,0.2510936466885881,-0.8817944792791578,0.5254856654957449,-1.3976780924623204,1.0359996210788558,-1.168901193694971,1.9749417067234736,0.5183437045627485,2.519387869415292,1.3232158832538787,2.0653545782960094,1.5801070468837703,1.9949898457615272,1.494006609671927,2.038062687951054,1.1285197575521628,2.308671148188045,1.3793439111739532,2.2302395871548333,1.2560577867662794,2.2736254876916915,1.136211978903814,2.3342094177384003,1.155434008190156,2.294160926046664,0.6697017654960447,2.4491746146913664,0.6082675832149955,2.444675970367443,-0.3228672000726078,2.338260502689867,-0.8137410146723096,2.287248997607851,-0.589845981493599,0.3847999950987705,-1.2862506577499233,0.3698323863073993,-0.8306719974014064,0.2179821539373055,-0.7356462732650566,0.1717807528037847,-0.6055392693595232,0.1669954658777504,-0.5256475854587664,0.1529331490413137,-0.4693907727963543,0.1364473573124167,-0.4386512021845384,0.1249498782189583,-0.3906712751679532,0.1119328485020384,-0.346502680844449,0.1090681848961293,-0.3131719416470115,0.1085819332577717,-0.2644231955435169,0.110774105845111,383,0,7,1,1,1,2.0,2,0,1,0,0
195.9139097744361,71.05255673785264,1.0,0.0,0.1078965929374879,0.0610284711201251,0.362925018351203,0.1859608638024148,4.171224276695337,6.8530427531625575,0.2968844685241729,0.2015242266403405,0.1210183508390977,0.0307689643876257,-0.3783570819548872,0.0689577157273318,1.4725921639097743,0.5723004177835247,0.5879165037593985,0.1347092925677361,0.0,0.0,-10.53046894736842,0.891599537510824,2.341174360075188,0.7178641089569727,0.3486195983064662,0.47701822274009,0.2408972466621053,0.3421153395382739,0.1004601357663158,0.2385966816864426,0.0103137272471654,0.2538830735754809,-0.0853619807965714,0.1920354843790842,0.0187135391248345,0.1684088732926706,-0.002375029851203,0.1487855317475389,0.0404142190742105,0.1428225538102948,-0.019419811201203,0.1334759644131554,0.0732845959307293,0.1294440587377623,-0.0416706917089172,0.112067695897274,-0.0117345716823308,0.1293493770764474,0.0022452052819022,0.0985969636985682,-0.0139126353116616,0.0928350111400127,-0.0220299613552631,0.0849166020271727,0.0086199881243233,0.0788489763688503,0.0115718163204887,0.0795448285957978,0.0011117189094142,0.0707627006163839,-0.0173698367352406,0.0685162116871973,0.0210139917318518,0.0695899332422045,-0.0024540158109473,0.06532260820937,0.0096466848812706,0.0629244410273363,-0.0090176353824887,0.0624837183274209,0.0,0.0,0.0,0.0,0.0,0.0,0.0,0.0,0.0,0.0,0.0,0.0,2.9857262872180464e-06,0.0014680531621732,0.0044688011280165,0.0364671800766198,0.0263395961742812,0.1539070365669679,0.1177227977051906,0.6680431244642109,0.3531858458611849,0.9942624012720642,0.3681941214736841,0.9353429098478252,0.3519401335340602,1.135777911698661,0.3146038640778572,1.358162059461018,0.3804211789933083,1.609576712494663,0.3866745879849624,1.7279431049034943,0.3430865789278196,1.7221986397437536,0.3811264743977443,1.6736065129645976,0.3955733882518797,1.629776402307024,0.4595596356518797,1.6241496753864644,0.441665427658797,1.65787742857288,0.3032076028642857,1.7002496612076503,0.2855355294917293,1.7463194108074804,0.2543595606473684,1.7822707722872635,0.3664276119799248,1.8138585090497423,-0.5416666200827067,0.3427535909629579,-1.5177750293233083,0.3578723140819664,-1.182680932073684,0.4158429575982728,-1.0586548581421054,0.3080053652737617,-0.883257682962406,0.2445682418126454,-0.6956303059022556,0.1720017138255512,-0.543080554706015,0.1595768905563903,-0.3953108445992481,0.1963042143291482,-0.2756853574185939,0.2364497360410201,-0.1661890868173909,0.2552505756280739,-0.082759780792406,0.2404847241264485,-0.0425256300403007,0.2406600484331795,385,0,8,1,1,1,1.0,1,1,1,1,1
191.69327423471913,39.14282280939357,1.0,0.0,0.0795784080039933,0.0431531310780078,0.2634177801126422,0.4375440160081852,4.336692453227002,5.941572551248195,0.1965464607828126,0.2034012283838086,0.0847184390175515,0.0358073237286811,-0.3526910447632428,0.0769918177395988,1.0969695314324155,0.5071901542901353,0.7051802516967768,0.1367646590961538,0.0,0.0,-9.023316035775768,1.1958578626924146,2.7063321276933734,0.7449808565544941,0.0861886424127075,0.6512183185221266,0.1930749016670538,0.4718996429120921,-0.0924391522111522,0.3326165732108012,-0.1416410844448423,0.3240491758208896,-0.0559155703497754,0.2769890779231186,0.0059370020447197,0.2181249640602095,0.0032087100616004,0.2084350762235269,0.0449053128075904,0.1670595596757278,-0.0724468839117458,0.1814023597320912,0.0591520586472643,0.1381240779250629,-0.0387714413549082,0.1262740680220067,0.05847335231489,0.1321290318178324,-0.055340780017316,0.1261912894199094,-0.0130412766131191,0.1087751390489446,0.0391047862447153,0.1140229850360523,-0.0167863088957001,0.1094789849599457,-0.0093995865805152,0.1043919662909785,0.0345487385852763,0.1004564764886348,-0.0324527893388764,0.0938057637040773,0.0185841529658665,0.0889736711801771,-0.0050749736132716,0.0840638383696816,-0.0020272533063122,0.0777030866014575,-0.0062638108717889,0.0715996931694086,0.0,0.0,0.0,0.0,0.0,0.0,0.0,0.0,0.0,0.0,0.0,0.0,3.1356387439262336e-05,0.0015892492113876,6.601910664210386e-05,0.0100020208262402,-0.0010531396658988,0.0265633215374406,-0.0381246939407948,0.0813262475348256,-0.2918422242322746,0.3057041531811339,-0.8659503631867325,0.8724876070746436,-1.452647005620357,1.336704173842152,-1.204603440332034,2.090312959898647,-0.2629705618137207,2.6305126476906886,-0.636874734362388,2.576541171685562,-0.084794450633516,2.6112857422422016,0.7693562433357738,2.515974230874855,1.0062044865561866,2.400604122159459,1.2755978768170648,2.2135659807111185,1.2900820622630509,2.192678784807138,1.0024107476959454,2.3575779418906944,1.1335084062302865,2.327869501646344,0.3251825956350793,2.5080024759201787,0.9964462917472544,2.3044212645149993,-0.8988530515829987,0.4997537844332146,-1.6778106937491342,0.3584014888514724,-1.0862443179650554,0.2879633356834446,-0.9953996995666544,0.2309527355343335,-0.8394951393501792,0.1945894304645627,-0.6842984723183014,0.1575094431219605,-0.5580662260998872,0.1418669655489166,-0.3947752793096147,0.1678489684476453,-0.2990158803154243,0.1711724963833006,-0.1588829866484243,0.1774265266865627,-0.0704279129570493,0.1793361834540286,-0.0047055409673091,0.1604590370821987,386,1,11,0,1,1,1.0,2,2,1,3,0
166.10025362829364,71.55754860153162,1.0,0.0,0.0711257980391503,0.0518165194456609,0.2906481855096097,0.1994811854163579,2.3096402927473583,7.319891816804754,0.2951690404786318,0.2148248092351076,0.1103691490979075,0.0386439289428247,-0.3785316690150768,0.0637233297770665,1.6198657355220516,0.6948927535779567,0.5298343018176694,0.0837945441500785,0.0,0.0,-10.220020684796392,1.001818207694046,2.318752198534592,0.6225173707005397,0.3493887032920487,0.4629590806843078,0.3138094508233057,0.3691366446560183,0.1542953654081442,0.2686242878741274,-0.0018738141677469,0.2857113714102843,-0.0347961825132027,0.2315783826580495,0.0309411849020008,0.1859218080254903,-0.0208923519787797,0.1726276212805883,0.0514127402192334,0.1712364213152589,-0.0125345328066647,0.1501657898302715,0.0483206075863111,0.1402063229972112,-0.0464112634846886,0.1341258199396361,0.0388343377330562,0.127240413730767,-0.0266137670889854,0.1183285051868567,-0.0018995518683387,0.11093804637579,-0.0443656499552627,0.1091792635527889,0.0242050542158461,0.1005890098030257,-0.0127528148535543,0.1009351677499422,0.0022751678543581,0.0881757372368304,0.0135493158714597,0.0937106928865757,0.002767628773214,0.0872134482146282,-0.0027986776709306,0.0798031047754848,0.0155081812314358,0.0730146420883888,-0.0185663519721854,0.0685881140075767,0.0,0.0,0.0,0.0,0.0,0.0,0.0,0.0,0.000757362963717,0.0076545500742376,0.0077388394189034,0.041577494890361,0.0337465595797308,0.1020537445636881,0.0766158981754748,0.1794714727764839,0.1471575013545935,0.2976625369066565,0.2405504136276194,0.4477273757654709,0.221949647348295,0.5191510053792184,0.0463895144282091,0.5846141714915327,-0.139064881248767,0.8609719836052597,-0.1354790940117655,1.2162144223830953,-0.2027598106238551,1.5089753274942603,-0.1699182065816542,1.5649177559747036,-0.2177260110356488,1.492251223204043,-0.2548279579470199,1.633152216893899,-0.3776796584185571,1.6742877665452836,-0.401865784418064,1.5942608431938248,-0.2958219318261237,1.5935267805312463,-0.1242011876234606,1.5878116911232074,-0.0278251909222206,1.5714544628319054,-0.1083249952254473,1.57317407909013,0.0490917769945047,1.63600262095457,-0.4921579990277582,0.3217200945151444,-1.3494722904043963,0.3682433979305561,-1.057167588931943,0.3766580959953625,-0.9520722946315344,0.2954061268070048,-0.8229624654783712,0.2367884114714835,-0.6704297334084824,0.1727950008374394,-0.5419175818303509,0.1416633751545198,-0.4176740132714527,0.1591959461550347,-0.3295601224778075,0.1913674977842782,-0.2255445737907566,0.2124166371731451,-0.1663110420642032,0.2237441822980698,-0.1020026963998872,0.2205470975665064,388,1,17,1,1,2,2.0,2,3,3,2,2
147.384557030615,64.01286676653186,1.0,0.0,0.0807745819416207,0.0577079957741793,0.2888718913562395,0.1962469451539661,5.835300218361365,7.564918690824822,0.2937152869956326,0.2457090387502603,0.1038926572554321,0.0293795894624097,-0.4295702642102411,0.0722518947733295,1.5135994575995664,0.6630876734293871,0.6148959767000813,0.1248298909178562,0.0,0.0,-10.236131633703604,0.9110888973851908,2.553840520449742,0.7321065456150184,0.5588058430450609,0.4235998129301271,0.4029958491453265,0.3607962308116937,0.2097504377269574,0.2372506696519709,0.0221827641145543,0.270553564653945,-0.07788076946,0.200227305574156,0.1078476282875589,0.1877397612566243,0.0009839954155296,0.1682483380695954,0.1020883007176456,0.1838412042417074,-0.0168269325849905,0.1460326979220977,0.0511556159001679,0.1417331379431576,-0.0308805795050663,0.1322671100968052,-0.0257278112802492,0.1366476475112257,-0.0089621470754754,0.1126654174399316,0.0090860679722243,0.1136933645023397,-0.0367819878188024,0.1144746477677187,0.0368019388605472,0.1057091409023049,-0.0064289777380568,0.0979176771161167,-0.0116444352586453,0.0968137791538749,-0.0079400866568084,0.0904174311214895,0.0135067856659225,0.0812632068731869,-0.0164149747796965,0.077333996296123,0.0007688709637604,0.0773128280582712,-0.0123176952176212,0.076623031812654,0.0,0.0,0.0,0.0,0.0,0.0,0.0,0.0,0.0019880767670853,0.0141561002742991,0.0047062146082362,0.0429756679542036,0.0076182206176347,0.0692318418768308,0.0325896305961338,0.1439948333372211,0.0903419576279219,0.3017358158961856,0.2728739552931969,0.799731073035705,0.3777205312817827,1.0921012680237212,0.1617048246854944,1.1697124551112996,0.4117915999284204,1.5080861628271105,0.3100797180953671,1.535251599073919,0.4435624345097806,1.6031216126479215,0.3796843253107559,1.6526243996600554,0.4618504796949336,1.6008965927051124,0.4611747554055269,1.6413059264899228,0.4654108483863451,1.6122378559310748,0.5310474914570577,1.5699155133942455,0.4622741321246275,1.616468168103364,0.5139025180231914,1.652871142663814,0.4655370812844757,1.7036540254457049,0.5007617144332702,1.8071756971965127,0.4959936150495801,1.7657334398884137,-0.5092841003645407,0.3636150159520718,-1.3063194012462749,0.3773055691608805,-0.9316569204768356,0.37362592556247,-0.8383608172311027,0.2932680351779076,-0.7283006197940938,0.2489119177252902,-0.6025508306112166,0.1966555212741918,-0.5379671578721212,0.1355574707256283,-0.4491588717561636,0.1399565145797948,-0.3534607263590897,0.1580072726395094,-0.2900035904357627,0.1808173559676028,-0.2282429185724573,0.1916408422789258,-0.183252485415741,0.199145978480096,389,1,14,1,1,2,3.0,3,2,2,1,0
107.92806886420452,29.281009089580973,1.0,0.0,0.12217421228966,0.0589339458687103,0.3660309179294451,0.1508232892776995,2.89464621209505,5.709835930244639,0.2041313646178861,0.1437477971854475,0.0996978903523362,0.0226268084900681,-0.4431706537460375,0.058919937080503,1.464869428107523,0.4580728903387079,0.7100642217984073,0.1413655824833027,0.0,0.0,-9.901528661632431,1.0037835717315915,2.765210754305301,0.584180898271688,0.4628284840153605,0.3868736657153391,0.268281665956849,0.440445470566048,0.1835750288674003,0.2832624348796073,0.1537688575772016,0.2283059085448438,-0.1381706910496044,0.2500780645375618,-0.1112575403043736,0.2042999398324921,0.0574003891138501,0.1986501884823227,0.0695384054701502,0.1975371291973967,-0.1670499868704569,0.2088744335943869,0.1556214647977732,0.1849906666850293,-0.0879122586797943,0.1784279648786868,-0.0100869411333238,0.1473853011891176,-0.0060729294109507,0.1511886369335957,0.0804750992885183,0.1501850155477705,-0.0547505658119672,0.1407418913360646,-0.0465198249120151,0.1247630464717576,0.000483095391312,0.1204023106638525,0.000553564668292,0.1207909712552984,-0.0259748093640267,0.1108592564511218,0.0027243519664931,0.1055900301365136,0.0239881665325751,0.0946357018342488,0.0082841589000773,0.0917983721562719,-0.0234867961292971,0.0842565941613263,0.0,0.0,0.0,0.0,0.0,0.0,0.0,0.0,0.0057709169606137,0.0330508742679848,0.0151022592315005,0.0933995624376893,0.0087215138152591,0.2281155673919314,-0.1189575344953046,0.3118964453942116,-0.4135151404145821,0.3719088846458797,-0.9883065589097032,0.7762401940674672,-0.7329631472794773,2.0206205455805955,1.2198844217860365,1.6033962087591087,1.74244529383186,1.2945543592100222,1.729121432361795,1.145607248988108,1.7635111198056754,1.189082203352926,1.4951124420344837,1.5142949186810402,1.6593875765709647,1.2728817844381517,1.6895707446377672,1.094800087306402,1.5378697423942682,1.2614034839125223,1.5537311902935746,1.1935478949050875,1.3266886733877994,1.4778288250348417,1.3384035354513029,1.5011420511311446,1.400506195563001,1.370085061754394,0.7963806306162211,1.7490421407688024,1.2742261709757483,1.6769082590013056,-0.5751777916654467,0.4949353967373906,-1.2403860909770366,0.419487666561717,-0.7974855104610706,0.2437987912927178,-0.6652848970338394,0.2192830754688646,-0.6057703291157445,0.188753454315299,-0.543308112350197,0.1634088766217969,-0.4503494250400762,0.1576941839718889,-0.3994029658261643,0.1403220786589175,-0.4104226403396819,0.1041152362822911,-0.3647251115035694,0.1053018834561026,-0.3171839391943584,0.1326742533120064,-0.3025872632492977,0.1201484475560943,390,0,9,1,2,1,1.0,1,1,3,0,0
221.9432891448901,55.668794098197615,1.0,0.0,0.0907602729511655,0.0529970161716372,0.3101773318044979,0.2463643886309809,5.4742669439771285,7.504099232763704,0.257986009198255,0.20299425147552,0.107638049231714,0.0378737298927646,-0.3519300551014357,0.0722327925833825,1.3709215060776756,0.5959660844825432,0.606674457668036,0.1373069667888253,0.0,0.0,-9.487762487823472,1.4277710849594898,2.461660282618271,0.6434446521772458,0.3602252898390157,0.5726511449277112,0.3071666453026132,0.3766412122919917,0.0245305246599889,0.2521329439425587,-0.0534793670651814,0.283024160811883,-0.1579133349232349,0.2339914367921811,0.0244002952919401,0.1916949848415295,-0.0697834386609631,0.1999995946552268,0.066239133426026,0.1538589029980318,-0.0440961797001397,0.1615313000078993,0.0297579314034941,0.1452370200487206,-0.0068909283385667,0.1267364435719833,0.0678176837240269,0.1292601399667325,-0.0444779278318487,0.1242002142407554,0.0022203049639574,0.1127557716819116,0.021531980838211,0.1128925399864307,-0.0205798755098852,0.1101296600817428,-5.219567959849474e-05,0.105073274115481,0.0089062837611664,0.0991959846426328,-0.0100569484649595,0.0923769324362161,0.0133203306915293,0.0856653937212722,-0.0123484188350942,0.0807397998587253,0.0127998488772521,0.0781543258399401,-0.0143729243618017,0.0734652983920671,0.0,0.0,0.0,0.0,0.0,0.0,0.0,0.0,0.0,0.0,0.0,0.0,0.0,0.0,0.0002081580265113,0.0038333292516038,0.000656403906319,0.014772900873245,-0.0059353011939811,0.0421147376470003,-0.0824649400925829,0.199609544303044,-0.2448309589657147,0.5440722960154922,-0.4731875885780781,1.255850966211197,-0.0352470625479649,1.760748367857775,0.1449188684157384,2.0227902919555194,0.4934214049824235,2.063241211383782,0.8664269000838593,1.8872631061663616,0.904680306380077,1.8187867405501812,0.863883393654356,1.822940515414523,0.8823005002316717,1.7966601498343135,0.9413171497170812,1.830374028060412,0.8693248281694972,1.847854485051916,0.7911024434365339,1.9092664263304413,0.8200925291254076,1.8526106892891163,0.7077327358053449,1.809602194718401,-0.9610196664520774,0.7222173226176664,-1.690451555334378,0.4112968262627407,-1.1602261914827834,0.377691011664629,-1.084122797086104,0.2343765983489617,-0.9009186281394264,0.2073540686831338,-0.6856615129655669,0.1888582399297939,-0.4859730995386896,0.2021932723203081,-0.3302879593908348,0.2175809017675986,-0.1704162298992418,0.2320011747834479,-0.0873939325889881,0.2184855232343221,-0.000835743780094,0.2020414047950731,0.0615369454667316,0.1777678580218671,391,0,9,0,1,2,0.0,1,0,3,2,0
202.38981507708493,46.23003163487729,1.0,0.0,0.0657049061603492,0.0501844540000899,0.2431761398021001,0.1468743157420483,3.724760527184599,6.126546709091864,0.2827658976489297,0.2791745392938122,0.10186341181969,0.0375224981010822,-0.3354767472625743,0.075162483385536,1.4424154833488445,0.6423562721878363,0.6134682673087039,0.1389852554927448,0.0,0.0,-9.692296269170074,1.3406354548786903,2.3802504574839154,0.6364374738212932,0.09641453703554,0.6668385036117556,0.3430769228555821,0.3912533585502157,-0.0901541526639825,0.3193439287731309,-0.0349173200458867,0.2953319273015284,-0.1586879612092785,0.2233222074005137,0.0462449932793347,0.1929858103462347,0.0365848179704552,0.2008285579460466,-0.0226176113201958,0.1795876544819635,0.0648306096738477,0.1896614324308774,-0.0126954615478533,0.1399025627242855,-0.0079319302442115,0.130532161594478,0.0352984173957269,0.1344159352443201,-0.067241458445215,0.1192244654084465,0.01359007457157,0.1076583328545175,0.0036203632905798,0.0994237545655713,0.0141833894737182,0.0952410928868535,-0.0088456023829729,0.0908925012354652,0.0142473064425686,0.0799041050458921,-0.0130523976812932,0.0783222833358707,0.0074620180605956,0.0740093950965081,-0.0043804520715008,0.0738021345322313,0.0045061906679318,0.0717664589729825,-0.0099805323450936,0.0707261629632798,0.0,0.0,0.0,0.0,0.0,0.0,0.0,0.0,0.0,0.0,0.0,0.0,-1.6494505393517585e-05,0.0005936501126917,-0.0001129722203779,0.0071787354523894,-0.0002675123120891,0.0204625494038337,-0.0110949858945817,0.0719411494214701,-0.1002915568025865,0.2842978922513538,-0.3186576425073201,0.7933739175906475,-0.5748920674232995,1.4293068394577766,-0.3739506509577955,1.8571853356043695,0.3432567772561,2.0419509360221473,-0.0245527158411605,2.1599902405702385,0.521305701802695,2.0305221163134286,0.8183979493121027,1.891245486525747,0.8823371109719581,1.822190877302346,0.8636391763817018,1.8236387574137536,0.9391127423098372,1.860731517520885,0.8962008207033949,1.9056343079096885,0.8827317612770202,1.8543633516605056,0.7918879010555577,1.8932009716496845,0.5556488062130457,1.876672646503283,-0.8862727847853356,0.6383110745621209,-1.5981155760126249,0.3434968713527042,-1.1191611457937118,0.3382850430689049,-1.1201933396188242,0.1920245865810507,-0.8651493133532957,0.2078835501332831,-0.6837940425529074,0.1788481197969237,-0.5170345968138226,0.1704709945874706,-0.363470892229191,0.1904030657247389,-0.2601649698568365,0.2012391317135884,-0.1241231561441184,0.2039104413067897,-0.070415970827617,0.197259815310959,0.0376507041092299,0.1749006565776899,392,0,1,0,0,0,0.0,1,0,0,0,0
118.0125233354076,35.72892267987472,1.0,0.0,0.0579387268246587,0.0453878496958957,0.2289773090116728,0.2537799913797979,0.1440440079183779,5.3958112248393055,0.3072424038285262,0.2995677726882292,0.1078988566220701,0.0274887234335211,-0.4190555156606513,0.0593541262410196,1.426483581725783,0.6164305447761443,0.6273612974486621,0.1395320562287937,0.0,0.0,-10.317492631196846,0.6957906197561348,2.4568972155102675,0.5624669745171917,0.5638068213658369,0.3561750767902328,0.3209964219066065,0.3388911942373652,0.008341113521816,0.2854563328853249,0.1007356558895094,0.2417165637392027,-0.3067675430131715,0.2819856051909709,0.1016753097314353,0.1861509857414856,0.0314909088855216,0.1685963185258886,-0.009986441958983,0.1706159746008534,0.0479325322628967,0.1490266428319572,0.0629231308164281,0.1383524034740578,-0.0947046665402406,0.1562762853378091,-0.0081597387525772,0.1316287140038275,-0.0378447841064493,0.1222684632327974,0.0217482817508608,0.1225423259493422,-0.0345226768755289,0.1156320620837166,-0.0286155444387575,0.1124527701292421,0.1083819261419518,0.1211400225308439,-0.0095994468242843,0.1033597995389571,-0.0287379762160755,0.0871150819640028,0.0469446554484961,0.0860740825496676,-0.0225274150926623,0.0850831943700145,0.0102535644448102,0.0765626487297222,-0.0009564043280958,0.0759922935646216,0.0,0.0,0.0,0.0,0.0,0.0,0.0,0.0,-1.4605669053360275e-05,0.0060823061973762,-0.0013420542587222,0.0195782484867816,-0.013267716878927,0.0542064337960338,-0.0923844860540904,0.1712241458223775,-0.2727014883725007,0.4251339141543258,-0.6588808801584684,0.9998390930846291,-0.7585141583022195,1.7438734597616945,0.3293355969239265,2.004152512267771,0.9205334907735429,1.9868837704811777,1.0110523799471065,1.6938113808009856,1.097105262378656,1.6895534732528543,0.7289420235516489,1.9295356129714585,0.8497722017703796,1.7518221623121424,0.7712368778671436,1.824400167401168,0.6194527921901577,1.8182252901033649,0.6120597149476249,1.8000481654247007,0.4358383468969093,1.7817871451690526,0.2717313818030491,1.8291378747510465,0.3250375870618128,1.829586422944118,-0.2123006850923045,1.8359574088477637,-0.4012010751895872,1.9492123748613763,-0.4919325177604231,0.3233876142586087,-1.3560941013275252,0.3817799308024705,-0.9794312988487868,0.2259371685126577,-0.7632011780750881,0.2121115080627412,-0.6410583194876582,0.2097681616697483,-0.5613413979983405,0.1801721483378651,-0.4595382661698818,0.1713106493464006,-0.439427736356565,0.1172951199155006,-0.3964403960070525,0.1037589277041701,-0.3327884820213648,0.1165579612717605,-0.2927577349521365,0.1306061534177819,-0.2344297930911636,0.1452052833382778,393,0,2,1,0,0,0.0,2,0,0,0,0
183.6636083143878,43.49565330757189,1.0,0.0,0.078677595438025,0.0554780784045124,0.3212794192747186,0.1894859878142673,5.1829661067479975,6.043829814578286,0.2979531793840803,0.2582802505581729,0.1075558831452311,0.0298032288772519,-0.3784355959973476,0.0658912798916712,1.4382687842373063,0.6046361615102249,0.6167825257118111,0.1464339926531359,0.0,0.0,-9.889646909169644,0.9486281758599212,2.449187934748836,0.6067133037941693,0.2939298284955099,0.5423174569136057,0.4360614672518674,0.3929728124864186,-0.0821370445011367,0.3241507890563039,0.052436940883539,0.2802902303101118,-0.0997446729481379,0.2258060781317933,-0.0363333868370888,0.1981414929322844,0.0373214448583414,0.1968106981470241,-0.0809005602455477,0.1759311469459568,0.0258015608768539,0.1771188355733329,-0.0078258400866406,0.1365651114401846,0.0311443059151943,0.1270848440456923,0.0165261693490015,0.1165038482365462,-0.0752307171002806,0.1314872722493539,0.069403859097776,0.1251124723564371,-0.0498218495512152,0.1009091248926934,0.0226772391845323,0.0928932358315194,0.009425459366128,0.0858754447016887,-0.0081535285450443,0.0923414911409174,0.0061266736289704,0.0856368857547803,-0.0013133649702492,0.0773771488036662,-0.0019546793687317,0.0742955792876493,-0.0112525602421159,0.0704236814212971,0.0141437686729457,0.0643922964853865,0.0,0.0,0.0,0.0,0.0,0.0,0.0,0.0,0.0,0.0,0.0,0.0,-3.547294677036912e-05,0.0045228369114989,-7.135201282423944e-05,0.0117106879139416,0.0002315108184169,0.023221966653122,0.0185808478081206,0.1027917071044311,0.1097452654239913,0.473358523271861,0.3766462755867489,1.3800215626666426,0.8110181103450524,1.554585352365402,0.7753010554005629,1.5858583317336914,0.743962249813251,1.7094077658393123,0.7364959380529393,1.742320428151627,0.5806640904785104,1.7073387824794088,0.6882654186283425,1.6327716983327325,0.6969780691244453,1.5998640868078673,0.6828348167835877,1.602955031719664,0.6841676134302265,1.6186980018973405,0.622571134674001,1.6684454832591484,0.6234129573581789,1.6546231024249682,0.4566312937282125,1.683020829798453,0.4000588044370466,1.6893788756344763,-0.8080295783371224,0.5055060681402369,-1.5866268502760636,0.3636392461725435,-1.0170596411957349,0.3513487931761573,-1.0286498421809027,0.2148239134084444,-0.8331555190015698,0.2067674359337915,-0.690094524786186,0.1537731434361225,-0.5497318442286457,0.1545146718297613,-0.4046443943114647,0.1737820045148903,-0.3187185476034481,0.1802500787883492,-0.1888149174617706,0.1921941120674444,-0.1496496752334361,0.1973681691483345,-0.0373395000017808,0.1772939262247411,395,0,7,0,1,1,2.0,1,0,2,0,0
107.01189837462522,31.24348133718756,1.0,0.0,0.0781523924223591,0.0569449410269129,0.2828618729490989,0.2323015969676717,1.4732630803740192,5.635589408155501,0.2709055832306706,0.2805827125871925,0.1019327843632633,0.0283997214802279,-0.4278654275840302,0.0584687518127482,1.3135513470096258,0.4677023780559968,0.7146244178633423,0.1408036670440609,0.0,0.0,-9.84416664352217,0.9393496497187293,2.683401213040871,0.6609922729544824,0.2830926988454158,0.4159962362604542,0.4049892508878334,0.3703870125113512,0.0507833909192993,0.2866203699805534,0.0812626419952785,0.2421404393846746,-0.2087975551410762,0.21849168440036,0.0764767294907401,0.198498379601112,-0.1037072969583083,0.2009672356947034,0.061844108682752,0.1824549344070197,-0.0044562152908758,0.1652511563038839,0.0697588850214328,0.1416761143725405,-0.0091741979576929,0.1477393606384852,-0.0728979715512703,0.1605788229505109,0.0515390789632507,0.1405635823411413,-0.0207555029397696,0.1406762376642203,-0.0066207186639883,0.118270036343323,0.0018018272515038,0.1103925257469081,0.0140422713613539,0.1081888856982222,-0.0272524577838093,0.1081538718750036,0.001730935009506,0.1014890353660624,0.0097501039889506,0.0959104396140487,0.017604278388717,0.088815201346428,-0.0430793742391383,0.0851572851189729,0.0198250886229856,0.0771331485953574,0.0,0.0,0.0,0.0,0.0,0.0,0.0,0.0,0.0022005892323596,0.0130847150823662,0.007349801726848,0.0546764292080472,-0.0428174597001631,0.1424030824292362,-0.2087587093680804,0.2950388325774671,-0.6027165839612435,0.5507465558016731,-1.3414731239759,0.9331251060381552,-1.1465377325174055,1.953160485471551,0.8314070093179738,2.215175114099684,1.589901939845984,1.636240077455467,1.6941683248824362,1.4674539869264898,1.7460443796442164,1.357428053123759,1.548506170571848,1.6467643487158108,1.6532676831270317,1.5395336894681446,1.8309277444794063,1.2656298264619998,1.7294846168344642,1.5497488247880942,1.766588567353006,1.462212586530813,1.8006164929083162,1.4218666194764469,1.847735462884646,1.4613622807573967,1.699529913304087,1.7022792417935038,1.6986820118362,1.8096765850030856,1.597116404646994,1.942375991517204,-0.5506540331413129,0.3840127597140617,-1.1568187486823418,0.3282990777772215,-0.769294659952659,0.2356435199411323,-0.7224819993687865,0.1931339882431761,-0.6130578580587028,0.1818332762066788,-0.5463331617762348,0.1624015542410379,-0.4747243142553258,0.1457386411637045,-0.454971771402872,0.1153481353694104,-0.3792336057314185,0.1073661287289653,-0.3755695744431118,0.1024696867439571,-0.3260703650702224,0.1143318132659962,-0.2675736926557992,0.1265737690377357,397,0,5,1,0,1,1.0,1,0,0,1,1
87.89623729392672,26.563346083770632,1.0,0.0,0.0590425326750316,0.0356664170754357,0.266614161896989,0.1495210753439018,-2.2511259219601225,4.45137979736482,0.1784505585262919,0.197782403353148,0.0882451130601349,0.033175933680371,-0.422612059964124,0.0525210111996358,0.936754948748612,0.4163609822615888,0.7803784795421542,0.1337130055894114,0.0,0.0,-9.59508248910908,0.9903436085883628,2.737822993600837,0.6610803962287372,0.2696181101106176,0.4142516968559639,0.3888005955828317,0.3741517316769545,-0.0675556889040317,0.3239965611134134,0.1501208939966686,0.2758096044069485,-0.3122097328722986,0.2704810646618056,0.046688910750662,0.2004287431326183,-0.0710677177811736,0.1934621512258318,0.0594364834527668,0.2035650294157477,-0.0691228456917015,0.1705471318950062,0.0425883040850243,0.1509742931489531,-0.0486239409584863,0.1546073454994875,-0.0624083319793457,0.1598255923692415,0.0208993220664358,0.1253396614560649,0.0198656583630306,0.1445238610699073,-0.0513188766130733,0.1151479154603105,0.0381040665005466,0.1060216814383179,0.0110179308421145,0.1082859515640329,-0.0252579935728196,0.1057255660751178,0.0273764818644827,0.1093920920620413,-0.0065648267816947,0.0970071240632701,-0.0483978034784287,0.0882704393354812,0.0489039722860627,0.084221815699185,-0.0193272986710621,0.0809266119337128,0.0,0.0,0.0,0.0,0.0,0.0,0.0,0.0,-0.0047681709366262,0.0224832597523243,-0.0631534789936503,0.0932182886048513,-0.264021057439912,0.2039042974771857,-0.513959420147006,0.3253777104833218,-0.9428538269083454,0.516880303056329,-1.4925495516037413,0.8563507374485136,-1.476493693639831,1.7828774823452744,0.4636205053194669,2.6551263164070176,-0.2789665317937986,2.7555996726371093,1.02767842545571,2.5653248831218822,0.881673168514564,2.6439020173878864,0.426431785251986,2.7011146731203564,1.2089377626706246,2.4204508628367596,1.310223666084394,2.399753236011772,1.0509962939544717,2.4956489364462877,1.0515650477791063,2.4881480566349734,1.0401977098727255,2.4908508323898917,0.7414727980054668,2.6109552587053355,0.706036087524558,2.637822797627264,0.26002058139959,2.6820140225286937,-0.1296488384244469,2.601098011807259,-0.7716809165361324,0.5988421393167088,-1.1002869291876654,0.3684921289161729,-0.5847219028760571,0.2515808570732424,-0.6016440553301444,0.1808155275241215,-0.4845208087195695,0.1916456818905421,-0.4872182985431366,0.1570436093940984,-0.381781279780046,0.1718227669771783,-0.4229466142137183,0.1157654750559665,-0.3474646523945502,0.1240389220261648,-0.362734149105834,0.0977888964586978,-0.3208208265542838,0.1042349139491006,-0.3000701811933031,0.1019772727367424,400,0,7,1,1,1,1.0,1,1,1,1,0
198.7802112330113,46.887986031752696,1.0,0.0,0.1217259858131624,0.059561164454091,0.3688935415510344,0.154630864391393,5.31320540617559,6.42436971529822,0.2526371142828175,0.17131995420767,0.1221292474018885,0.0273963298306726,-0.3693853341520659,0.0675407144355585,1.5122590240707383,0.4641601069274828,0.6474067013263468,0.131384311678613,0.0,0.0,-9.999910790895694,0.9116103202182504,2.5224504832616397,0.6330309819950853,0.2048394147225233,0.5656415162054265,0.3506887903896185,0.3634384384151222,-0.0280375900835707,0.282668463587799,0.0085213703731783,0.3027049622994851,-0.0380247032631952,0.2363557068962251,-0.0518894031286665,0.2140132024556755,-0.0325719901599257,0.1840481207186142,0.0233806917071748,0.1458594871916527,-0.0188680193509906,0.1462728025499645,0.0228542918139932,0.1332097913076035,-0.0042320324803395,0.1327775588561992,0.0348461421646962,0.1204328514203512,-0.0341138478757,0.1056501192751049,-0.0089249068288685,0.108935379211881,0.0103896940661153,0.1013804166963644,0.0319784098757955,0.0875410360716632,-0.0533002598118388,0.0946632821365754,0.0644099505332405,0.0932616097222406,-0.0511525783756481,0.0866723397375764,0.0162278101696031,0.0726624081405771,0.0087104847933963,0.064214142805751,-0.0101972294514355,0.0641908167668884,0.0038334685016129,0.0621762438157109,0.0,0.0,0.0,0.0,0.0,0.0,0.0,0.0,0.0,0.0,0.0,0.0,7.640148943234539e-05,0.0009812802850438,0.0011156083289877,0.0112107892065893,0.0015877424923503,0.0333982369536324,-0.0214882253537595,0.0941319146272439,-0.1739689245079799,0.336570474605696,-0.527256379141365,1.037348227056629,-0.2686171648232929,2.0273090468955557,0.8935529910843839,1.8989111617767231,1.2376612737996016,1.4039570341550518,1.1854708396569509,1.4568731125086951,1.3412470751470988,1.3840744859082474,1.4353134425252445,1.31970295325064,1.426199960066317,1.2372308215682155,1.456770351870722,1.2280624435797585,1.4280346174772118,1.3511857042304898,1.320238862389744,1.4242834429774314,1.2656645133969215,1.4326815756769995,1.0587116338537743,1.516159185576582,0.786931926538808,1.665831770813619,-0.7693174622700726,0.487259853653782,-1.6377975960919169,0.3796820070430666,-1.093725129250587,0.3235329739994405,-1.0612086165329402,0.2126711378070794,-0.8549777221330713,0.1948245934158579,-0.7089771784072921,0.1511090317648709,-0.5652601697835544,0.1571909837519466,-0.3837285245314665,0.1895205808931832,-0.3020800561775176,0.1907949530685494,-0.162237479177583,0.2030639313062165,-0.0852482292702418,0.1936465451006889,-0.0076550958346741,0.1777458730270059,401,0,9,0,1,0,1.0,1,2,1,1,2
193.20105955737844,47.06228304950629,1.0,0.0,0.1092301542622746,0.0566483107610293,0.3332802540009399,0.1403645747662695,7.534621828524595,7.476448344814242,0.2439733763376057,0.1674461829294273,0.1157314428571021,0.032962142048778,-0.3868637773533852,0.0729841396574468,1.4633956825885102,0.4935510041482592,0.6713396322880174,0.1465333051352642,0.0,0.0,-9.90859224415392,0.9253272521513994,2.8023256800618075,0.6764869095915974,0.0954043462271782,0.5391608859898359,0.4491329191523256,0.4179304444328131,-0.2125938361556552,0.3425539741426679,0.2910911488646444,0.3082416370208984,-0.1558287931947079,0.2277957990812176,0.0967823051530291,0.2168026399640922,-0.0515028929535062,0.1922642343954151,0.1006011546239568,0.1631602306463291,-0.1189915855531288,0.1640235022295024,-0.0043345300793671,0.1544200637433974,-0.0427376195358885,0.1361787429740859,0.0587421822061294,0.1230174546330422,-0.058366026715261,0.1196385801362107,-0.0031687880961206,0.1015860157831313,0.036020809369522,0.0920635073430681,-0.0180972816454498,0.0859230541062806,0.0193953347627075,0.0825142229098459,-0.0089807788977669,0.0809021976922697,0.0044169315578336,0.078094019543835,-0.0034620481335589,0.0765794822699806,0.0215254779058361,0.0687716577857605,-0.0270006125011848,0.0663944283332384,0.0259871133895496,0.0638650398873849,0.0,0.0,0.0,0.0,0.0,0.0,0.0,0.0,0.0,0.0,0.0,0.0,-0.0001296850671907,0.0044502567600269,-0.0029323682648543,0.0287705994325556,-0.0090027831442051,0.0770107134819203,-0.0282356722615455,0.2060926125633096,-0.1431283217427326,0.3732862540463235,-0.3915794504327096,1.1052883602384205,-0.4152888710430374,2.0373917363136016,0.7870009255294654,2.050507087433312,1.4507604414289217,1.592135913555859,1.5245172088925918,1.5715384477624734,1.5191737493904698,1.5594145853550256,1.5661277535788545,1.4261886308569651,1.4705430378503517,1.416921175353501,1.5000396540314451,1.4095431017224291,1.50904195477154,1.443531124474383,1.406693985832436,1.5318275516191588,1.4687479454245354,1.4058929953059565,1.317796482730639,1.5321839359735672,0.6577300656834429,1.8271704036736829,-0.7214196345922698,0.4596166552108708,-1.586350618644792,0.3904232508719607,-1.0651802209461962,0.3453883938580409,-1.0124307639066907,0.2513629833810956,-0.810187221028796,0.2270386730074737,-0.7229155493748041,0.1339667376708544,-0.5662114549263721,0.1429500847469483,-0.4198236195482297,0.1743356744744962,-0.3175019766246262,0.1909709313424304,-0.1843611107600899,0.2053988498079671,-0.1107496592311373,0.2014385605089024,-0.0319505263301147,0.1882588329944894,402,1,11,0,1,1,2.0,1,2,2,1,1
200.60085519780992,37.0906307054465,1.0,0.0,0.0708654793126656,0.0442238067045527,0.325937074144996,0.1610847062660511,6.624248150025044,6.329609124964332,0.3659498864688785,0.3613139801535309,0.1032908483282457,0.0435051793523614,-0.3198396166048889,0.0719595812669526,1.321236637837052,0.3929377572326464,0.6768621387213216,0.1170364294982442,0.0,0.0,-8.156501892094871,1.3667833719997309,2.464722416400174,0.5950078238487125,0.0388051396785861,0.5993997438681863,0.3769856359752161,0.4352506000534478,-0.1403746095591346,0.4005095172648404,-0.0865779451305569,0.279080639403206,-0.1322401387919907,0.2566502998651834,0.0755267353123288,0.1962992479468869,0.0254326436468493,0.2404267359585671,-0.059249910809413,0.1897221336111104,0.0961040844873416,0.188495424917017,-0.0954423371874651,0.1720383479225074,0.0245596119657693,0.1431100273116671,0.0136408441401676,0.1334106864775362,-0.0587205220953678,0.1502602295563354,0.0091146648706633,0.1358746137809924,0.012058622093592,0.1176944284406383,0.0268957941090253,0.1031577290609633,-0.0256364963039368,0.0968207885997225,0.0309903507465997,0.100021120132312,-0.0423911980732211,0.0980252813924538,0.0310399226481163,0.0983774513511107,-0.0117677793583375,0.09376932605136,0.00065169807599,0.0812046168658584,0.006201627501848,0.0705165772160318,0.0,0.0,0.0,0.0,0.0,0.0,0.0,0.0,0.0,0.0,0.0,0.0,0.0,0.0,0.000118828477531,0.0019599500705304,0.0004483679026244,0.0074242386565416,0.0008058268103994,0.039239906803285,-0.0130234370736751,0.3086816859806519,-0.0683235343936138,1.0228154190763126,0.1184689698539137,2.0189796270014124,0.7202784906571456,2.3177069205456777,1.406256727358868,2.136954326171492,1.720895638843908,1.90470533695468,1.870721573056303,1.381480798409808,1.8898015676941156,1.1211836697537845,1.9005836238706788,1.078705276137365,1.8375587782021463,1.0594927351801675,1.8696115997070768,1.1115588659284616,1.8073078385137,1.2023327166207451,1.8792818371320588,1.1541418105658618,1.782479294218701,1.1891738198639108,1.696832583776316,1.171487739018667,-1.3054640943140248,0.6916550451702552,-1.6220508416309325,0.2989445280621057,-0.9238474775674104,0.3885907063436354,-1.0866188259078906,0.2037877025151252,-0.7979529245475688,0.2504928147155385,-0.7239287310257528,0.1506815049331563,-0.5174001503125228,0.1655986142977975,-0.3677397083342054,0.1813031032582473,-0.2366934037055624,0.1847672365172532,-0.0701706305442183,0.19194658652298,-0.048389585487516,0.1744697817359405,0.0895388510902415,0.1551016212361089,403,0,0,0,0,0,0.0,0,0,0,0,0
120.43727638640428,34.483923498466474,1.0,0.0,0.1022067921186653,0.0536232494153846,0.3377234568962912,0.1849811211844575,2.219807861596505,5.976084162816598,0.2261289403855162,0.1611363055817465,0.096690598445566,0.0324079818526229,-0.4119480150012777,0.0617762616950619,1.4307970681063125,0.5993272646721582,0.6488144630079222,0.151834338469692,0.0,0.0,-9.73174271658574,1.0636987604787822,2.5840426948714543,0.608226915341913,0.2587184219103309,0.4596737338189565,0.4797672756007219,0.4073476884766686,-0.0712668055901801,0.3269468577225011,0.1035990537514123,0.2660540693444784,-0.1046777818377204,0.233193607699899,0.0185002603045744,0.2029489320628596,-0.0196381007272457,0.1841055530209976,0.026902579391148,0.1857724863492824,-0.0249671765795329,0.1455177335571262,0.0261229589671435,0.1577171200302949,-0.0415167413090339,0.1397589383236125,0.0271195790353082,0.1205166743279966,-0.0168336750824942,0.1156657031474154,-0.0207456531976424,0.1162090535928403,-0.0322450353601792,0.1041419401714217,0.0670890502037471,0.1080485960982272,-0.0649172353870847,0.1206713134922008,0.0281818350457002,0.0938885645345287,0.0003210428305507,0.0876841607674754,-0.0026219057142793,0.0962080347672888,-0.0166414052565582,0.0902680553096763,0.0384773482381005,0.085515651697869,-0.0184362872744729,0.0778653847873608,0.0,0.0,0.0,0.0,0.0,0.0,0.0,0.0,0.0006482048808251,0.0112980376947005,0.0012195739654932,0.0316299390734816,-0.0028684691461608,0.0515893921178849,-0.0576528432617849,0.1310230034876212,-0.1926336301485695,0.3456941891819099,-0.491218491763765,0.8241655658844469,-0.450753356488979,1.6411485734065885,0.4628059742911449,1.7301042229215815,1.029505413633082,1.7579568961994303,1.0127406859666497,1.6798146406139824,1.085496645154389,1.6728485053792996,1.031701497811781,1.7136021861068398,1.0399543126687931,1.657692874178025,1.0881368698551943,1.6410701934237142,1.0629037617052133,1.649103642585119,1.0340234816432403,1.6708457179158391,1.035567416624393,1.666023134069423,1.0451327987863532,1.6929129286976503,0.9420335454267824,1.7167466729397582,0.79491521124425,1.9030628061288253,0.3493730234476744,2.0197944133460632,-0.719273492611807,0.5680456233393103,-1.2891488883209814,0.3985995565319495,-0.7184703446300793,0.3084582745710173,-0.7791365216234347,0.2287557510053927,-0.6162151392218246,0.2302997597829308,-0.5922129599987223,0.1648400459317521,-0.527328805331587,0.1294591137279054,-0.4259146286520571,0.1400643763776922,-0.4265390043358675,0.1047076466926795,-0.3488247661740034,0.1137049089915237,-0.3042835372767058,0.1272127466760843,-0.2505830573762458,0.1383636061588599,404,0,0,1,0,0,0.0,0,0,0,0,0
207.53608616425876,49.68283824170068,1.0,0.0,0.1040718079952492,0.0529132566156715,0.3585930823302161,0.1493068128720531,5.880797112312378,6.44048766012634,0.2474192364645646,0.1866013876788211,0.1034142543989978,0.0320130865539773,-0.3621411635754262,0.0665617506304511,1.4575395665755566,0.4776427639263783,0.6822310822595341,0.154312430728197,0.0,0.0,-9.496972686450604,1.2036289345827007,2.6442426149616036,0.6844208382615022,0.1620663513153065,0.589922837469101,0.3464105865999934,0.3673491931415565,-0.0095329420167219,0.2929338104373309,-0.0575976427212026,0.3170445121528298,0.0023838424218729,0.2463007875288026,-0.0682130545595535,0.2178168762866703,-0.0250628123503442,0.185773543696834,0.1091825170839877,0.1578945327936158,-0.107865423670874,0.1804005420793598,0.0798254789088897,0.1393961643838016,-0.0632786049695724,0.1281821138619309,0.0493541425147827,0.1171527232339758,-0.0342481953538656,0.1063998308218563,-0.0106073400505746,0.1071454904091027,0.03138986738224,0.1023043514055184,-0.0130410653127131,0.09130528594786,0.0001914645390934,0.0836770297969723,0.0205323596018775,0.0780576873746994,-0.018839842085201,0.0798836855857919,-0.0074404635635233,0.0792386196876983,0.026906738546131,0.0751579435193403,-0.0193382908716289,0.0714778677584938,0.0105482285594559,0.0687207937638452,0.0,0.0,0.0,0.0,0.0,0.0,0.0,0.0,0.0,0.0,0.0,0.0,-2.1358379988611223e-05,0.000440098136109,-0.000552675329043,0.0077840467352117,-0.001439512757568,0.0227201933172075,-0.0151682336973015,0.0623790236171412,-0.1163071114051963,0.274389530181325,-0.3313994806880125,0.9618940511532136,-0.2477416705808603,1.972915479956361,1.036715487448653,1.9883025072515348,1.568257423653195,1.4932131781809512,1.433656026833919,1.5255162592900415,1.5275855310429522,1.3450302907283893,1.5081317340309774,1.3707727167460162,1.5080652959771572,1.2902186725932958,1.582942582244891,1.210292820306471,1.5735724987576465,1.297154678431812,1.484315340500228,1.3990244809052133,1.4370335357253026,1.354028398024432,1.3291239370472148,1.5265336487991668,1.2268217005522712,1.3478657932310265,-0.8760539422816608,0.5638138636246336,-1.6122419129897176,0.3615221377532773,-1.048774345946896,0.4005270844493688,-1.0814629773525968,0.207828480544078,-0.8754227572904464,0.1884043026730947,-0.6697558627137836,0.1754557046960611,-0.5803591895631264,0.1621860113202973,-0.3815371841815372,0.1901799160333853,-0.2707520851574254,0.2061641548294411,-0.1762719686026682,0.2159122699629205,-0.0231452234994012,0.2033995744567303,-0.0144550289081088,0.1910106973762474,406,0,2,0,0,0,0.0,0,1,0,1,0
110.86842898900385,29.352793324164647,1.0,0.0,0.061677354408486,0.0321810333913372,0.2585715849029834,0.1228596992564828,-1.3171749214904895,5.230966756679165,0.1581396968065466,0.16670412616572,0.0897647262230316,0.0405460035889168,-0.3527973938662831,0.0635007990635864,0.9452468544982136,0.4764212660933421,0.7408226812972672,0.1359348227755594,0.0,0.0,-9.005490256576811,1.2041838534362783,2.4723644606959585,0.6684086287113995,-0.0511280509305433,0.5569871817657822,0.5225833495826103,0.4520732296043486,-0.3044172068364033,0.4321311090008174,0.1487676931380828,0.2420969703621228,-0.0972401389062845,0.2483494623231176,-0.0388522245455481,0.230280750862525,0.022810332997462,0.2018226184155052,0.0157319605224562,0.1852408035274328,-0.045094366966854,0.1704668548266996,0.0519050007575581,0.1595437760119703,-0.1475693706434324,0.1895589330011937,0.0321189284575669,0.15231524049155,-0.0409709010200041,0.1358878423078179,-0.0403789144029926,0.1289865086715105,0.0291281298069266,0.1324803538306118,0.0085994144829211,0.1158145156873383,-0.0211771759029717,0.1106059437381597,0.0569580596999698,0.1045747208273238,-0.0226060409083823,0.1065077523029475,0.0229513465354252,0.0901874843810685,0.031638840025604,0.085394759071253,-0.009851079967494,0.0800466382764501,-0.0153494097740848,0.0814860991911276,0.0,0.0,0.0,0.0,0.0,0.0,0.0,0.0,0.0002657223907807,0.0081096673627752,-1.844506216106545e-05,0.03961391823276,-0.0167116952052055,0.0851675758840733,-0.1311498654560135,0.1724910149967945,-0.4042862099725003,0.3149097497952767,-0.9953324859041456,0.5244905637115321,-1.6167329554168328,0.837453705286838,-1.5010499616994732,1.728569853327675,-0.1205359898836588,2.673213381119465,-0.479149507262562,2.7225281976338387,-0.5351041088473762,2.7135345923755327,-0.3564880866526701,2.726518744583506,0.0560087120493667,2.7884207604300215,0.3489067231220711,2.7701339691810385,0.3105179949339767,2.7714889653806876,0.3958220822663201,2.770278029340501,0.570097697448615,2.7454022866256773,0.358167779357862,2.7987380643143123,0.8166033157730247,2.6769688102349014,-0.6054822524776133,2.6952151529957615,0.6355356849181089,2.641620355222518,-0.6970549839723471,0.5135773838325788,-1.0760247995174683,0.3020061464101263,-0.6452318685512459,0.2358502373192322,-0.7877357297963161,0.172464779699104,-0.6131339614919038,0.1752793367137172,-0.5665603341274996,0.1404841021879289,-0.5211916794181783,0.1176550008840065,-0.4380477830253328,0.1207319192865947,-0.4137003080420359,0.1049835943740103,-0.3642736852964784,0.1067916189369175,-0.3166614477723937,0.1125560132164395,-0.3121877383947037,0.1206839597930558,409,0,10,1,1,1,2.0,3,0,1,2,0
153.72640820717743,49.958197372526975,1.0,0.0,0.0936105216895305,0.0647839572362672,0.306168020278752,0.1841662723421689,6.535085770937909,8.85136465491256,0.3191570994270729,0.2684829214500007,0.1106758959244601,0.0279672085872722,-0.4157365029585799,0.0750406001453204,1.478544799431338,0.6703492541784688,0.6276033681702913,0.1309107226828081,0.0,0.0,-9.865417851379387,1.078624843813853,2.492779530761546,0.6455925641945218,0.6127009575822638,0.4351539983615328,0.2426648360108737,0.4058893076552268,0.0461613543346768,0.3009177245350581,0.1233436627548336,0.2848208003657211,-0.1600624825797933,0.2628010121505281,0.2428535272675401,0.2610250202873075,-0.072664109985312,0.2251980283516891,0.0566537375866748,0.1652037572725417,0.0524410255264543,0.1542778255422148,-0.0384739938166525,0.1821485257319681,-0.0270770660013889,0.1264195325284977,0.048501351817152,0.1246720461934495,-0.0539686805658149,0.1287697672079423,-0.0314349316500806,0.1142331012544012,-0.0210535230741604,0.1070640010875809,0.0362583461585145,0.102459645182851,-0.0448166647199031,0.1019555848133288,0.012767484486767,0.0881762642412823,-0.0112097929622811,0.0927190805945047,0.0081414482614654,0.0894321076658334,-0.0066954849082148,0.0843653201114075,0.0105337744563474,0.0799483395809062,-0.0028016497061822,0.0769336929607556,0.0,0.0,0.0,0.0,0.0,0.0,0.0,0.0,0.0,0.0,0.0009052251048173,0.0117491218716754,0.0026076076917709,0.0264652519486742,0.0057543400000673,0.0475348244129449,0.042133988984721,0.1513044436968975,0.1333113815011434,0.4737778433922028,0.2910227193482299,1.122004758609766,0.3927853969853224,1.3137608538108114,0.2704622873768539,1.5349647626559488,0.2771797497963574,1.6470964509541164,0.3774254009678782,1.6635237664468427,0.3831335871724429,1.6731163918612717,0.3466597604065165,1.723182263879088,0.4509088638265579,1.6573063000428083,0.4316639270368093,1.6219704356696178,0.5286175788391223,1.6359947173885094,0.5490873487105586,1.656939013425179,0.5669357654545456,1.695071216409398,0.5748885335084147,1.6765537657622314,0.595163093685161,1.6963174012381554,0.7443371658030431,1.7361411241033653,-0.5320976038715131,0.3542003657436479,-1.3785861015907173,0.3603737795237191,-1.0760015187889034,0.26202280080766,-0.8829444408399293,0.2530493558358349,-0.7295047794551603,0.2440741929338776,-0.6236066475370784,0.1798059458642084,-0.5397110789057097,0.1331522917224588,-0.4714076814946591,0.1286865118467545,-0.3882698310063013,0.1560081091555371,-0.3123249243982556,0.1816278304642107,-0.2424903398037347,0.1969428014131062,-0.1634535604218474,0.1958439308615197,412,1,12,1,1,2,2.0,2,2,2,1,0
179.96404638856606,46.871326621236605,1.0,0.0,0.0721090795763166,0.055425474268257,0.281571004552155,0.1944545868575658,2.7768480112690344,6.093652038984621,0.3196619335211295,0.3239290868043817,0.1020062315565886,0.0314408340768958,-0.3699652642367894,0.0713629346745913,1.4689488054202418,0.6076482068467128,0.6439730753443287,0.1649591777187177,0.0,0.0,-9.508338166712,1.0680487767803908,2.6157403018174628,0.6738458317648393,0.1641722827593531,0.5192671633477399,0.2925479168555921,0.4694698995492224,-0.0702474607043347,0.2857637932974272,-0.137239862383398,0.3406160238571032,-0.164665098457506,0.2319892961920076,0.0123275182429959,0.1927209760100268,0.0448697512826191,0.2364277222977572,-0.0184201406143173,0.1837711370425422,0.0323020709625652,0.1692319954981246,0.0418965892152394,0.1390271329550235,-0.0904163966556563,0.1541699417011433,0.1255170688186815,0.146053481341249,-0.1001822824493904,0.1447125604361594,0.0199435355935016,0.1145227237461045,0.019506617534376,0.1069960833116237,-0.0191969736730518,0.1031320263268119,0.0050523110448309,0.094845855323618,0.01405877250861,0.0868472506679041,-0.02887883636326,0.0864398314083698,0.0229105304813506,0.0787482375096927,-0.0106081379945352,0.0751075650825345,0.0292915259155351,0.0756962696167166,-0.0393719430646084,0.0749269669815485,0.0,0.0,0.0,0.0,0.0,0.0,0.0,0.0,0.0,0.0,0.0,0.0,0.0010633787406443,0.0144257376748522,0.0024164436960666,0.0335824565190735,0.0024913272524436,0.0661442102953077,-0.0600562546669911,0.2043525577738842,-0.2849970495372161,0.5360014620939736,-0.6850178107855641,1.2570579910366395,-0.2767138901591478,1.952256956165445,0.6852895728727282,1.987388225133151,0.9280344541143888,1.946572461545011,1.0389481237751292,1.7668466148716742,1.0156083623300858,1.7089872821039047,1.007168450202517,1.6709419456542554,1.021181022118889,1.63064044092553,1.016905543828293,1.6432888331216742,1.0319892249303926,1.6539930493920183,1.007319020516802,1.672101429467615,0.9860969590113003,1.6936940293762264,0.9242412798580648,1.7171357943988794,0.8387235095489726,1.8273332426626416,-0.9210681698165228,0.6141216217794766,-1.5473458445364852,0.4001985390963093,-0.952322632012067,0.3506226136156736,-0.9790062999777454,0.2207194932714066,-0.7705332794611903,0.2325549514447819,-0.6664439783014762,0.1585981750513642,-0.5664247932029377,0.1478385054977795,-0.409114223354331,0.1785131011816148,-0.341343921197275,0.1848930740340783,-0.1854996200861212,0.1988689217871849,-0.1415691529893113,0.201137456641252,-0.0708579833798966,0.184532304216323,413,1,10,0,1,2,3.0,2,1,1,0,0
220.02523396194408,42.40278199424975,1.0,0.0,0.1070994426838075,0.060978368807199,0.3358743650684979,0.158961333805973,8.08641315623775,6.815505575651495,0.3171806118619667,0.3116001926193191,0.1147502224852271,0.0305436449294173,-0.3520797953286776,0.0666115547429377,1.5021970358223309,0.4441485812678102,0.6796557216771749,0.1413772818075949,0.0,0.0,-9.303444524866409,1.147056978906706,2.8543053484014256,0.7278687759809491,0.2510932583344737,0.6157033522671379,0.4075152654032062,0.4134436991644733,-0.1944147115692838,0.3650642118340998,-0.0148228727006615,0.2863963980891804,-0.1669252280527609,0.2291518225105188,0.0456978301354711,0.1904704337361282,-0.000654497655446,0.1932193856321998,-0.0073979380117037,0.155166788314883,0.027771160234451,0.1675409768778537,-0.048014863720696,0.1474778703929422,0.0534362418705024,0.1389183013747411,0.0115988671727558,0.1159120822405292,-0.0559499173138906,0.109014629387912,0.0070155611858992,0.1002560161964835,0.0299574490126777,0.0925870391059026,-0.0266076533180779,0.0932850714033577,0.0220178855402753,0.0887443644405309,0.0201274508294099,0.0822550946200233,-0.0384037480454381,0.0747925097839775,0.0415389967841952,0.0727147565097851,-0.0310335015405948,0.0691836580313479,-0.0003080582792869,0.0643220758592433,0.0215634504928565,0.0614989825329145,0.0,0.0,0.0,0.0,0.0,0.0,0.0,0.0,0.0,0.0,0.0,0.0,0.0,0.0,5.639790893270943e-05,0.0010483155301455,0.0004068132821535,0.0313383206361088,-0.0017221872109767,0.1029606763297704,-0.0360231683142017,0.298882255046703,-0.23724716215867,0.551718970335952,-0.6032767434751902,1.6877445727508145,0.7074254611196246,2.307566923354082,1.3422833492875117,1.6272769308263595,1.615789170567446,1.5651958698928006,1.4935186159159064,1.3075922117717562,1.533799268596228,1.2002228918254283,1.587647077434194,1.144491040654691,1.5617732959088466,1.1278863395155856,1.6059611554242414,1.0815181171062251,1.5035116038062428,1.2165049129085976,1.5287498657001894,1.2522705952477942,1.4260715202442815,1.223531283631783,1.0699842024529955,1.6055252140373746,-0.9136515735248382,0.5443443243328584,-1.717899353671294,0.4024483432366593,-1.116559187573864,0.344974994491014,-1.103648817891374,0.2155856146981739,-0.8189163503163788,0.2347829511443369,-0.7179888431394723,0.1572081382159787,-0.5157223264041958,0.1690220447309384,-0.3763639598119257,0.1846836083915157,-0.2452961202508694,0.2022533285269029,-0.0804024271296327,0.2159870509498421,-0.0285979206411775,0.2075573019513107,0.0935279351775566,0.208507039124789,414,1,16,0,3,1,3.0,2,1,2,2,2
200.7411905857603,49.281352173062615,1.0,0.0,0.0889368872544648,0.0597239395808034,0.3181029983994444,0.1956076314826337,5.146475798417362,6.658047440710341,0.3040084226590296,0.2593317371523872,0.115450260944711,0.0319107735097376,-0.3730797440911182,0.0679650969803355,1.4483636986391426,0.5958821464598552,0.592249716323713,0.1217772748231216,0.0,0.0,-9.508363486950234,1.2484362646810951,2.5007936305469727,0.6395284742586042,0.3852748865343173,0.5202429088966092,0.3320607394674051,0.427083050032782,0.0027773681630004,0.2748622584306858,-0.1178120084328643,0.3075574608064389,-0.1311306720897179,0.2295451414643675,-0.0162461864842876,0.2057657809057613,0.0007171046288541,0.19675667388144,0.0289711573049766,0.1564441378794121,-0.0244777690873151,0.1459010737142885,0.1007425521818092,0.1440400771774014,-0.0862118034986062,0.1359927319576117,0.0688513842294293,0.1275655408728594,-0.0463794606835987,0.1103653660330403,-0.0014761504202222,0.1006005958368014,-0.0150702628800121,0.0999057911937423,0.0433517943336729,0.0933906260025692,-0.0436833336424327,0.1017090979612804,0.0479249401129455,0.0958585276304022,-0.0325362150059299,0.0821189211520058,0.0199455155991857,0.0800025185460463,-0.0061417694444941,0.0788504420473048,0.0018195636309052,0.0794728967020984,-0.0139786276830353,0.0764656727187099,0.0,0.0,0.0,0.0,0.0,0.0,0.0,0.0,0.0,0.0,0.0,0.0,0.000171102259104,0.0020066018537428,0.000979608753855,0.0122852246018706,0.0013946685682972,0.0300591908360197,-0.0012807362938228,0.0683632167875876,-0.003402580606557,0.2690343465565897,0.0579943300081859,0.9873588664232456,0.3757703132937348,1.6351937539860026,0.5778076642121163,1.7015589170163123,0.7323954301682993,1.757692779177645,0.7432076720472027,1.8347541945897023,0.6046641398482347,1.7842531456198354,0.5895854467385873,1.75550161349442,0.5674041148974427,1.73514798044891,0.5814702116944974,1.7255560640732397,0.6348340119052004,1.7317237248879709,0.567541110542798,1.7872002693335491,0.5015957555717573,1.7889227677493844,0.5283642835603183,1.7945448221396254,0.3173400637993918,1.818565680193024,-0.6771522273450135,0.4145893305670852,-1.6106705219906647,0.3989460364372663,-1.1805298729537834,0.2973785531822074,-1.040230342515285,0.2223311437153552,-0.8572611823510617,0.1814542967421381,-0.6820288419992111,0.161987835226303,-0.5420721980744528,0.1630829251971614,-0.4080228374137137,0.1899836548268169,-0.2963283876806258,0.2053343599584671,-0.1722738594961804,0.2100816417588448,-0.093339105030971,0.2003884492791398,-0.0192269057609953,0.1846879041821778,415,0,3,0,0,0,1.0,1,1,0,0,0
110.76127065835816,36.069379541638064,1.0,0.0,0.0748190006550338,0.0489484999650935,0.290078703623896,0.1602747156076279,0.9727107745366296,5.734395287020785,0.2539547270292089,0.2478253452489532,0.1005412331695475,0.0317652812282747,-0.3907264684340287,0.0615764293533459,1.3188993351395284,0.4399429427732652,0.740649033866161,0.1435261375930883,0.0,0.0,-9.890397263614195,0.9212412504565844,2.7229228498019507,0.7410990705024807,-0.0132137979628014,0.5778976871711531,0.3899205213913519,0.4072807326469868,0.1241208885856678,0.2667542687020667,-0.144859057057502,0.3123957292481893,-0.0779538457262476,0.2195834003830667,0.1018855516957924,0.2207089286325629,-0.0739909645250907,0.1931332979462669,0.1407432233966919,0.2008293531427629,-0.009229117439962,0.1621652792616943,0.013584960485424,0.1460364445462096,-0.0827493284184502,0.1504230095888943,0.0164622210815849,0.1359283165453115,0.0369378404936922,0.1310959250942389,-0.045084683990447,0.1270611839290241,-0.0465951106118829,0.1068927282055126,0.0136589690616258,0.099813501753114,0.0101579008008127,0.0970684113315015,-0.0586014767667488,0.0967603454487164,0.0238693736874939,0.0968871551511929,0.0231625216385467,0.0849635198130254,-0.0193113111598482,0.0825798199278711,0.0287519957730755,0.0806085188854848,0.0108657307747575,0.0726009849559735,0.0,0.0,0.0,0.0,0.0,0.0,0.0,0.0,-3.031168949688445e-06,0.0032813159380916,-0.0034854812885917,0.019686531425115,-0.0712777031478889,0.1198709406072727,-0.2228519599642598,0.2502128333342552,-0.5627925102495758,0.497654822334494,-1.2300570044162693,1.013107117813183,-0.2472251385179084,2.016129586009089,0.8899834887623951,1.958732934147715,1.5155283194665403,1.778337547394174,1.8080626921744785,1.3725517702198295,1.8646760154052833,1.306856793767319,1.9278059569173664,1.2548332856013176,1.909691430604172,1.295930867233455,1.935422906899377,1.260127658422094,1.9260086035303985,1.2423383492062554,1.9898023698523433,1.1595243644132602,1.9781627973692768,1.1436696821359145,1.9287770947448657,1.2484208614460934,1.7474463004505554,1.691343627021646,0.3881812617794636,2.527066762258613,0.769731329375779,2.4057733868805853,-0.7774491163566242,0.554012037420535,-1.3282869942292064,0.4058354000593637,-0.5853027963704145,0.359469729328657,-0.7247691080736927,0.2208025864054588,-0.6436383085535357,0.1802367548845825,-0.4494772340446762,0.2344434672657076,-0.5128825525060959,0.130726029458679,-0.4725941897155242,0.1143427616924986,-0.357047899624194,0.1303421101507674,-0.3666599638509618,0.1215924355100532,-0.2988275983888376,0.1394364587787137,-0.2642629648031726,0.1378161601554623,416,0,3,1,0,0,0.0,1,1,1,0,0
184.3744748495515,44.85387969171932,1.0,0.0,0.0898871939610054,0.0488181050939528,0.3478122250094811,0.1488606356923415,5.357734915181703,6.65041464365024,0.2398399645679857,0.1819252208151425,0.1040897964170546,0.0304622541861863,-0.3648024616611786,0.0683005398585065,1.5275083927557624,0.615206652348934,0.6292048214488475,0.1603982691946263,0.0,0.0,-9.747857272624048,0.9652711321143884,2.535180245182809,0.5870153041410539,0.0991106637809412,0.5864517354942831,0.4347914883772883,0.4003081509380169,-0.1218738001761666,0.3545938589517832,-0.0675202088063756,0.2844234511900068,-0.0615315995006387,0.2243017097578721,-0.0209940425561229,0.1957870916852792,0.0998186743452367,0.1921995618514651,0.0269633866027279,0.152515009423565,-0.0077278923312847,0.1599662154446798,0.0360731858942545,0.1331808655811746,-0.0561112546958186,0.1250378542267243,0.0816249395786842,0.1297849172621853,-0.1340143530391194,0.1375290522248891,0.026926305404028,0.1049552426412897,-0.0029196778449866,0.0949958079414702,0.0140496404100885,0.0908692655488896,0.0023773517490036,0.0871537972200658,0.023932555441853,0.0757616733014259,-0.0296936564314494,0.0735177105047238,0.0251287776339985,0.0724569954591485,-0.0140769670158254,0.0682629245862496,0.0080089948835698,0.0632536802804478,-0.015737787443454,0.0635281927779483,0.0,0.0,0.0,0.0,0.0,0.0,0.0,0.0,0.0,0.0,0.0,0.0,0.0002587641845696,0.0039069129310717,0.0011606105326386,0.0122452350640171,0.0024849370346294,0.0261999966987716,-0.0145309390946267,0.1075372410846737,-0.1147411033296957,0.4488098062576855,-0.3519064552774497,1.2515631904258988,-0.1997153947558476,1.8489537712523831,0.6139507787629727,1.8735383989496777,0.8363700817389577,1.7674089252058236,0.9566970101786648,1.800812906602382,0.92667206951601,1.7420509641490394,1.0053049788645396,1.6128803462060954,0.933766891011894,1.6032138797229394,0.934501364936982,1.5952279855153595,0.919180967453162,1.6874082468557263,0.9128196492872146,1.666901422970693,0.9145960222800048,1.6313291168591408,0.7021277689108664,1.755141499778754,0.6435927354528074,1.7238248809959915,-0.9199414013168502,0.6334289032003699,-1.5799866893664132,0.4079018597726767,-0.9158129904899512,0.3848564600738317,-1.0262833671511298,0.2141567385402181,-0.7749764373515385,0.2354499784252599,-0.6522917623878733,0.1781174672599603,-0.5867899974122288,0.1366700126573416,-0.3860078306876064,0.1886389870065747,-0.3336368165807596,0.1808114395509126,-0.1921399820819745,0.1989070590196822,-0.1309920020036902,0.1922515859837081,-0.069137636308286,0.1789550164046842,417,0,7,0,1,1,0.0,2,1,0,1,1
193.86350063281125,44.10306867446076,1.0,0.0,0.1266609449713595,0.0578671556595077,0.3940720877624802,0.1555435376109051,4.575446698471681,5.981267885964266,0.2458834912349509,0.1671606569928455,0.1107787139831514,0.0268087387359638,-0.395935177641987,0.0734981679441103,1.4777767123477297,0.436067978686368,0.6694220645467489,0.136561548045246,0.0,0.0,-9.262005865369405,1.1941152797038264,2.85798335581692,0.7361985232413079,0.1417951843221978,0.5233931108596073,0.2436047858804184,0.3564089520975708,0.0563042076450324,0.249664600820779,-0.1293594021240507,0.2827405837077827,-0.1942927038739519,0.2689149392669001,0.0066613404779247,0.1822156184229257,-0.0229420213556019,0.1941944559785773,0.0071417313559187,0.1662454420082356,0.0550035988186283,0.1700361691943736,0.0524080041267876,0.1336372460587274,-0.0681015466203883,0.1372146414288805,0.0432946186390642,0.138354963494073,0.0132100984991931,0.1237004610634007,-0.0461317397324169,0.1161238080210117,-0.0450709797637972,0.1163217618293917,0.0612887432201358,0.1049086458967171,-0.0319323417262201,0.1015566304322554,0.0472756215997271,0.091769371559811,-0.0299642639828785,0.0850804173263306,0.0038769950530374,0.0822202635761326,-0.003618127292157,0.0810272347847931,0.0186996332287454,0.0734557016429008,-0.0283833536031976,0.0776104442197408,0.0,0.0,0.0,0.0,0.0,0.0,0.0,0.0,0.0,0.0,0.0,0.0,6.398132048330961e-06,0.0005550191086221,1.1732936664491388e-05,0.0042562732563716,-0.0007680528374221,0.0135322326897147,-0.0429331636075454,0.0828003965168292,-0.2496451147562191,0.3630804577651438,-0.7308494496341362,1.06948772403439,-0.3684652375832344,2.1624450142614347,1.3326048828371897,1.6927141281452769,1.6112173071114342,1.297553687600879,1.6131790366933632,1.3164715791380552,1.6634582276542478,1.1578832278193312,1.6790698160763724,1.0891759169612831,1.6387086270888704,1.0218562034507124,1.7361388220309286,1.0046821644938455,1.6554200810876445,1.110173073984273,1.6731830435949615,1.0927419452672544,1.6508841231658358,1.128668867638908,1.531849205864381,1.225491849962194,1.406352711615844,1.2234485530560473,-0.8886108616555923,0.5565068943455788,-1.546357004233903,0.3278670800366569,-1.0293941648671097,0.3107950492985005,-1.044383775114697,0.184593873727418,-0.8778482670859041,0.1512631387395818,-0.6922435321689606,0.1531453774607336,-0.5542027615005537,0.1570851689556473,-0.4026778613366951,0.1767176743686947,-0.3177952801630477,0.1748233047601012,-0.1845532535939724,0.1850511005257794,-0.0828806185892066,0.1957920320538168,-0.0329573269392343,0.1685793909228315,418,1,10,0,1,1,3.0,1,2,0,2,0
193.484410790135,40.03430040715724,1.0,0.0,0.0987046106439433,0.0414953699152128,0.3655521378271754,0.1365866664353343,3.7515581343151654,5.729439815798342,0.2039531392637623,0.157782970884043,0.0881219895167567,0.0306710526795957,-0.3428410139213201,0.0696331472292683,1.2302717237084977,0.4453286982673488,0.7181527644717237,0.1313937344664998,0.0,0.0,-9.132796882158026,1.0722374943228323,2.6864347957724553,0.5215730137646002,-0.047108946298264,0.6418164607794452,0.4946263170675606,0.3948402838846623,-0.2784696723691017,0.3331972175671973,-0.1156889171058998,0.3169665119692075,-0.0515188143005537,0.2564556742930161,-0.1537885386825004,0.2310683655916659,0.1174092490845886,0.2168065052403766,-0.0679831765202815,0.1780322797017975,0.0858487170084284,0.2015214751674136,-0.0372246498581106,0.1558455065838874,-0.0128477971221429,0.1363227943070671,0.1102392598478884,0.1245482405834697,-0.1432658028286054,0.1242497889433768,0.0397930012637574,0.1046076902848281,0.0550206346898925,0.1032030017730212,-0.0664580197750128,0.0986195147559043,0.0323352653044521,0.0834189797623676,0.0034654413316365,0.0786439466124894,-0.0169593150634594,0.074140302806091,0.0197361761876458,0.0730049480653568,-0.0171837198792092,0.0731173570998237,0.0157109380947939,0.0703280863262493,-0.0143159206388774,0.0708959648366843,0.0,0.0,0.0,0.0,0.0,0.0,0.0,0.0,0.0,0.0,0.0,0.0,2.105834383236595e-05,0.0010623434802735,-3.5161593385149066e-05,0.0065390580249766,-0.000421092687806,0.0158488141282988,-0.0331714439736302,0.0678012043954794,-0.2219943740240241,0.3485701471476122,-0.6571340941313902,1.0925526096553924,-0.9919869253693908,1.9461567186895556,0.1529492923997598,2.5584502398416986,1.306551065143105,2.254316223534066,1.4154680184430806,2.1735051771956027,1.9599767554257568,1.4521521280600038,2.027660155870305,1.2536185028278162,2.019514782389752,1.187690992575598,2.0512166884148377,1.0454251112721602,2.1423503528821137,1.0277953277032783,2.0588366837036047,1.1239258487796464,2.071807269822759,1.0876607453860765,1.5290037663515468,1.7755467208754163,1.6983313811864256,1.4166071089262768,-1.1616954387928924,0.655429390933847,-1.6902484275023906,0.3765491562790054,-0.9033225452529632,0.3762922383974596,-1.060603762981742,0.1911270468499854,-0.7427474340527052,0.2432607256600973,-0.6453075291627194,0.1872160998259744,-0.5683368174861566,0.1536763715651001,-0.3308002772141125,0.2005296822249245,-0.3307358633067249,0.1828525591171896,-0.1313006521974848,0.2015207670882749,-0.0961958994143371,0.1937850130369902,0.0049983775041675,0.1663587621511773,419,0,3,0,0,1,1.0,1,0,0,0,0
122.59860900019824,38.30850361102445,1.0,0.0,0.1293832024053271,0.0708355702311876,0.3421519181038888,0.7146209962157379,1.6757357090585805,5.914973684300079,0.2259167211106489,0.1758730171122294,0.1070318078972874,0.0229927263835678,-0.4305525041300468,0.0567039257399394,1.443016277010507,0.4811600487022757,0.6473746808299741,0.1127380248238152,0.0,0.0,-10.137676141544969,0.8831214809421732,2.6374977195420604,0.5860985891943923,0.4222260197620432,0.3982193883493661,0.200643778176799,0.4152919289889047,0.1349422449429624,0.2448502129324147,0.1309747111960417,0.2757460088883418,-0.1429693876587391,0.2235625734382771,0.2420595506544637,0.2398425539247461,-0.1414989667817683,0.2136806168428232,0.057692371676984,0.1736032301479813,-0.0193139294761778,0.1410208570239866,-0.0273182477449382,0.1717800618850905,-0.0355521230321426,0.132958222718927,-0.0418424296125797,0.1449207918215198,-0.0153462355883136,0.1210566300248568,-0.0173299833375252,0.1259738664555529,-0.0311114883198209,0.1070507656839736,0.0462774588630575,0.1050319119745538,-0.0090905014768783,0.1009759439678392,0.0177420407423346,0.0971271784665136,0.01304989335338,0.1008424068001145,0.0132038852634193,0.08707481756389,0.00243419366127,0.0836392093859247,-0.0104415048775424,0.0912904745646131,0.0087752938747052,0.0823470543435597,0.0,0.0,0.0,0.0,0.0,0.0,0.0,0.0,-0.0001019942177235,0.0036954668135227,-0.0010308117884401,0.0149651805455022,-0.0077299902458134,0.041022039107301,-0.0836775920955858,0.1228263670704904,-0.3157615030544271,0.3143793126338736,-0.8555275430764223,0.8120497269270335,-1.0815483940912212,1.5359347931190928,0.1816204228413764,1.9297312369383304,0.7751085842724178,1.4175325324064314,1.2201534348886538,1.280602082206149,1.4791860337671645,1.203566640401729,1.4517230680856408,1.3244752066383196,1.5024956745526334,1.2914513977646451,1.5374007927297957,1.1871673478855709,1.514915263128263,1.2498947998005492,1.53048290521539,1.245027693718478,1.4487600241475582,1.3161135050479769,1.3381786469384789,1.519511867069905,1.1246242414299874,1.7172636046725545,0.9704626566461374,1.7568404630750505,0.5137584875365097,2.089471191807421,-0.5743168360444062,0.3920473177545493,-1.3362256677459854,0.3612660130428768,-0.8113264059373555,0.2773840013744915,-0.7036718587755237,0.2565435127079966,-0.6788066810612569,0.1957248831508153,-0.6100833052540805,0.1505060703018085,-0.5317796030793629,0.1287012303912892,-0.512860864692394,0.1011386690674353,-0.4110827630235248,0.1124497944909633,-0.3581113515855415,0.1248715013789937,-0.2945630331233397,0.1432346256709261,-0.2180712531046058,0.1555019603285864,420,0,3,1,0,0,2.0,0,1,0,0,0
221.68506421612045,48.825953652614096,1.0,0.0,0.1267840430177055,0.0577033497995315,0.4004029424208315,0.1513904696916815,6.841695631054972,6.348962926231553,0.2664835096967652,0.1651444292864451,0.1265028701937924,0.0333278067683666,-0.3250037787496309,0.0763586616359566,1.4713327826985532,0.5920655808596865,0.6259273093814585,0.1477955109413995,0.0,0.0,-9.363137686374372,1.0648685136082552,2.529673780429215,0.6883336184769143,0.2240264362744131,0.6178785448628267,0.4068766362123192,0.4160382418582007,-0.2813272565034138,0.4225737154507844,0.0260171787137843,0.2891845007402639,-0.1495039568176151,0.2234233721273659,0.105362285399773,0.2234239008279901,-0.0483400570536868,0.16965029849875,0.0379980793513544,0.1534792183814116,-0.0402939310953203,0.1696389001575599,0.0194318368728779,0.1412290712544836,0.0271491094623715,0.1411802508696103,-0.0431892724685027,0.134734110919186,-0.0077639759898723,0.1239250949687901,0.0040650968719884,0.1059548221128257,0.0014858222020519,0.0997695439340313,0.0204021104223759,0.0910443312848083,-0.0023523204538861,0.086269026230561,-0.0072890210079162,0.0809487737227688,0.0210992858076155,0.0798694824654849,-0.0210114023763605,0.0780251884390047,0.0075325411709071,0.0723445620608612,0.0038714586108207,0.064983574136733,-0.0040303070669766,0.0629836166415521,0.0,0.0,0.0,0.0,0.0,0.0,0.0,0.0,0.0,0.0,0.0,0.0,0.0,0.0,0.0004211460310728,0.0037954207980437,0.0029083822847409,0.0316477019889394,0.0048234392579346,0.0956553417083848,-0.0473786683853692,0.2324064833605476,-0.2012634256262161,0.5055515929290524,-0.454915033465052,1.3123092040711153,0.2215952706185968,1.919046115425704,0.7927173155622601,1.7387557234690252,0.9281342350251052,1.7718054079434402,0.8707140564456008,1.728133201716891,0.829584124726491,1.6493356791280718,0.8362431441836434,1.573623207034066,0.7980847133953352,1.56078709761584,0.8376131094068682,1.583638881351737,0.7981516483942279,1.6010496317910137,0.751183989049011,1.6058457758577869,0.6638101882260111,1.605052006851759,0.5007286581158845,1.7252853425669683,-0.8711146170837024,0.5020140376693919,-1.6994946848796872,0.3921035062762844,-1.1904642359979334,0.3082183408082281,-1.1245405402826985,0.2190931352759066,-0.8365594636161795,0.2217053861172112,-0.7114147652624002,0.1545965862100151,-0.4904794397951911,0.1816918495165337,-0.3705742242339829,0.1922699619034854,-0.1988140938045929,0.2135452170815283,-0.0883388511874356,0.2176407531418528,-0.0027526012260582,0.2104942494726954,0.0950824712722726,0.1965351392799618,422,1,12,0,0,1,3.0,3,0,0,3,2
186.8031071577348,42.70094909790989,1.0,0.0,0.0759614364167718,0.050982269024162,0.329078825076934,0.1809537535567095,3.771597991650984,5.68215121042182,0.3253596877938224,0.3124634540747926,0.1103013194952094,0.035103867095746,-0.3357370201889779,0.0700014020554348,1.3565438337131517,0.4299058841862052,0.6934161488887256,0.142715228452992,0.0,0.0,-9.334415021196303,1.1977018887781583,2.2498205803714866,0.5881389234361413,0.2274133960697885,0.6429637950178322,0.3328533029083756,0.4003809555100052,-0.1947436253662549,0.3805434604329836,-0.0076845626915359,0.3245675844506419,-0.1221133046959278,0.2388223165948312,-0.0156315606202136,0.2224474123667392,0.0631316795997892,0.1934701176728643,0.0271816671525888,0.1768808997348026,-0.0179754760962189,0.1538325804568607,0.028317583406006,0.1610083449519343,0.0259590769965154,0.1566070584962529,-0.0410162653415937,0.1554528983901893,-0.0350669452918473,0.1414756333066831,0.0418880951319855,0.1313251842763147,-0.0611928964012154,0.1204095019647406,0.0716614009824967,0.1138301154688089,-0.0462629145080006,0.1123864237987525,0.0335150004244063,0.1056533057942303,-0.0139751908377193,0.1000054311392543,0.0090551020840476,0.0972504439980282,-0.0044585904135288,0.0929666473335841,-0.0040054704476592,0.0902178453014458,0.0098212790263177,0.0846532760967936,0.0,0.0,0.0,0.0,0.0,0.0,0.0,0.0,0.0,0.0,0.0,0.0,0.0007214507594121,0.0049587128705488,0.0031668369723105,0.0207700532131006,0.0065204434597407,0.0468006151731329,-0.0237134695656193,0.1315890433200982,-0.2277134576405575,0.5049586766177421,-0.679588108031248,1.4847751864262375,-0.3049409139430517,2.351086061273727,1.1641961453046634,2.145943098502518,1.7168005208353547,1.578738609831593,1.7193069680692985,1.520444682273644,1.705775978742434,1.4441585080687431,1.7378187358082775,1.2372736581824642,1.74707464006574,1.147126590012436,1.751700381458306,1.1230454087769792,1.765678954133892,1.2182611400456285,1.7651389323982458,1.2775325854882886,1.6674964407113626,1.3659341170603203,1.6292125153909676,1.3137093054068345,1.455309458905805,1.5548171259894583,-0.9592712082702344,0.6621782896541795,-1.5078185735989609,0.3553551514095428,-0.916665912056654,0.3954237648894763,-1.0075011779852483,0.2262757887259182,-0.7649675372267392,0.2456460996681982,-0.6891733597380479,0.1581772477505907,-0.5624261265595825,0.147793956595498,-0.4500104130710627,0.1654154034829102,-0.3369965460901835,0.1849071675460252,-0.2274955748563111,0.1957079798458945,-0.1540456241516087,0.1948352993644101,-0.0528456379042392,0.1824611713590834,423,0,0,0,0,0,0.0,0,0,0,0,0
204.6610706366804,44.990300063408725,1.0,0.0,0.1249511779747323,0.0581487132580056,0.4104773429733058,0.1598099845512545,6.951398192463828,7.011343746804482,0.2802615695285693,0.1710559666478191,0.1104117302945834,0.0277742981217417,-0.3734754824179073,0.0716190809849127,1.5798289785661492,0.4840092618054252,0.654114247914687,0.1340567471722172,0.0,0.0,-9.699799140534264,0.9730322540637968,2.782879886024707,0.6883166243904576,0.0943990682917749,0.5875222868493436,0.3782303822549678,0.3994540220425057,-0.0139012525944145,0.2893083780879426,-0.0440754491321718,0.2738279765109065,-0.1491421477440544,0.2423970844162384,0.0797993888897898,0.1882016381786191,-0.026503164343026,0.1850453483600965,-0.0366031392229669,0.1480637953851948,-0.0406532711968193,0.1792514362321425,0.0302711308007222,0.1221596550304609,-0.0492181825819406,0.1221811365744715,0.0711968853452497,0.1138709916248801,-0.0200101848185648,0.1077894132484255,-0.0419784218046668,0.1012165430221012,0.0546828121740428,0.1109304918683396,-0.0110163957202935,0.1020433628405273,-0.0240439036816365,0.0843866916329321,0.0301254325289832,0.0767772757687426,-0.0036386412941041,0.0752896183121172,-0.0063953964365431,0.0734720595823218,0.0072186869700601,0.0737725891438558,-0.0121983628972499,0.0661176449933448,0.0129876535308142,0.0606072152658118,0.0,0.0,0.0,0.0,0.0,0.0,0.0,0.0,0.0,0.0,0.0,0.0,0.0,0.0,0.0004322279868921,0.0114817975154806,0.0004342287336672,0.0341039854611723,-0.00111119291086,0.0934962665911673,0.007778248421869,0.2740238155175828,0.0520778828023862,0.8938403965584923,0.2918205706781121,1.8562520194620635,1.0324320250915426,1.9035855792184455,1.476185420670045,1.560170919929553,1.4974837973485378,1.3548802878543746,1.506152508995671,1.2238312454990476,1.5985822439045505,1.0574564093037144,1.5253061279225004,1.004466190247978,1.4988452984214973,0.961243042446192,1.5233883351529725,1.0276893872903057,1.4653344553381902,1.249865505389945,1.476849947384648,1.2190573187242564,1.370105326276845,1.259598616593846,0.8465994625810792,1.6012347437044794,-0.8772925293759898,0.5457275565714401,-1.7003960467975925,0.416206405046712,-1.0369096844388133,0.3560311853363032,-1.0446734282969063,0.253347545214014,-0.880203721940661,0.2088372374044988,-0.7080346001069581,0.1613613764188148,-0.509366538345539,0.1808660645614931,-0.3949516483136522,0.1816566018611153,-0.2529548854030831,0.2018846013690886,-0.1177866420783592,0.2109890460317906,-0.061128063667452,0.198038498233041,0.0237292101437799,0.1919814014196739,425,0,6,0,1,1,0.0,2,0,2,0,0
136.33802479008398,41.756796652915895,1.0,0.0,0.0785734825966417,0.0608846956268413,0.2482974296106037,0.1698107477678696,0.6823584152458617,6.533282188677966,0.2617948938195162,0.2371361930267589,0.0981033777357057,0.0301061279240219,-0.4288563092363054,0.0631500083456272,1.4229646845261898,0.6145557657298233,0.6316953966413434,0.1525878769645015,0.0,0.0,-9.993712039184324,0.90314019949121,2.6132097044666134,0.6769715858872287,0.494004178514954,0.4390773091731986,0.3051943695313074,0.381175955677334,0.0813371010622459,0.2385671541406114,-0.0183101333457137,0.2682593838582181,-0.1173341757135025,0.2178198348426651,0.1251438327067173,0.2248468815136422,-0.174044645779808,0.2523641011959691,0.1314358319797281,0.1782584415044678,-0.0901412794083166,0.1704839872069943,0.0157782225538584,0.1481431794606467,-0.0785369808143542,0.1449801800296328,0.039862288397373,0.1329301986694709,0.0183504272891283,0.1258250646756106,-0.024520132767449,0.1297759951956298,-0.0257702369261895,0.1138171022785093,0.0585638941952019,0.1115371963525054,-0.0073218524666493,0.1001320742762267,0.0128000051712714,0.0933537802466441,-0.016935519719956,0.0930190407928354,0.0146058724909196,0.0864040405735524,-0.027985862094814,0.0855698552855005,0.030701963917429,0.0834477688074466,0.0116826492981891,0.07606148869836,0.0,0.0,0.0,0.0,0.0,0.0,0.0,0.0,0.0006151820018848,0.0044675785467125,0.0035899661521987,0.0238478931447561,0.0056400244715049,0.0451478588788134,-0.0051220955819512,0.0763194257529378,-0.0788214574383874,0.207024423197575,-0.2622417423852247,0.5239953184837581,-0.6345535820451539,1.142441723255828,0.1258772836201519,1.8892304604478911,0.6049965202642943,1.9085986679859208,0.8492019920691724,1.865051371343947,0.987511099865254,1.7331429519614532,0.9099649570860456,1.83428664228667,1.0169779792407037,1.7738462201726677,1.0138877561893642,1.7766016389847723,0.9698350190891644,1.7916890794767528,0.9960927511975208,1.7606854861783043,0.9864516372834868,1.750999932878087,0.9525116302409836,1.7764160307129455,0.815626402662535,1.893452557419873,0.6204271429093163,1.909933424775509,0.1941726143275609,1.9332146425671104,-0.5257076824942424,0.3751902971706604,-1.2847374554578168,0.3505451789287582,-0.8713034447996801,0.3096957583282553,-0.8120545666933228,0.2401432508442841,-0.7289457158736505,0.1937064395483386,-0.6445372475009996,0.1454526535928748,-0.5660101451419433,0.1114516542494695,-0.5005965319872051,0.1065906023566419,-0.3888344999112355,0.1197565859633575,-0.3340499502610156,0.1371041863272621,-0.2640451612592963,0.1520883704578509,-0.207504411669972,0.1620019927124359,426,1,20,1,1,3,3.0,3,3,2,2,3
175.75449358591885,42.34943757911883,1.0,0.0,0.0974519194193746,0.0524971198692611,0.3446494136977998,0.1471251241419768,7.526399114437238,6.906218255448187,0.2217643506247389,0.1468369356137448,0.1074211928837261,0.0288209234643137,-0.4015027272523867,0.0602200837106311,1.4292844052058475,0.6025015696604581,0.6407328292810263,0.1555919087763008,0.0,0.0,-10.34950643272673,0.7955952805403403,2.501309072259099,0.6843579523132729,0.3168250580832339,0.404479405161394,0.2904341547003916,0.3664410766469094,0.0524808564859151,0.2292615635154602,-0.0155380871068235,0.3048975347662779,-0.013934159794231,0.2286288130652896,0.1074525411472367,0.1612070974112026,0.0098615086878337,0.1590865817358523,0.090649400280836,0.1455208476614851,-0.0772319112220577,0.1512424383257508,-0.0025140505161097,0.1321687692457265,0.0179607439669973,0.1123744858260395,-0.053517557630258,0.129687139461589,-0.0460190556535277,0.0987252461379911,0.0022021708216419,0.1085534458923881,-0.0021238418712485,0.0938240988371544,0.0254330677443056,0.0876196600316623,-0.0246093696822956,0.0875982027225191,0.0517747825354974,0.086472121437745,-0.0229709818431384,0.0770385520700911,-0.0008337815263536,0.0700297129421061,0.0043356785490689,0.0645616603955868,-0.0047110457276327,0.0646380094823785,-0.0064158703430116,0.06454535335958,0.0,0.0,0.0,0.0,0.0,0.0,0.0,0.0,0.0,0.0,2.637197511716885e-05,0.0003326826933534,0.000746005351976,0.0085955083868761,0.0017688644414576,0.0185658360077132,0.0020626212371977,0.033728868150449,-0.0130751963625347,0.147057607442583,-0.0608258687041046,0.5781709771133327,0.0404886705745077,1.5186992847690337,0.6128714677596585,1.7494732937546076,0.8693893883228297,1.6508049968343637,0.7527968918753729,1.6890252839200202,0.856291745666766,1.6961561594905272,0.7777044429295572,1.67464601480255,0.7562274371572942,1.712502370964357,0.7983886934959724,1.660335400335656,0.6969891726610979,1.6474921547264805,0.6753920158736202,1.6969440462642462,0.7194544440691006,1.6701704791095056,0.7127688296584128,1.6669946859503493,0.4749580669292587,1.7153127050774757,0.3447591107154311,1.6940013728575654,-0.7430037769589052,0.4793253704426425,-1.60722180675716,0.4187038268454356,-1.0008796032667064,0.2989669594631121,-0.8922585481056085,0.265820189908578,-0.7913024507756563,0.196877794967898,-0.6819915336660948,0.1477290067570246,-0.5815401655601135,0.139828434819529,-0.4475979952478371,0.1537861260892419,-0.3561942388532964,0.1543731830911846,-0.2581854928449806,0.1693674162840388,-0.1507267129839275,0.1765883029435135,-0.0989135776458457,0.1651046613546855,427,0,5,0,1,0,0.0,1,2,1,0,0
137.9800930460333,34.76347895443277,1.0,0.0,0.0970164655488246,0.0466670003019831,0.3615736235015671,0.1576809692362561,1.6608423955675762,5.326248561381832,0.1916885177842311,0.150726169283367,0.0909149980833496,0.0283996118677752,-0.4005155952938296,0.0599859869228515,1.2655228574926545,0.4674582214196973,0.7196669069539666,0.1466796517213368,0.0,0.0,-9.740770239960822,1.09158579359442,2.5792173151126345,0.7063301409802588,0.1655735738163075,0.4936888550821303,0.4099229603317532,0.4507752373186871,-0.0091341319261998,0.290181189458761,-0.0769608188674813,0.2730004195348737,-0.1668310694455827,0.2314799117819904,0.098381602617641,0.1990124905213222,-0.0784422253135161,0.1818926829093902,0.018975214881234,0.1792947001846995,-0.0678296822270519,0.1439176445554907,0.0899624693836435,0.1573906944161456,-0.0725274107716454,0.1456904403925519,0.0508006290146425,0.1460581135247626,0.009866753201353,0.1442097515392896,-0.0180747004129505,0.1435515570481611,-0.0042236083513075,0.1243400744882427,0.0119397224200293,0.1187005944659722,0.0067423270478158,0.1049198125078773,-0.024285649690426,0.1070556758165869,0.0122780581004407,0.0937292719570768,-0.0109059411913565,0.0905013818497187,-0.0008293030001322,0.0836846422455918,0.0104356210575857,0.0786278069102876,-0.0204663520951586,0.0758596435215171,0.0,0.0,0.0,0.0,0.0,0.0,0.0,0.0,3.3425019091576884e-05,0.0004610169246994,0.0005749926735031,0.0085661206468918,0.0004701996629216,0.0179466327949998,-0.00601010470795,0.0343620612359508,-0.113382855895901,0.1364112438523111,-0.4586299658353134,0.4222569116937754,-1.1165165460205682,1.0732624717269037,-0.8970615253538687,2.1024719756871355,1.0070768407902058,2.201847006389441,1.6164641016077377,1.8826050731783617,1.9327380507091088,1.3632073859549771,1.9366156454554355,1.416167768162837,1.9294937774011751,1.4122935940478791,1.95633421175906,1.3883273476563596,1.9425567761454456,1.406922646994004,1.91905708248286,1.423093941887153,1.8979225162766895,1.4019508239516454,1.8612981649407443,1.4686854845915116,1.848982657301665,1.4666863713127314,1.2468095350009794,2.0461613399567686,0.8586394152730167,2.127364026781686,-0.7420831628692458,0.505193884779999,-1.389344791870715,0.3646514200308648,-0.7832493254848187,0.2876484561838927,-0.8456796821743389,0.1903369735091658,-0.7017975790401567,0.1803089006440643,-0.6152103483202742,0.1591799993173458,-0.5505538068070519,0.1337425645419646,-0.4585488958095005,0.1307171022344929,-0.4077905450994123,0.1197243665124087,-0.3286210778480901,0.1299052779683423,-0.252145115920715,0.1390368343128836,-0.2304199586356513,0.1360042419392115,428,0,0,1,0,0,0.0,0,0,0,0,0
149.51530102672686,41.69122947635355,1.0,0.0,0.1115065629800547,0.0582864541095437,0.3611629130639047,0.1640527715223685,3.409158925469338,6.21189928592664,0.2238661665270984,0.1660458347038569,0.1053963991794974,0.0271353976073937,-0.3939794978506653,0.0692844550442652,1.4872155922655907,0.4783830298942833,0.6391334409332428,0.1275552545966611,0.0,0.0,-9.724637573408971,1.1311022871993317,2.3621423626263436,0.699486627187679,0.4247050442916383,0.5136976109265929,0.2688348753422955,0.404646136346329,-0.0097880918344053,0.2924518722687091,0.1005609898396388,0.2897672172206206,-0.1970072076723263,0.2559871994832901,0.183948408164448,0.2204001987114632,-0.1571461080512624,0.2468904399209615,0.0611023156665374,0.1584261952401006,-0.0353261958902201,0.1591112545101736,0.0057698185687787,0.1462041670015882,-0.0591624210171427,0.1365182663133149,0.0949291365861791,0.1353775581278614,0.0028377955213335,0.1278843003189204,-0.007945950073257,0.1222242419018606,-0.0092048760197882,0.1160090184817985,0.0320421031164755,0.1029823932243312,-0.0192852020574208,0.1002658510283469,-0.0340685048119611,0.1008857116646331,-0.0001440534786105,0.0916459725738771,0.0113516333170069,0.0899536582071538,-0.0182173172037393,0.0811626944371438,0.0223037774511166,0.0765707992747423,-0.016646487658,0.0775842635463146,0.0,0.0,0.0,0.0,0.0,0.0,0.0,0.0,0.0,0.0,0.0009111985989486,0.00622447727621,0.0029706554587954,0.0187004658444237,0.005296946044764,0.0373525051432668,-0.0362628884058811,0.1188801498726724,-0.2363589034253126,0.406401460032434,-0.6515921188027046,1.0464155254720535,-0.2190107655699332,1.8492482121563496,1.008619214332228,1.6514448152886876,1.39476020394351,1.645380346723912,1.4906559361827332,1.4012911633253786,1.3487020285853542,1.458017470691379,1.425444842303144,1.382695262472733,1.5684808271583237,1.2175702462431894,1.5974959279185812,1.2544713551385127,1.6978164520292438,1.1891597204998094,1.6585333154204789,1.2338275314807008,1.7086916909104712,1.3167863022523796,1.69552144497583,1.4028000552362798,1.659041551473373,1.404364713927695,1.4516390828567376,1.8611404767333033,-0.5383405827046063,0.3755381862544594,-1.2696844568734769,0.3068465675277782,-0.9651129708321682,0.2412916002808668,-0.8959486565059325,0.1909966664370457,-0.7618906347089609,0.1697021646956376,-0.6620529987231832,0.1412573932467933,-0.5471708727697656,0.1300634967631706,-0.5024622076465183,0.1141767479785376,-0.4001007040905278,0.1240174955728084,-0.3301459365666174,0.1416499252974319,-0.2585854689483041,0.1529822093923794,-0.1881261681641005,0.155577627082092,429,0,1,1,0,1,0.0,0,0,0,0,0
108.79230797353124,37.21283123442673,1.0,0.0,0.1052593693691697,0.0552629349595486,0.2925726544459766,0.1322911297023268,1.2699578551190362,5.049973507197534,0.1841679933351259,0.149307237885843,0.1000372272705005,0.0255152061414904,-0.3929610151354513,0.0573370584960709,1.4081658618798671,0.5198570145465261,0.5988811534383797,0.1066263411538772,0.0,0.0,-10.082478832303588,0.9150530352907686,2.459006212664059,0.6613697825492301,0.2981795020559719,0.4086070836448065,0.231752001231236,0.3640260588096473,0.094197151736665,0.3059704106453201,-0.0358665940970972,0.2613826541690456,-0.0901287091286769,0.227583030860934,0.1645416808256498,0.2193190372659176,-0.1641361277728037,0.1992226413405694,0.1429231007758198,0.2151125231345035,0.0202909372569992,0.1553863995268925,0.0320593317840456,0.1454909515450803,-0.0379595561426827,0.1440257723618915,-0.0708907988899023,0.168412778753959,0.0482248107042872,0.1339785121885651,0.0276782784289182,0.1255868043942099,-0.0641381100720432,0.1318782741545298,0.0499166431910028,0.1131008229731556,0.0236245290158739,0.1073518424295952,-0.0241546598322231,0.0982307697651259,0.0008721073874346,0.1049316288478736,0.0276138512680656,0.0966995679862739,-0.0007334440617555,0.0993874979039471,-0.0334365649036924,0.0931930547932149,0.0385079031187548,0.0858394029930732,0.0,0.0,0.0,0.0,0.0,0.0,0.0,0.0,-0.0004653158212543,0.0062082615703454,-0.0132838068633775,0.0424341659540538,-0.0862260448775585,0.131680982163113,-0.2211618109227675,0.2362573505034217,-0.4780845719876248,0.3931343041898952,-0.8509557429389901,0.5219703090636002,-0.9183919768687164,0.965382230482324,0.269581538131832,1.6969313290985226,1.232781128774723,1.6081603841263734,1.447500585588418,1.4090030873067716,0.5341766239564947,1.7778628642192489,-0.0291585127521295,1.8363072390230264,0.962290529451614,1.6909181961566913,1.117546837514558,1.614904267845002,1.124070485594633,1.6997944300769303,1.3761472564618142,1.619774361280988,1.3007073778477682,1.7267289548071378,1.52620910512229,1.5112337018195927,1.381685563242277,1.608552364927598,-0.610847285525171,2.282784015776566,0.2641236551127847,2.4868200028698055,-0.4117129168609293,0.2896634540038281,-1.108519602566446,0.3000644072102312,-0.87219766899426,0.1960245800805181,-0.7687104885021752,0.1716263825291656,-0.6845904275582204,0.1581246175374278,-0.5693122883303477,0.1447256956375911,-0.5355999481226921,0.1114919504316316,-0.4647021866888458,0.1022144568105593,-0.3979167883486272,0.0986673004706795,-0.3757351612297371,0.1057302622333002,-0.2911065696680437,0.1193115255562082,-0.2610356397077103,0.1253707533051698,430,0,3,1,1,1,0.0,0,0,1,0,0
98.22772317112472,23.47537062241258,1.0,0.0,0.1034013966505639,0.0433419777840182,0.3530585819525056,0.1379026057877825,1.4825890335124476,4.37542388011926,0.1506642805123025,0.1263604051734939,0.0916047368303254,0.0209302372609861,-0.3979612540283596,0.052209258587504,1.1736973694811472,0.4233376703018585,0.780934641073155,0.14751992883865,0.0,0.0,-10.123590791169836,0.8698148967258049,2.5385287290565577,0.6479139304798673,0.1422695418561311,0.4351204084744611,0.6034885133665404,0.4345903351355514,-0.1605766944000161,0.3290227386682113,0.0753230611900983,0.2559201536969098,-0.0806216243204962,0.2320057925189945,-0.089567641147305,0.2214540034288459,0.1380676247826216,0.2074764603424935,-0.0608076725874597,0.1922480420934417,0.0362758326705607,0.1671725229404288,0.1149057257965154,0.1581849337037684,-0.1196101104871092,0.1537324729733882,4.271386964228183e-05,0.1334778278486627,0.0169070480123872,0.1089670225313266,-0.043906470232247,0.1162420188305265,-0.0371223607425636,0.1013836992998767,0.032563466365062,0.0991997611217833,-0.0206379032500443,0.0971838442225871,-0.0037554469048501,0.0910111223303143,0.0044423342170439,0.0859173484499262,-0.0066854506899371,0.0867181493055969,-0.0017134271152235,0.0790180292356923,0.0068761540783435,0.0703581237135506,0.0086360480936835,0.0698432812036642,0.0,0.0,0.0,0.0,0.0,0.0,0.0,0.0,-7.161963469223352e-06,0.0037793520188226,-0.0006421340038358,0.0104524461849271,-0.0634736492451317,0.0661347837699548,-0.2706875573075137,0.1700664234842665,-0.6481319495033354,0.3495098275276251,-1.439635672179004,0.7063772945149379,-1.4127072021202869,2.0343743794119624,1.3491415304331698,2.2070530180523047,2.0403948003182406,1.4513842958469192,2.1386988279076697,1.2976349334092168,2.1213145192233323,1.2953181917410206,2.000675601389784,1.3591581707977922,2.07629087054826,1.1949717675182017,2.0597064242048018,1.2398575479268252,1.972631735800838,1.3709141743523967,2.0698780994642285,1.2235333269891584,1.9502254845020943,1.396864009203635,1.9531828421451016,1.4632793573747025,2.0001579891214143,1.290512432043339,-0.037373257986223,2.070432107144367,0.0026967595780937,2.311730666286479,-0.7376244194815502,0.5356918279555725,-1.3176989772397678,0.4201954827618104,-0.6561794753158234,0.2610704326554072,-0.7162146052207541,0.1777297390276349,-0.5130916629970995,0.2051154600630825,-0.50232726895879,0.1684857103625266,-0.476795837814212,0.1430192952477224,-0.3597489283403158,0.1679117226224635,-0.4204875933209797,0.1029760866764462,-0.3366533030860458,0.1144632624220375,-0.328231790147156,0.1094517402172776,-0.3334631968192072,0.1055477198951531,433,1,10,1,1,1,1.0,1,2,0,3,1
118.39105588845167,28.419366481609146,1.0,0.0,0.0793282833611528,0.0343139017309733,0.2833448236905464,0.1079816065009918,-2.467546674760826,4.975743488194666,0.1590157546693389,0.1498828637095302,0.0764173603902558,0.0296464002645324,-0.3670737013078191,0.0665109660824301,0.8983334894770357,0.4269989799540644,0.7164646456152955,0.1255618032901345,0.0,0.0,-9.242045708361228,1.126851915688753,2.6115908522539883,0.6575344071081229,-0.1166970864318905,0.6608054460915295,0.4676423267134227,0.417202259200863,-0.1276355099632831,0.328754358484209,-0.0797487357108527,0.3033299490973262,-0.0578872659830604,0.2807795338878898,-0.0555693537096347,0.2152790823227452,0.043086052692153,0.2071449705520856,-0.0282784581588894,0.1977437919121796,-0.0429146583243775,0.1521700950613046,0.0769118643886541,0.1839652904602104,-0.1953357887282544,0.1662375618845297,0.0262472819647099,0.1399190873901226,0.0112157483939255,0.1392871306703514,-0.0408055357292259,0.1315375826964406,0.0068260813371707,0.1204005537186199,0.0701382562042908,0.1075510634390813,-0.0065979641372638,0.1064144588471754,0.0203374465289849,0.0961174041764907,0.0246880693167142,0.0900196624602325,0.0154164410533217,0.0909844775029828,-0.0093581029881365,0.0861451848559834,-0.0083797001767149,0.084625222742685,0.0321488586957577,0.0770374308256727,0.0,0.0,0.0,0.0,0.0,0.0,0.0,0.0,-5.224188778176891e-05,0.0008949243463908,-0.0008058380698914,0.0060255203002519,-0.0147135305296114,0.0398767813770143,-0.0772294221360761,0.1089723006859018,-0.2757273126398741,0.2186189217965406,-0.7044305122879585,0.391102471251575,-1.2998965554286088,0.6195576913237014,-1.667357738578608,1.234902745410572,-1.2535543927157249,2.2164444512864687,0.2940645971445131,2.794929707015234,0.2616302345394876,2.8232125249950593,-0.1577452234950283,2.822870525928749,0.0520955303311182,2.841841550671473,0.2705922172599474,2.8484433801094404,0.1995059765412999,2.8512321374576306,0.2111399284458014,2.8519571673383464,0.1458208789377439,2.8327461805556533,-0.3349966292056754,2.784066955013091,0.3270635559945792,2.790980678927984,-1.211495784489036,1.991676089516042,-1.1296032081385212,2.242005032240115,-0.8277262930226786,0.5329109854153539,-1.343467567717603,0.3478618484699232,-0.6604222884353519,0.2755095642317418,-0.8183479245350793,0.1871328724169824,-0.6736755140594641,0.1661380609832391,-0.5794486506914625,0.1536345618522734,-0.5201317326423661,0.1380754609584392,-0.4094122466966545,0.1438447932609709,-0.4437223717953532,0.1010201068347065,-0.3339415063440495,0.1169378318482298,-0.2812613517979166,0.1200050463917014,-0.271214666582004,0.1110294111480478,434,0,2,1,0,0,1.0,0,1,0,0,0
124.24621949393622,33.06606308738846,1.0,0.0,0.1033925458230086,0.0516052734676,0.3457014834514149,0.1614158037731015,1.0395733379246708,5.270705610084928,0.1985507729131981,0.1458447840736187,0.0973598410411364,0.0253149436429564,-0.365503741203773,0.0618924487611091,1.2994224176523432,0.4514256021563728,0.7091662033987124,0.1488921074903007,0.0,0.0,-10.529767330438688,0.7395357520227018,2.357433283609074,0.5008972117019214,0.0255730473832235,0.563205840887863,0.5237753263106378,0.3867728958217151,-0.083140681057007,0.263289518368923,-0.0990084619494684,0.2647247360283447,0.0116123118893172,0.2382761837095511,-0.1111023983138942,0.2019122278236817,-0.0019788802201676,0.1602017334066001,0.1795294647730573,0.1745542342664286,-0.0587697691181688,0.1491853520507083,-0.0083016397160465,0.1602195108004659,-0.0469854494377526,0.122843426255554,-0.0224757623620339,0.1174845614845039,0.0143029294744385,0.1118316248692339,0.0051315210884076,0.1216953437853989,0.0165916759577406,0.0929121403391586,0.0214186661199352,0.082661410115719,-0.0090974693554536,0.0808228609765004,0.0311033478005876,0.0799705428096287,-0.0114346548627975,0.074623401593568,-0.0294422406470167,0.071834876392317,0.0087410878043531,0.0681558499997831,-0.002192075811416,0.0627956582401272,-0.0122777648811835,0.0580916679644825,0.0,0.0,0.0,0.0,0.0,0.0,0.0,0.0,0.0014697077466852,0.0076224172086458,0.0060382742300084,0.0287860981115631,0.0101113329372881,0.0490471579157484,-0.0143383678159443,0.0818386883362859,-0.2151099409697338,0.2044498351347097,-0.6705183652376479,0.4664214701882445,-1.4348115384737232,1.0188660654103825,0.3953350939324749,2.33126536659857,1.668487800594026,1.656614237401974,1.81229412041885,1.6483188191731373,1.9082724381651444,1.3815616620809488,1.8267423972945052,1.5092810038797069,1.913246057706992,1.3861021917869882,1.9835918425336876,1.177251422588592,1.9200821056033832,1.2985483291453026,1.93332886700816,1.385029014780327,1.9249451329282827,1.3396849524936787,1.8911457226602033,1.2695423225235596,1.7457432215668511,1.3121443741012182,0.0409307280049408,1.9482296490679651,-0.0535786562449468,1.997365504418905,-0.5870226946193292,0.4286674287274963,-1.2528275235813744,0.3332632891598837,-0.703857722629398,0.3104031454363902,-0.8676904985027698,0.1940474959508097,-0.7165481882205421,0.1703822029351843,-0.5673451956804911,0.1759133341147548,-0.5787217447896391,0.1185408087585599,-0.4418157206861057,0.1303375019274519,-0.4001202522993712,0.1139525843414031,-0.3862308257336428,0.1132269594879421,-0.2871230146840844,0.1261970750816494,-0.2288446526763737,0.1334697555779809,436,0,0,1,0,0,0.0,0,0,0,0,0
126.8212336719884,35.51612655759346,1.0,0.0,0.1202546831761609,0.0549229619298967,0.3700033362951088,0.1577281596890508,2.7058543254160523,6.227630928992346,0.2061287693041509,0.1547282585038455,0.1082635444670827,0.0240789199552003,-0.4561503194658926,0.064986175252399,1.3538844499274312,0.4425845150653144,0.652207219448476,0.1209986571858212,0.0,0.0,-10.471780554426704,0.7117346843174789,2.7006074547460095,0.6477911832808227,0.5731132813570943,0.3903078020442763,0.3262080874329172,0.3613810242905199,0.0889586868769811,0.2455625414769237,-0.0186784652175907,0.2228862449845108,-0.1860180285183454,0.2445762233476751,0.1540360148793837,0.1981294727171504,-0.1230619079203163,0.179962108397381,0.0315383670131727,0.1824054508082061,0.0190617072538026,0.1336252849120505,0.0861091730369985,0.1374525586401044,-0.0812442545191988,0.1724226615885825,-0.0367629843955294,0.1376687759359012,0.0184205008704557,0.1295314417031303,-0.0434337888142322,0.1224701925914274,-0.055539834455341,0.1236109000001366,0.057527327934984,0.1063228720748788,0.0151313242834104,0.1013590331175927,-0.0550513530045971,0.1055287606321893,0.0319889278434136,0.0945613471029122,0.0231770237451901,0.082198222809743,-0.014361686106447,0.0846511713716638,0.0232423978951233,0.0760911991732948,0.0167756563442699,0.0791846796995349,0.0,0.0,0.0,0.0,0.0,0.0,0.0,0.0,9.009935153759072e-05,0.0021631625520055,0.0003094136795937,0.0123971095000759,-0.0070269157235236,0.03574110535233,-0.073346587433211,0.1222460039901325,-0.2571243970867831,0.3205019088151574,-0.6804857716166154,0.7907680718253726,-1.0594582798784618,1.7206320379221127,0.0815362838012482,2.289602256076713,1.347189321544267,1.7380486568800733,1.5957057208638026,1.26339848797432,1.6795533171814223,1.3607000716918916,0.975365849597968,1.930414943816733,1.2407151617846155,1.5786903392846965,1.466131655429347,1.4043341944684662,1.465554651333527,1.4940613221506749,1.5771968540571843,1.3523938701589509,1.5180436484370976,1.3828660881132755,1.4421273484162844,1.6749255436441928,1.266182514579971,1.8461873340471897,1.1060640560708277,1.8905712313698495,0.6593890729201742,2.21519516228577,-0.5638753355013063,0.3604219863069209,-1.3860978766328014,0.3874306761511654,-0.9432342371552976,0.2330526343873259,-0.816904526850508,0.1857243340344022,-0.68706494,0.1781044713218296,-0.5331938921195355,0.2025868991795302,-0.4632323171245573,0.1763865319087492,-0.4706650586121915,0.1254187787991004,-0.3944807858297823,0.1220623534633011,-0.3520136102750362,0.1286158180617098,-0.3038079027421189,0.1391546073666134,-0.2421372292061887,0.1493190181650049,437,0,0,1,0,0,0.0,0,0,0,0,0
191.05053715501992,41.185256267725144,1.0,0.0,0.1126946152687185,0.053454405462111,0.3492388246945234,0.1506422647174887,3.469397286378885,6.017374212233801,0.2155126095160786,0.1685516439611335,0.1018305406609811,0.0294492879904276,-0.3555806234421066,0.0768041361159395,1.3162452796513884,0.514947604845793,0.667690562610559,0.1287164764670109,0.0,0.0,-9.181090269368504,1.0663343523207764,2.5639090219641036,0.6986583285910442,0.1650252819585837,0.5732382393716555,0.298510875653028,0.4170954350540711,-0.1030088654974386,0.3078753605498018,-0.1152989647691053,0.2980532280084268,-0.1127090222317101,0.2722915969910396,-0.0153867790625861,0.2113979986808827,-0.0040457744844376,0.2021607836746678,0.0159878751217811,0.1569043259041529,-0.0077137632027739,0.1626541631980659,0.0267303737802381,0.1607758014916914,-0.0351736919414091,0.1449907694230017,0.0666933661536191,0.1538185411505444,-0.0229491314681474,0.1357818230603576,-0.0202697052102093,0.1225994236362936,-0.0247550443237914,0.1148083487498551,0.0712796617444207,0.1094233184967903,-0.0577492759855018,0.1041578991818438,0.0575443792238872,0.1108660148418865,-0.0488093049940182,0.1010611050030661,0.0268914877524642,0.0862901679741015,-0.0080723022096615,0.0815744360097093,0.0025461515922439,0.0844670952678381,-0.0061912916750665,0.0801538063187584,0.0,0.0,0.0,0.0,0.0,0.0,0.0,0.0,0.0,0.0,0.0,0.0,0.0002949057245731,0.0023629115442712,0.0026450133174078,0.0188098471643534,0.0057177980583488,0.0504261815408762,-0.0182221496526693,0.1412230020367755,-0.2220346280239324,0.2899991102832774,-0.6826612631668401,0.8600535404455124,-1.0799681760520616,1.71143055591374,-0.3638094506640013,2.3660828031689296,1.1783404715687087,2.1161171558281167,1.4041200611226323,2.000645082422459,1.53748347168008,1.7280068103842403,1.6768786449994824,1.636523692593073,1.6800341200499047,1.5085205047044483,1.754247392647232,1.424093704420956,1.7292013245014164,1.433498962142595,1.624720346228122,1.601357672838997,1.749524833616556,1.47566851352488,1.289196826954108,1.8848329677163231,1.3407018186285649,1.6905575444150474,-0.7709632871600535,0.4467020586631923,-1.5292285623804525,0.3372384948676926,-1.0469184601800583,0.2780315913114354,-1.034536761206909,0.1953064780104937,-0.8586744582140853,0.1650135847947881,-0.6935422421023112,0.1451377257211683,-0.5716221526853438,0.1311750073243139,-0.4325306989163275,0.1489156579664731,-0.3372856685881394,0.158147464636642,-0.19946893664026,0.1775744623059767,-0.1138893833656824,0.1854659918587569,-0.0470572727927732,0.1773440880236177,439,0,1,0,0,0,0.0,1,0,0,0,0
180.4423890583489,40.050738177545576,1.0,0.0,0.1001811850412246,0.0541860032416607,0.3585856882701486,0.1475903597476349,5.3166406458917645,6.119713515497033,0.2220672490975893,0.1521143888943904,0.1101298392384138,0.0337440224437876,-0.3715424497589294,0.0667484877022738,1.4239328967824458,0.5886747134709255,0.650612190101348,0.1554188927868931,0.0,0.0,-9.846526789333858,0.9961092688967206,2.5012299698903866,0.658012542665352,0.223534000282511,0.5574410077261889,0.3000364490826606,0.3887441649760467,-0.0935573684905658,0.3029143128506749,-0.0154613350702863,0.2977420333661893,-0.0110485375127442,0.2360701070362373,0.0377835861116796,0.2333096054594497,0.0337853829511305,0.1738544813860315,0.0923431623940175,0.1642097113516831,-0.1143441899655416,0.1713072925096883,0.0119666892453625,0.1368534588394827,0.0065162611848678,0.130653112504021,-0.0323171884938644,0.1346862846918412,-0.017872550723554,0.1174816191006377,0.0253622759625071,0.1105219760653168,0.0009603646286865,0.1034479149453074,0.0234884702352671,0.1049412946743643,-0.014118248124167,0.0954871819497304,0.0158945074254511,0.0904813006630351,-0.0347006697030689,0.0903711445234062,0.0238921641119118,0.0813232594366154,-0.0079805821825268,0.0798775288182292,0.0009456051359755,0.0719633385643214,0.014630903041177,0.0687339908332429,0.0,0.0,0.0,0.0,0.0,0.0,0.0,0.0,0.0,0.0,0.0,0.0,-4.933406968591951e-05,0.0060801852391208,-0.0003302126673995,0.0180112190408727,-0.0017553488256735,0.0424111655861167,-0.0453195941285594,0.1430335531482777,-0.2272017370595887,0.4564125965983063,-0.5945589281372134,1.2340597895430812,-0.1292719947952179,2.0329388072867314,0.7805041386732657,1.92782134920482,1.1037492636554167,1.72254478263644,1.0898019681019382,1.7070494039536237,1.1348163354178884,1.7240343588248477,1.1443624871331302,1.6666450126817332,1.110011166781797,1.654435696441405,1.0824518637577487,1.6430010665663692,1.1049100099117388,1.6424330340237097,1.056927569599528,1.6744625041570125,1.0656014924439634,1.6828908602934352,1.0380682803803996,1.6831840438203307,0.8755294074464233,1.688952467122988,-0.8405109596106859,0.5330682915343776,-1.595713826685034,0.4067756182431953,-1.0291623033041424,0.2999097204042247,-0.9594279870510676,0.2255458511089117,-0.8169807459470628,0.1803348566809997,-0.6645030890189906,0.1692255585546585,-0.5414619111738659,0.1615339212968837,-0.4352607599277772,0.1661348303850351,-0.3411312078194823,0.1705538390421712,-0.2346823845201614,0.1741093481803473,-0.1144421184794057,0.1745028661972728,-0.0531656859733287,0.1621672108666384,440,1,19,0,2,2,2.0,3,3,2,3,2
154.653180160161,45.3690730863696,1.0,0.0,0.0799933776482453,0.0456162714930865,0.3341685156139113,0.2575987662509007,0.4070540559619303,6.122910058873154,0.2618746093448493,0.1959007712344436,0.1043586774814892,0.0341288377251837,-0.3805568839880927,0.058890010170779,1.437079264181795,0.6065572290240768,0.6177375770407949,0.1431981046418489,0.0,0.0,-10.374815512976395,0.8572264064559462,2.18802464637206,0.5685836855044031,0.3995587157568236,0.3920311347697324,0.3086846029872751,0.3388196311233776,-0.0549967464346568,0.2648816813662847,0.0324713861538677,0.2594789863498504,-0.1831298411481698,0.2568002181311816,0.0896260359279065,0.1990539346299911,-0.0257707836853213,0.1812661763054047,0.0085450848356588,0.1580933443268303,0.0036443025111316,0.1555995106716457,0.0579741514559683,0.1301818252528595,-0.0585253080122886,0.1270359706084198,0.0739087142049306,0.1289505581711067,-0.0895852477500314,0.1410779141042687,0.0347073597245943,0.1151135654551575,-0.0157699445697245,0.1006788236576809,0.003566229985749,0.0940983421192896,0.0374795021333612,0.0950960538863764,-0.004407057270215,0.0862021886736603,-0.0089731460339608,0.0809870595321745,0.021622014886793,0.079191045072374,-0.00953226346323,0.0754833294337424,-0.0074834398240874,0.0733325264636874,0.0084166084532262,0.0722482505122122,0.0,0.0,0.0,0.0,0.0,0.0,0.0,0.0,0.0,0.0,0.0007192799973212,0.007712935760753,0.0013293637400452,0.022922833346207,-0.0012671432584717,0.04438691180055,-0.0341303081504674,0.1247825298037219,-0.132322675317416,0.4045950160933986,-0.33016935112859,1.1152430681648784,-0.1057452357529118,1.697689286929218,0.47732735622389,1.8296010877674336,0.9443143070739172,1.7752107832021211,0.8677394760169385,1.8555800130223443,0.8439219670336675,1.8354980945742256,0.8828357913529831,1.8294023662213417,0.8770021804154962,1.8207316678498513,0.8770977870189929,1.7658957165304174,0.8715057519774013,1.811104606599272,0.8966219259622656,1.7966824092954017,0.791212116485682,1.7857891011939189,0.73047081634095,1.84030755964446,0.5866118313940717,1.9084922992514528,0.585905661581296,1.806017440704175,-0.5146024777971574,0.3526275061781067,-1.357338699006331,0.3306039909476991,-0.9882837373695024,0.2779637628119398,-0.8926546660517378,0.2324711039353018,-0.7837115257221919,0.1913690155742146,-0.6553672273699216,0.1650021952890202,-0.5549275246622783,0.1330268416289659,-0.4882323540899752,0.1153293740544384,-0.3837892920040249,0.1328665223156822,-0.3123429249261331,0.1555976902710667,-0.2407677271322083,0.1733701764357114,-0.1704613215638757,0.1789936754027444,441,1,18,0,3,2,3.0,3,3,3,1,0
109.8586256660746,33.884030986614206,1.0,0.0,0.0749095302449489,0.0378579135047299,0.2501303910050233,0.1203726700434209,-1.5069051724049178,4.865305949852123,0.1510218077987844,0.1835122314702569,0.0849271137292406,0.0291559080686518,-0.413889009991119,0.0595146064881837,0.9415899461589698,0.5033164834112797,0.6987484585923625,0.1385708817981814,0.0,0.0,-9.99093377553286,1.1170846780548518,2.7343661216085704,0.7589161165317504,0.2633308569869282,0.4550237116367696,0.2435752617667906,0.3430517964051091,-0.130685403205595,0.2730829325257294,-0.1002339984614232,0.2494420714016472,-0.2184950923326487,0.2161557652457981,0.0657360125502331,0.196339529820148,-0.1272695989933947,0.1942081101928258,0.192818164152531,0.2143107966623596,-0.0620912130913965,0.1753859386841297,0.1121928634853463,0.1587089695560609,-0.0851310320017761,0.164235097118234,-0.0639879138599578,0.1746716257964987,0.0381206341219527,0.1411529156260614,-0.0548222446148368,0.1481372622350186,0.0227909781205595,0.1157946477152514,-0.0356712941585479,0.1151855878949466,0.0406646431104518,0.1194662987464471,0.0304274745278063,0.1077857828840315,-0.0325354874271203,0.0982620290033016,0.0440910039330522,0.0947672896384221,-0.0254228250023867,0.1034623086237862,-0.0088115929280528,0.0867594090360035,0.0226950098078929,0.0829812653269784,0.0,0.0,0.0,0.0,0.0,0.0,0.0,0.0,-0.0009670217450122,0.0089684301440895,-0.0103160548716719,0.0466162658710385,-0.074588685559537,0.1251986645274242,-0.2221478556555395,0.2324019416053653,-0.4967360737456328,0.3973542514761968,-0.9669192232187944,0.6524804917107727,-1.283454660108326,0.9057240918556116,-1.2576100462849686,1.575799277691638,-0.5959643139931172,2.426834112155156,-0.4863829488499112,2.5848213166165377,-0.0970090482737566,2.644085537966262,-0.7389836873651199,2.3453718283807024,-0.3653154981505329,2.490127681882378,-0.3696318152025977,2.552210804670522,-0.7953624811498111,2.2371044080693223,-0.7406255261972691,2.2526897660814003,-0.717658116625222,2.2489857560915367,-0.7123681650444049,2.278293193306665,-0.2824636578530194,2.5573008362695666,-1.073033283666741,1.9501386837422603,-1.1043551304862345,1.9299119884894789,-0.6964709762751611,0.5404725966766847,-1.386160635546181,0.4695513335818682,-0.8458700012211366,0.237070645214695,-0.7285570966363233,0.2000030507423478,-0.5633507421941607,0.2372296138715505,-0.5256411645054395,0.2006747521512469,-0.4537825546951599,0.1885884424571788,-0.3925721606039076,0.1740003317334036,-0.3562466985812056,0.1368118079254883,-0.3392475025965807,0.1172051893899596,-0.262929033260696,0.1287608432145573,-0.2744012809723024,0.1242109987911724,443,0,1,1,1,0,0.0,0,0,0,0,0
184.72969614632692,39.73903889331927,1.0,0.0,0.1019578848788255,0.0470827288544373,0.3913603760351056,0.1530784889045099,5.089689044071937,5.552326778284084,0.2208894182523973,0.149406056011717,0.098588847860996,0.0298613765490257,-0.355218447850492,0.0728825321229501,1.3911272946419695,0.4295206689584531,0.7057084292057392,0.1352814670733276,0.0,0.0,-9.046877633453729,1.166975083832847,2.5566666239941354,0.7322305630135821,0.0727119893084943,0.5112883877927134,0.2683230256862334,0.4197485963098104,-0.0227848522970078,0.2678975079807927,-0.1131657974534679,0.3048666652877636,-0.0828188349007902,0.2078543114351884,0.0378851255397677,0.1980259974474446,0.0712871353388515,0.2242202396556564,-0.0293953854724394,0.1551791405920037,0.0214781977431914,0.1525475980042987,0.0125442051763414,0.1394585542724194,-0.0928810232012575,0.1484637243792507,0.1384037355202127,0.1392911686543195,-0.1044239761925345,0.1358190002480061,-0.0137691133960999,0.1148729822254074,0.0118264393843798,0.1022921870936208,0.0245677014095115,0.0950238208076902,-0.0172452284474137,0.0892009402329698,0.0220097699914957,0.0825207999797074,-0.0202987182345521,0.0805032690182123,0.0166807562403128,0.0772271374040635,-0.009083028309408,0.0706629934624623,0.0127027647674883,0.0687730170606103,-0.0272518958100246,0.0668415675316909,0.0,0.0,0.0,0.0,0.0,0.0,0.0,0.0,0.0,0.0,0.0,0.0,-4.294290073229747e-06,0.0031469970867628,-0.0002732609246212,0.0124693966463498,-0.0017873097032365,0.0285132234864137,-0.0179700079835084,0.1097692693866645,-0.0971301559234832,0.499496840104552,-0.2749752711155439,1.6633018039160818,0.2868258125341131,2.3839238455284337,1.3077940803392092,2.05010411457151,1.86324269319661,1.4616717118625928,1.9484901542145865,1.3088160200864885,1.8686204070579049,1.2431757800272163,1.9003627337437292,1.1621393049559394,1.816011481752709,1.138508995485375,1.8400544623385464,1.0748389743817426,1.807117403766858,1.1393851412258305,1.7705504577123163,1.238414451572022,1.842576413510222,1.2034905959803344,1.7029728523682033,1.3848339124063815,1.6467658549708406,1.2889880213572855,-0.873220791411412,0.5305939237371885,-1.5588282308890289,0.3591721331182165,-0.9757421633412308,0.3189059076362024,-0.9640321494913684,0.2258341226369314,-0.8219487535753339,0.1904638711101772,-0.6729447279233903,0.1602740092319269,-0.5885651058943305,0.1339495159947232,-0.4486284640979986,0.1490610511358453,-0.3636878884813778,0.1693542043888912,-0.2084519816260148,0.1766735393820056,-0.1415762935446602,0.1829476786425171,-0.0675791725095838,0.1732325475038563,444,0,7,0,1,1,2.0,1,0,1,1,0
126.29757514441437,32.95593312878294,1.0,0.0,0.0940518509553213,0.0414440899756551,0.3744406238696159,0.1571995550974255,2.9960218280049284,5.421856650268811,0.199381208287719,0.1522712202173664,0.0930176690754218,0.0246444596185301,-0.4074168447504977,0.0591459056433358,1.363825042916354,0.3930159710007514,0.7288381560654025,0.1439801196499245,0.0,0.0,-9.644300323096504,1.0991418266657862,2.7422634643327566,0.7365641159245033,0.144411996785614,0.4745071608874532,0.1533235099647204,0.423332448711774,0.1825493327163245,0.2895880856053525,-0.0171806594436865,0.2796094908708638,-0.2559977714210698,0.2246424144397004,0.2005432796400215,0.2310606557305373,-0.0780831101661499,0.1800921688827503,0.1005137365166933,0.1967273227913789,-0.0079561057354198,0.1365138674473691,0.0257773421498874,0.1581730702805046,-0.034886163621716,0.1751179527062755,-0.0498055872101106,0.1400617641917323,-0.0176049095369504,0.1278622508488597,0.0310555857459286,0.124975908579686,-0.0399663154313211,0.1040830803679835,-0.0089925542324532,0.1088354093497312,0.0951238805681766,0.1152358425571285,-0.0558448303571932,0.1047891033893145,-0.0103004989258953,0.0955667952922507,0.0014615299485395,0.0973352525005149,0.0195164497926177,0.1007550335089461,-0.0464768395314252,0.0948469538194681,0.0311193894926356,0.0834795754238731,0.0,0.0,0.0,0.0,0.0,0.0,0.0,0.0,1.8589911504520084e-05,0.0009727977896508,7.405813831108648e-05,0.0055531959633462,-0.0011648822267997,0.0174611541102141,-0.0260531523454394,0.0850700200982946,-0.2126485265241474,0.2698648252639072,-0.8093095351456056,0.8149391749029355,-1.147280162700075,1.9500508782327748,1.1430371680949707,2.0324314568721977,1.7652121102199667,1.3651087259424302,1.8333198174184917,1.3372886721011017,1.815210598306028,1.2085250310975173,1.8581005375532784,1.256407153034302,1.826485596566039,1.2053387616609608,1.8364198158904737,1.2387893850552445,1.783260124326285,1.2731817875155396,1.849918533851049,1.187579735725241,1.7907002619993146,1.2039075431802837,1.7813592370784244,1.3153528934264969,1.723733888202082,1.4072489727894086,1.7049675299213145,1.8081570345058593,1.2903586680418393,2.243789687408424,-0.7485180338532034,0.512326100613206,-1.3886425501778663,0.3602204279455109,-0.7395052485656473,0.30238523276703,-0.7365398701021506,0.2308686741424653,-0.7023088130935674,0.1779497386078908,-0.5461313839137104,0.1897618233568829,-0.5081291212101432,0.1368517449798967,-0.4751973039734342,0.1073080964692095,-0.3566530715090891,0.1253534904493792,-0.3421863010831891,0.1210111649412898,-0.3044772228654417,0.1355956341491575,-0.2502562511400085,0.153556087711534,445,0,1,1,0,0,0.0,0,0,1,0,0
163.72306083999632,37.69347295919109,1.0,0.0,0.1216723888179856,0.0532990165471737,0.462999304220715,0.2004265423074566,1.7795420134944169,5.969809306974187,0.3014639823303005,0.1773172493437664,0.1146760211258156,0.0249665483174615,-0.4053899646241154,0.0638855429453143,1.5019679560702142,0.4354896985778463,0.6517441436908372,0.1277443675933508,0.0,0.0,-9.95850677097693,0.864551516956315,2.4397054419998163,0.5565023820419975,0.4600213727863936,0.4695103067072288,0.3303014722107114,0.4259101871220451,-0.0081994634612413,0.2705480582103249,-0.0836799654414116,0.3147384911844129,-0.1065242547501148,0.2498256827703386,0.0041270941995037,0.2174781590163559,-0.1055921845371312,0.1932673085055636,0.0897674246097072,0.1525316129149028,-0.0950220647476334,0.1687173395473094,0.0895195604377401,0.1284104966779073,-0.03675898160769,0.1248483422830831,0.0587594119713353,0.1223905110093434,-0.0767664972878692,0.1170698843695151,0.0076856112238351,0.1088336394995309,0.0763009637228705,0.1095594622012804,-0.0100953791104769,0.0983088560811106,-0.0184534611922483,0.0935881254784859,0.0406049484962724,0.0864971063294118,-0.0373572459445441,0.0838415758071035,0.0045545509742486,0.0814177073563292,-0.0077835220068697,0.0780890546319291,0.0096548904657729,0.0707559830728113,-0.0094633300644678,0.0684750018821512,0.0,0.0,0.0,0.0,0.0,0.0,0.0,0.0,0.0,0.0,0.0002933871324591,0.0020883826634908,0.0015038753010027,0.010883336010879,0.0025345943122943,0.019077274743568,-0.0014090344152452,0.0321134853714752,-0.0982878075950041,0.2092287170783131,-0.3653850057273713,0.9095366251180128,0.001719372643353,2.1693937087089834,1.4583743256380388,1.6257334074718344,1.6855964123635234,1.2686428774591512,1.6022738003485435,1.1513441712662178,1.574810491737639,1.2063999519222317,1.4313110219480516,1.3004200989674972,1.4335689251052297,1.2182214459051726,1.451295776881261,1.2716500232712415,1.3507738188429372,1.4048207730244704,1.3552311881605548,1.423817766701369,1.2069445927429003,1.487359138409108,1.1991697781116166,1.4540877740521263,0.7262490151503537,1.701917348639331,0.2132758382939757,1.8194343389475345,-0.6106072683167907,0.3565153984866203,-1.5654746091351897,0.3792836912259093,-1.06825930068468,0.2569373570783905,-0.8878057583402261,0.2290715728795918,-0.7481993795797721,0.2017267729603545,-0.6350577503979413,0.1663922493877344,-0.5473336241538002,0.1383315774795911,-0.4556529078265554,0.1370627693310168,-0.389000439331725,0.1486996178454609,-0.3089230191220246,0.1678326127404571,-0.2208275814413886,0.1741341377441221,-0.1399843135534348,0.1700676792062964,446,0,0,0,0,0,0.0,0,0,0,0,0
144.0301760489142,35.79565752367489,1.0,0.0,0.0916401920619758,0.0431035159374536,0.2879351604071737,0.1205670987733927,0.4447268731200454,5.450423262426242,0.1680510447691861,0.1656441331482365,0.0916528407778304,0.0295187180878754,-0.4010517583860425,0.0590873442592527,1.032154206989247,0.467030104015378,0.6915217654965212,0.1326539037023526,0.0,0.0,-9.68152456514864,1.0162116873013307,2.5786539462149483,0.6829578643627056,0.2422134768222538,0.5403202434038124,0.4514260490876712,0.3909295633739792,-0.1872904747331435,0.3311193586809041,-0.1131689437852308,0.3370665883060846,-0.1218675732795435,0.2599044641871257,-0.0796802177824952,0.2286177832703305,-0.025487851677161,0.1899863210340408,0.0982293026632405,0.2150321234412824,0.0076533202335468,0.1733994397025343,0.0727114187648139,0.1603538808970115,-0.1023110331540691,0.1645370297312173,0.0628240992923782,0.1326080360358143,-0.0513212875599936,0.1637519669832651,-0.0256350879179844,0.1343112840291765,0.0284580183620704,0.1259540530033477,-0.0127559116554343,0.1189385065123422,0.0428154197559007,0.113968845181217,-0.0222354340077192,0.1087677047220295,0.0312398720430067,0.1047440487688213,-0.0064632358976017,0.0962793568759819,-0.0275098129254854,0.0950342450662252,0.0299088925596958,0.0900808720826148,-0.0138738101119386,0.0858913490638274,0.0,0.0,0.0,0.0,0.0,0.0,0.0,0.0,0.0,0.0,-0.0001229603478053,0.0135510042161454,-0.0023158297601649,0.0366463557057198,-0.0086245701272214,0.0671105047581278,-0.080857912123216,0.1356382692189471,-0.3917528847594732,0.2937075427693636,-0.9600126407370124,0.5913388521858349,-1.527527308648034,0.917968459054064,-1.5181278846979231,1.750822588371758,-0.0355144414526671,2.6664940165720807,0.4374399185101728,2.592836985740462,1.1607458695314146,2.3233904634975304,1.1028301149457094,2.386517834140083,1.203975346684588,2.310043210658273,1.2512280083826164,2.249914050670946,1.2834794391683535,2.2295180606185903,1.232358754403331,2.231399185025116,1.0699591034799705,2.2530324341946177,1.4105085251317728,2.013970612887454,-0.469053923003268,2.246805449473787,-0.1922595555007379,2.440852426884613,-0.8027584472590661,0.545409189042163,-1.5281519233607423,0.4308620472933887,-0.9084039770427472,0.2753997712161244,-0.8920539935167616,0.2108625579979073,-0.7028107241874342,0.2224225387122402,-0.6047675301096352,0.1939257979563896,-0.5368991900187119,0.1612602056033172,-0.4066493318039743,0.1736709703159126,-0.3668733239789163,0.143411549441986,-0.2690407937559324,0.1550025602431341,-0.2167392183033154,0.1573810635263797,-0.1791878358130929,0.1505451895896206,447,0,1,1,0,1,0.0,0,0,0,0,0
134.2236371253513,33.0549014179446,1.0,0.0,0.1133895498435081,0.0486526098505756,0.3135259973655489,0.1164349928259607,0.4889242716271404,5.137641770442385,0.1747900106952886,0.1417208094535587,0.0976487426101559,0.025220295597165,-0.412201321015239,0.0637570064197445,1.1655161205858224,0.4576249268710119,0.662292777244401,0.1204249615360381,0.0,0.0,-9.584024094471696,0.9711661957506276,2.668571371795695,0.6312991572646245,0.3278658105419728,0.4782360048400608,0.2060767412253042,0.4925649654093929,0.0149066295352261,0.296338730683563,-0.096484473439419,0.3262024072065927,-0.1964733648786955,0.2476493586594693,0.1415073226631993,0.252218423455334,-0.1493737900095955,0.2154330210116331,0.1197765317080559,0.1785613116734238,-0.0712221895233543,0.1800295153891002,0.063585363335556,0.1619237970462329,-0.1367049817585981,0.1633243476595291,0.0239779549043186,0.1465800431521426,0.0178254555401382,0.151693034796754,-0.050427819577068,0.1398560500420472,0.0268480903765383,0.1248378242906959,0.020020902702854,0.1107007407309572,-0.0126515303250528,0.1060510490558727,0.0457966974309127,0.0992234481215951,0.0030975894605634,0.0932939136706317,0.0074880229259779,0.0874331531865633,-0.0118295700924831,0.0859542000962543,0.0092170646263602,0.0814842571832475,-0.0241593955707738,0.0794525011324067,0.0,0.0,0.0,0.0,0.0,0.0,0.0,0.0,0.0,0.0,-6.758578566502346e-05,0.0066223007430476,-0.0022905551664812,0.0205750041311506,-0.0189736543609914,0.0546660217812199,-0.1356185616412882,0.1523028162042824,-0.4775421388404343,0.3183049078532784,-0.9848045160696492,0.4962472772737126,-1.263427074245012,1.149887436247306,-0.5696366774440972,2.207808115204612,0.9253032831005288,2.3468382646915384,1.45726579111596,2.064813690607768,1.424466595020197,1.992787160302487,1.5370120390079776,1.920595234054635,1.9356544686763224,1.4505214540513052,1.9333480439035031,1.5141070629083826,1.8904391617978424,1.601329672381974,1.927631280394924,1.4851391271663876,1.9770158462513308,1.413425618704624,1.849866838947981,1.4813110404186276,-0.4360224455408731,2.5199385589704315,-0.884533565961911,2.511127187431115,-0.7327955646713914,0.4758801727982961,-1.4038998420234956,0.3601310866288881,-0.9045232785797824,0.2291507841624131,-0.8789686030705047,0.1745043278672595,-0.7241588754282821,0.172890290369394,-0.5823815373777645,0.1680841901489026,-0.5536350032359871,0.1367764145974843,-0.4358946878947056,0.1455680385715972,-0.3724618357405693,0.1241053847392413,-0.3428571508579782,0.1300780047236385,-0.2254949077590553,0.136893572627213,-0.1832967630134976,0.1346407181094042,448,1,18,1,2,1,3.0,3,3,1,3,2
153.20824621014114,31.47815241579105,1.0,0.0,0.0988015304229041,0.0427012060946837,0.3821941328529699,0.1483682799543524,1.810442601054577,5.262612272721755,0.1941097905018459,0.1456501965488107,0.0931390155470791,0.0280846295182254,-0.4039294831253266,0.0599891881283902,1.2252213930998437,0.4177915420904228,0.7391476081416622,0.1402566767680533,0.0,0.0,-9.41470345497909,1.0221081628012303,2.7233691371793323,0.7246808145004903,0.1776350340589388,0.5192261415536312,0.2824483798649388,0.3950233177634673,-0.0508123821060471,0.2551843492871095,-0.1239857303598732,0.3201021190740613,-0.1276604495541851,0.2501959616325833,0.0259430738470649,0.2086468952202123,-0.1177666793143639,0.2148310273716814,0.1524045878220692,0.1758824126052086,-0.0492684481740264,0.1582651619101753,0.0215972709981323,0.1647739669916415,0.0309200014720448,0.1333076569335568,-0.0357069697371847,0.1370811722390078,-0.0340626378111931,0.1223178845315915,-0.0191188677969566,0.1300814611244133,-0.0081251173787134,0.1213430179766854,0.0757620652453492,0.1056539974554937,-0.0553229037285252,0.1114029754903719,0.0699711296369099,0.1115973518101351,-0.015800236025986,0.0908653367879802,-0.0169844688697334,0.0823009092506092,-0.0057229251005706,0.0870965255785401,0.0042126969855266,0.0738800626294465,-0.0227868166069213,0.0726193447231435,0.0,0.0,0.0,0.0,0.0,0.0,0.0,0.0,0.0,0.0,0.0002109183455173,0.0027157790522851,0.000624544385574,0.0103972605758289,0.0003984577633198,0.0186345023304509,-0.0213906395545428,0.0479598910117047,-0.2564470471465809,0.2202033664089393,-0.8954436928580436,0.6392161225531291,-1.7088389021139243,1.468769472335285,-0.2934997975594746,2.6772610096332072,1.9640957388914664,1.7471868461655882,2.1526198900478306,1.2376048694841693,2.220305130947792,1.2826850790757305,2.159094989253512,1.0466500245507715,2.161911732422896,1.0200580654695384,2.136866831133282,1.0314799919153443,2.1370854608037115,0.96675575717032,2.1574398868915643,0.964039263922363,2.1224972290740984,1.0059602650789872,2.131721464264408,1.061836659528081,2.058007146356835,1.227368937637998,1.8625246994953937,1.333408350526307,-0.8234657950149634,0.5293665709540599,-1.3877887952006014,0.3336813859064136,-0.838648058117159,0.2774705892464998,-0.8945349924856246,0.1893790017802563,-0.7732533000338148,0.1682504121866739,-0.6467967854265225,0.1625147090561503,-0.5933743463571615,0.1281259565788096,-0.5080069864649764,0.1248748858199984,-0.3819159719519079,0.138894059221601,-0.3353482024924366,0.1399278851589722,-0.2314393749192907,0.1444102985653239,-0.1654387170843881,0.1443074573072346,449,0,2,0,0,0,0.0,1,1,0,0,0
163.23737637781554,37.897281273016006,1.0,0.0,0.1104652513818869,0.0537706135638629,0.3623454533056245,0.1596414616150135,2.263995497959308,5.422218216878636,0.2017734742319958,0.1640649205509703,0.1017838650981335,0.0284040797998857,-0.3709467534183331,0.0779329359017758,1.2752885265542628,0.445225324954306,0.707723511959221,0.1418761880130522,0.0,0.0,-9.387082980438286,1.2636049976257973,2.340847157758027,0.7146776641630759,0.4079109515885135,0.4863148563480036,0.1882207257557835,0.434247699751923,-0.0960169158464557,0.312121861692383,-0.0185623928286825,0.3154528044112901,-0.2587473243485165,0.2736139549474776,0.1289833261899359,0.2322314008367791,-0.0442206501015009,0.2160375438303062,0.0575632070462575,0.1608016543674367,0.0177840204031457,0.1823379789120499,0.0385982101446024,0.1501891676186811,-0.1292000429164597,0.1453085048354925,0.099631977503555,0.1487011761696538,-0.0883045069209985,0.1307922233902656,0.0313918558920337,0.1077229697163949,-0.010382522168425,0.1105882761441964,0.0267860970820132,0.1049136993965563,-0.0241991234218903,0.1016536769574142,0.0366646677494013,0.0979653563709598,-0.0148071929988127,0.0986692232732,0.0049658722754324,0.0943589626276073,-0.0134984615959264,0.0859034720842606,0.0070232360815688,0.084561391842118,-0.0026181184526445,0.081645087091538,0.0,0.0,0.0,0.0,0.0,0.0,0.0,0.0,0.0,0.0,4.454044507683092e-05,0.0020608586297726,0.0006019818449159,0.011116209019824,0.0005847321676159,0.024487114151641,-0.0151996737019309,0.0685868480352641,-0.1802056390501002,0.2183073594275773,-0.6360913470382085,0.6739970323703899,-1.3161092444312965,1.40703610400894,-1.0893241584026487,2.161988063802324,0.8706314039624449,2.4093110617628617,1.6829238519241494,1.6798997410828729,1.7160549386465167,1.506380194069426,1.8319019478129224,1.2875227497701844,1.8846719951145816,1.2558018603525312,1.8879801193416976,1.2558117180870638,1.908823347016294,1.1756777546073554,1.8744491964871697,1.2014953266118265,1.835857956434889,1.3023150903984002,1.859009737981092,1.303502246939347,1.92732959039668,1.2667441204884513,1.8772632035677257,1.2537098930183477,-0.8648476752316255,0.5872944706775799,-1.370390878752233,0.3175473226671479,-0.9411664632292076,0.2662051435856766,-0.9026509283339867,0.2123196811171625,-0.7842935204526641,0.1882969762080456,-0.6873662600466169,0.1491842174332497,-0.546166849980177,0.1533635500282013,-0.4921796119961007,0.131659409936771,-0.3621235006444278,0.1477038180438863,-0.2824294029054909,0.1523956316851716,-0.2229216092123905,0.1687642837510326,-0.1394320794624471,0.1582524089440631,451,0,4,0,0,0,2.0,1,1,0,0,0
192.47849374770885,57.40342004780975,1.0,0.0,0.09204736034076,0.0557406113447283,0.321166963698831,0.1763417711983217,3.273155191659077,7.056290731861068,0.2599713137765061,0.2008336165430578,0.1064808984595332,0.032999782184632,-0.3740336302024357,0.065329542023103,1.4124891845546006,0.5263831655571194,0.6174880493666246,0.1352666458635706,0.0,0.0,-10.095669870881022,1.135224379437558,2.308951012736752,0.645098607596543,0.4013737294577003,0.482857614390892,0.267191489255346,0.3660553852471945,-0.075889127403674,0.2531007809993431,-0.0037775107456926,0.2564219191408241,-0.0824937972248788,0.2143531726405395,0.0214446144173557,0.1826624516499643,-0.0212657334642906,0.1807286594801874,0.0289039556905299,0.138374682501323,-0.0268933863854221,0.1567555188441823,0.0349705346626165,0.1317443413287044,-0.0116214662367235,0.1211304782602098,0.0488415349621359,0.115025267812732,-0.0549842162349924,0.1135295806976364,0.0089369110777524,0.10298166951434,0.0162638135319742,0.0927450192014168,0.0141405171381609,0.0884785451994976,-0.0348692422577165,0.0956893398024005,0.0297806521505071,0.086261492697478,-0.0322172952676225,0.0821272148007449,0.0368614873268706,0.0793794890057862,-0.0168032650668934,0.0714139191413504,0.0004035981552523,0.0682698461693787,0.0045300755142112,0.0657301261914098,0.0,0.0,0.0,0.0,0.0,0.0,0.0,0.0,0.0,0.0,-2.2333171915604254e-06,0.0001497436960286,-3.769213876962243e-05,0.0048264276827441,-0.0009168926482978,0.0144060872149633,-0.0156521934962021,0.0530948501408595,-0.0844834582565186,0.1899652344518126,-0.2193218763125147,0.535171078743967,-0.3568182723219746,1.2886884739462212,0.4593687564523766,1.7642445025299915,1.0772025190863916,1.681879028081929,1.0864419737680746,1.8698572810947456,1.004471280603641,1.818988314548728,0.9420350205568,1.8514428350879113,1.1329495131539244,1.765249235862307,1.1531480210663516,1.6821320850032968,1.0456237243219422,1.753528527664932,0.9291556222185248,1.8591895664614593,0.9442391729791046,1.807692541128736,1.0210388447179748,1.7746829265592876,0.5016771042442263,1.9614486973868728,0.708338902241249,1.8312518787332803,-0.5362109723713901,0.344124512167535,-1.463688608610647,0.3663947238766164,-1.1364710952710682,0.3206980699036535,-1.0263987187894588,0.2267351636456115,-0.865277259704289,0.166205089416931,-0.7106854961916012,0.1318691085614744,-0.5788791983381532,0.1364336044793687,-0.4356910709400838,0.1674526787080132,-0.3309554029595535,0.1991758436674534,-0.2275614288195185,0.2188670799583707,-0.1355144716842409,0.2155121206764087,-0.072620181141094,0.2061720468933975,454,0,1,0,0,0,1.0,0,0,0,0,0
174.31554689152838,43.866117408583435,1.0,0.0,0.0866657292445461,0.0451558596540961,0.3048141018255205,0.1398476401648575,2.427470580537613,6.414011756252182,0.2103585414849638,0.1968999860272769,0.0917105476990963,0.0328692980356972,-0.3747991460996766,0.0726918022586394,1.212423268655363,0.4905329185417202,0.6802669676912383,0.1422090967529673,0.0,0.0,-9.867519004442832,1.0202174427780435,2.5526194668540514,0.6797491618249308,0.2050905934306223,0.5683888469106034,0.2279877271314776,0.4647039904767283,0.0271073708815244,0.2451999081641893,-0.1137877166278296,0.318640462696859,-0.1335325685056729,0.2154614693782463,0.0404311564818327,0.2033462305298253,-0.0433838433111161,0.1926677223901469,0.067044556967253,0.1586982223429101,-0.0798749807114758,0.1700711974062183,0.1170280055306449,0.148605401163672,-0.1222157203422431,0.1552021892272751,0.109029051536676,0.1430166909386771,-0.0289252471730891,0.1142613549959952,-0.0311081695233838,0.1029503411825296,0.0136111345604467,0.1001379235033775,0.0201856541602049,0.0887519677050955,-0.0294542906198612,0.0858386660590583,0.0457764178690271,0.0819542097109286,-0.032830092452912,0.0768213168403359,0.0034589022064859,0.0746795773277246,0.0138708213369719,0.0694135124701498,-0.0121223422671532,0.0661627114682058,0.0090494051538963,0.0619423722746383,0.0,0.0,0.0,0.0,0.0,0.0,0.0,0.0,0.0,0.0,1.3081836757638952e-06,2.120625334831941e-05,6.75426401196845e-05,0.0062266569505474,-0.0001470583745769,0.0157818766570596,-0.0079555242775557,0.0418809876100372,-0.1147353659205277,0.1741417153430493,-0.4543274419199292,0.5211625447195504,-1.0326653128045458,1.1508863988591596,-1.000001501284432,1.8859133216334696,0.3324177177136035,2.4369701081477757,0.9806247373639194,2.33325244485871,1.0693237283987669,2.221635330432856,1.523149925687128,1.8854402279268343,1.650848043330613,1.8485446625375377,1.6631495886892436,1.773930345014581,1.629994624922338,1.8090859962917905,1.6254275447517152,1.7877758074497858,1.5850974185882671,1.8483279257984455,1.683684200193218,1.7039018463861373,0.8747581164684014,2.2540239154272186,1.3465611135343187,1.955801800386443,-0.7892227724015474,0.5385649577082848,-1.510974525040046,0.3721828487508705,-0.9626448181340104,0.3190510715606658,-0.9597221909360172,0.2173200251886995,-0.8270870783993715,0.1732486601759843,-0.6469418314440717,0.1800077243660937,-0.5720471255598876,0.1381284869976881,-0.4485131238986309,0.1472405607191747,-0.3572995581661983,0.1684825137364634,-0.2624441233498353,0.1763122038765883,-0.1448064283693595,0.1897073428383145,-0.1219401443092453,0.1788216953479637,455,0,1,0,0,0,0.0,0,1,0,0,0
180.8658539789297,46.04636235312108,1.0,0.0,0.0942034220918267,0.0492508961471758,0.3562936758950161,0.1679083785972654,4.887198393413,7.122470819137194,0.2504826475790688,0.1772656143254976,0.0980050620447679,0.0311737477640449,-0.4031314275017733,0.0700705598790639,1.3948713120353098,0.4749150701704803,0.6525888004098468,0.1375715661878131,0.0,0.0,-9.568268814859575,1.165824481700567,2.6835241081181205,0.7840275004452061,0.3350914589784831,0.5532170129617282,0.3455557279598823,0.4035725293794006,-0.0678715163514436,0.2935821298474027,0.0127222957138586,0.2710676883774063,-0.1452566305693253,0.2233929639373664,0.0384437559302209,0.19826325059437,0.0471530813563904,0.1986214344329464,-0.0441980751933688,0.1898738437573263,0.045760419888033,0.1676102483989258,-0.0600443893996532,0.1537032517860565,0.0234265913336599,0.1295223725305515,-0.0227421836165699,0.1251469050923013,-0.0342388564477051,0.1334572270497396,-0.0025887286068228,0.1181152789705279,0.0392019634326826,0.1164089815351367,-0.0043812632290675,0.104742048985135,0.0156496808355883,0.0981804129435237,0.0081964378418963,0.096132417198707,-0.0239006702426319,0.0921453853667882,0.0192523055972992,0.0853254456933032,-0.0211844024427396,0.0850986794150974,0.0126875650480992,0.0789921388366216,-0.000376798679216,0.0738916695859233,0.0,0.0,0.0,0.0,0.0,0.0,0.0,0.0,0.0,0.0,0.0,0.0,0.0001924437084269,0.0069428459093853,-0.000345724777755,0.0217060827140977,-0.0057846674063111,0.0484983401186379,-0.0205963292115991,0.1629840494030051,-0.004601317751689,0.6010596537249416,0.1115649762592438,1.5491550254596715,0.1971629215009326,2.171921751359068,0.632707478947797,2.354249169045892,1.637051811821428,1.5587560014636208,1.6124914375015107,1.558915526840067,1.5531727129259385,1.3938538958854758,1.5423383750135276,1.42445796802415,1.5943592826865984,1.3902943204111229,1.558325043236739,1.4028400861400523,1.517855928277855,1.4318130992182676,1.4844409137700127,1.5052692663328728,1.5547239849183982,1.4173727562838043,1.5053936014318368,1.3376218137491025,1.1960361250312117,1.5727866972944269,-0.7375518257467881,0.5034160809641209,-1.4855531422904131,0.3808983166733826,-1.002190431772062,0.3349744778177497,-0.9695235659827128,0.2346598628554538,-0.8026616609618265,0.2029959972904996,-0.7225927751517222,0.1448125519703246,-0.5492503073564879,0.1578045080248193,-0.4603488631494627,0.1530233406087572,-0.3692914637339043,0.1747444695619974,-0.2149369284411108,0.1912942016228291,-0.1804491540382523,0.1933409649168376,-0.066704574352153,0.1844435466877329,456,0,6,0,1,1,1.0,1,1,0,1,0
111.64463393626184,30.96645304841442,1.0,0.0,0.0920782087273006,0.0444504915102577,0.3015831585273178,0.4053400618610639,-0.7919342609674281,5.272090254416459,0.1610438019513143,0.1585882482814424,0.0925900618312833,0.0262052359555824,-0.4316649414987079,0.0568124852281328,1.0526866277347116,0.4849547935786765,0.7423163369509044,0.1444347636433469,0.0,0.0,-9.880252440999138,0.9211713215564148,2.77516760736124,0.7108839131705578,0.2572620853481963,0.5020550261961871,0.424191788450515,0.3196808334493159,-0.0606796045912833,0.3347211559299586,-0.0259632753611231,0.2618150801427006,-0.142560833114832,0.2296232400159418,-0.0017726422270249,0.224511715346103,-0.0091547610600726,0.1983577963351588,0.047216016936627,0.1970979384010101,-0.0271788007288199,0.1628158822076712,0.0533408815122825,0.1443308348410036,-0.1099029775181522,0.196779099215878,0.014932055153508,0.1224030385107255,0.0064904348187459,0.1302503963002597,-0.0204266334426735,0.127185572193323,-0.0288655334835279,0.1257489920197857,-0.0160923821517243,0.1100729702273434,0.0459786543005684,0.1151963866409263,-0.0311935303889681,0.117340037087717,0.0394563496372782,0.1047487102918985,0.0108873623876279,0.0968871870684937,-0.0223701686732551,0.09571951626386,0.0261545416029974,0.0902398918477704,0.0073901693495455,0.0785201469172606,0.0,0.0,0.0,0.0,0.0,0.0,0.0,0.0,0.000516556519694,0.0102190150109938,-0.0006852872595377,0.0261719035769991,-0.0234435904414938,0.0581989451654882,-0.1338609318936834,0.1296976257942875,-0.3719977473196555,0.2695525617649673,-0.8659844750878035,0.5675913750781416,-1.4356698610575367,1.0673512451503204,-1.213172263736231,2.013176648890464,0.33979091639621,2.631784869229862,1.285045688881998,2.322940597683178,1.2536938743772608,2.3316856056223907,0.7684691502718346,2.4749324580619954,1.44420907198143,2.1337977403250927,1.583103477387769,2.002209826903526,1.457656898680448,2.098221499632429,1.4732388542807926,2.083830211647558,1.3981299665653748,2.110654870097364,1.152575326463049,2.2605090124439084,1.428734945351938,2.0754739971859504,0.4448803908165374,2.4067050734471738,0.0072092985846683,2.4315228516307035,-0.6821442867832213,0.563300364865645,-1.2651155131782943,0.3919533073800216,-0.6968104035246512,0.296204781991362,-0.74058076833764,0.1870328672241664,-0.5900623489267873,0.1993260681028079,-0.5436226634453057,0.1650369020141096,-0.520872626247373,0.1328598231631242,-0.430259479892472,0.1430046619854219,-0.418662549701981,0.1050378311306249,-0.3424648189591868,0.1180036170160899,-0.3134799819856331,0.1168540817285645,-0.2961163270441344,0.1217565112255411,457,0,3,1,0,0,0.0,1,1,0,1,0
199.5079989123292,50.65349673859104,1.0,0.0,0.0839445215112125,0.0454078024495833,0.3263171635103147,0.1327476049258583,3.7518531720445942,6.319696882344069,0.2259024421045795,0.191336422209025,0.0964651037335432,0.0347903450941438,-0.3446516833744986,0.0738084731803631,1.4456463868935672,0.6877251907656768,0.6581754345018241,0.1540507448167005,0.0,0.0,-8.822478625002832,1.1613153711269206,2.8115291441391763,0.7367577669844847,0.1089039834120006,0.6208275648165518,0.1667974405450817,0.3962605150349704,-0.1009923127840293,0.2932303563584992,-0.2840185518423557,0.3480232141512485,-0.0133487310284312,0.2391686466350569,-0.0792038965787994,0.2191854485554214,0.005327643051755,0.2186318292410916,0.1444516508456209,0.1803756975415031,-0.1097655251870657,0.1835615229778777,0.0582728603324375,0.1477113992600643,-0.0527199939300673,0.1342729690919863,0.0745200800423987,0.1469031012801054,-0.0929954051078947,0.1375993794233758,0.062115689749804,0.1254107897771545,-0.0100728922060957,0.1162551453695017,0.0014060417496612,0.1108018650422657,0.0034168157302256,0.1056919672630566,0.0081338429568165,0.0966346322957072,-0.041858881547227,0.0918604692031601,0.0453029652535125,0.0888445911460675,-0.0165193965063719,0.0852092989874035,0.0017303281163044,0.0798717955194077,-0.0063186789450794,0.0737254070240874,0.0,0.0,0.0,0.0,0.0,0.0,0.0,0.0,0.0,0.0,0.0,0.0,-1.0800079474745629e-06,0.0006926607045003,-0.0003319684726958,0.008583431121909,-0.0020464288227434,0.0310252312020761,-0.0169077306675968,0.1335407311911115,-0.1112477700949137,0.4101884689579822,-0.3420245690120322,0.9013457669896991,-0.6590454612552741,1.4989467507896723,-0.2560938970714463,2.031672321927711,0.4763005906863882,2.1523160380220263,0.5264787469092926,2.116225362764795,0.8868970716801117,1.9302335909024837,0.9733519906002585,1.8531476411356265,1.0249749818646985,1.8109561687545377,1.0939866675939365,1.7712961855288551,1.128928294980694,1.770747846658326,1.1300731980456598,1.7715413580281911,1.0997673421160865,1.785422013377285,0.9993162042573248,1.7735057334219746,0.7799997736363327,1.910549046991864,-1.3086899013618545,0.7447612689968057,-1.780094934626453,0.4497302377758853,-0.9550607342473998,0.3618956896896692,-1.0100850270354174,0.2167896207749809,-0.7331094683544447,0.2472523959818001,-0.5488407485790486,0.2259122063727958,-0.4635606918803108,0.2027726969780574,-0.3117176958096372,0.2154428606122539,-0.2383693628023385,0.2100532489267469,-0.1005916579567333,0.2215860662329143,-0.0253003852875076,0.2025876764442344,-0.0027518641058938,0.1778044429214943,458,0,5,0,0,0,1.0,1,3,0,0,0
107.91048631649882,29.435260090703565,1.0,0.0,0.0892735147018382,0.0417331414263904,0.3294740928633447,0.1542010386360131,0.5452164134243203,4.9610528968814736,0.1868673902229418,0.1570373244852226,0.0892884850112313,0.0254941260857935,-0.375624273512785,0.0537055804641239,1.2354859829283815,0.451974961151283,0.6957286211673093,0.1366898440426893,0.0,0.0,-10.2681952940736,0.7876129814021438,2.4362682495881844,0.5854485059522746,0.0160432180686608,0.5397012916946439,0.4918696631637678,0.4194756772684287,0.0373036571730373,0.2864251766568766,0.0006817575656583,0.2309030652698043,-0.094254580164962,0.2375656841326061,-0.0266083517934671,0.1959782026914456,0.0273722430713189,0.1804297876878799,0.0814965550655209,0.1794003214053403,-0.0395941738474373,0.1556861355276929,0.0742969971973756,0.1474880054507608,-0.1174668150403728,0.176239638741189,0.03694506343907,0.1286701088810669,-0.005261530482685,0.1234329575252143,-0.0173020888855565,0.124820469016094,-0.014271980177863,0.106419737637153,0.0184490688608326,0.1026978195728838,0.0233791821280745,0.1046953816714674,-0.0151810288224177,0.10122402836718,0.0058657501626064,0.0898565694469214,-0.0184763310918348,0.0940879702643901,0.0086429371883868,0.0811682246132142,0.0117166283810714,0.0761150254031848,0.0301394233227846,0.077778765224524,0.0,0.0,0.0,0.0,0.0,0.0,0.0,0.0,0.0005739452862929,0.0110780377699212,0.000389919836379,0.0258687570410622,-0.0182061673261061,0.0515631468405268,-0.1512104587782711,0.132215853729624,-0.4142842177023847,0.3076851212553723,-1.0185918118364343,0.7703707573916881,-1.0621246367029689,1.878565865416795,0.818021136597282,2.0475339592996047,1.4640412029722212,1.4986331454585076,1.7626936186795703,1.7186193092330346,1.8413442410729663,1.569846333868122,1.6960348296544496,1.7928123919684535,1.8435401379398,1.5576069969004442,1.9268439333619107,1.4471790140601093,1.8660040636898656,1.5023279096769588,1.8855282511886489,1.4674457378736852,1.8080340399913892,1.608577854280633,1.7776053335479765,1.6135548941653768,1.754936529649583,1.5805185163798008,0.8904638522991277,2.087923621928208,-0.9940934320418552,1.965762799946692,-0.6845151463389614,0.529275764627972,-1.2140127351652876,0.3461440540085393,-0.5794299343273932,0.342755445990295,-0.7722083063157501,0.1863019708122683,-0.6303973900939688,0.1837680346458206,-0.5622319938564635,0.1554205056747299,-0.5438346501890606,0.1223864681186391,-0.4161633420373629,0.1451970521275716,-0.4238021041881621,0.1084539592572786,-0.363760612848452,0.1129229743152104,-0.3186084056622066,0.118958951001203,-0.3122859671144098,0.1299534386927749,459,1,16,1,1,1,2.0,3,2,1,3,3
142.0620711562897,35.84570103860834,1.0,0.0,0.0957579650839771,0.0477531209907068,0.3539068240065343,0.2332241279016893,2.9795628466194404,5.717694322935918,0.1999676013256766,0.1668241995144323,0.09297720798723,0.0273152462714816,-0.4037495918043202,0.0624508975631199,1.336026333545108,0.4279145480397842,0.709600410419314,0.1574283231238147,0.0,0.0,-9.665272811308768,1.0995929125560393,2.653779863860229,0.744968656863132,0.1247097975664866,0.5559659553560307,0.4612469824987611,0.3966287871201902,-0.0716645259938532,0.2906387805090928,-0.0369390528842153,0.2867072202687637,-0.0791037814599745,0.2304795068611861,0.0538881958062484,0.182426081255323,-0.0171850539724745,0.1869650232286756,0.1056149652075603,0.1815497257085966,-0.0816908795124237,0.1764013819303509,0.0821718256125794,0.1518174767968686,-0.1166205823996308,0.1456989037387624,0.0554060075218678,0.1324149699937303,-0.0113252773664739,0.1327458108942364,-0.0675609249220044,0.1357766937686765,0.0423247399015883,0.1217501744158034,-0.0028828909963818,0.1007521936092124,-0.008037185268796,0.0974952674695301,0.0073335019609593,0.1011995993079755,-0.0001971329944345,0.0830537165560046,0.0107618531364167,0.0871109102457818,-0.0049230974149999,0.0762637718611317,-0.0018170485297712,0.0751931524312922,-0.0010149787569091,0.071049809171935,0.0,0.0,0.0,0.0,0.0,0.0,0.0,0.0,0.0,0.0,0.0007640650682278,0.0068120458717924,0.0012797976468285,0.0148115073126562,-0.0035224819951675,0.0299383347401416,-0.0983159888028027,0.1405304645662813,-0.438881803689358,0.4548593446641814,-1.1677873216186787,1.0947249289663643,-0.8238566977502542,2.240684571181166,1.5689071435590851,1.8050544707208285,1.7731271142880245,1.3826979679219995,1.7044059926651842,1.4190481867485316,1.605610438820521,1.5750756981188605,1.734548349765343,1.4603301252602428,1.807089738756639,1.2751503310517094,1.8102038777747775,1.250737585794562,1.8113267152449173,1.300248368525517,1.766724928852605,1.3236217163800506,1.783338303064803,1.3427330951347372,1.718412426177986,1.3655465758065546,1.3897023667785895,1.899149730610869,1.3805166461102285,1.9011573518566585,-0.8607235833872617,0.6404069989877248,-1.4401245400571792,0.4101247582649823,-0.7519396581632782,0.3609824580792065,-0.8937931480304956,0.2013907964245971,-0.6896422574853875,0.2303315218460228,-0.5864408055823063,0.2060032591855932,-0.531574329346061,0.1566032899883244,-0.4407409096786531,0.1555635400362685,-0.4158824798983481,0.1264497263894732,-0.320413111999587,0.147441943251251,-0.2488297568017471,0.1583191535981139,-0.2218512055479129,0.1681504845669671,463,0,0,1,0,0,0.0,0,0,0,0,0
106.515677213868,24.6675595734423,1.0,0.0,0.0865539314820567,0.0368561706735021,0.324674083853514,0.1848155004970356,-0.9875562080175438,4.286487614834534,0.1591179009721308,0.1250189552942721,0.086956601107195,0.0255398650696561,-0.398638133302005,0.0607406441083326,1.028667212040518,0.4130756364374908,0.7504502320906433,0.1395108249129291,0.0,0.0,-9.458247263993316,1.0802559910204783,2.622302030542502,0.7386297163055886,0.0826872898961205,0.526367992727288,0.5179909691923116,0.3263580162246799,0.0470445797708228,0.3051348478088378,-0.1886050870658939,0.3283412213850807,0.0115763518581871,0.2571016843343637,-0.0681637764858108,0.1978030664933219,-0.0855054340023391,0.2094979994025856,0.1440269603245875,0.2029888388069871,-0.1785090728081401,0.1998696529702599,0.1565314635129386,0.1668277803318544,-0.1287545352118655,0.1761458348582601,-0.0346434907386722,0.1677297243828815,0.0468058701270572,0.1348925072827639,-0.0570039499349754,0.1533113617964946,-0.0072100946308244,0.1219335007240952,0.0813231124724767,0.117162444958092,-0.0240473147635233,0.1128892652201698,-0.0061638013169329,0.0979993271995481,0.0629819987912959,0.1032507345900511,-0.0391092063686377,0.097064100102731,0.013207285905185,0.0906765777245904,0.0165387523308427,0.089441266154219,-0.0162345617519206,0.0780397015504218,0.0,0.0,0.0,0.0,0.0,0.0,0.0,0.0,0.0001721814381599,0.0050645862752796,-2.069782567251462e-05,0.0127526695165532,-0.0188435641183803,0.0341711158463248,-0.1288343963230109,0.1058500500288696,-0.3808549898246476,0.223703451400678,-0.9306607062530388,0.4635672368931054,-1.7676459310198411,0.9723378024729408,-0.5739995273739035,2.6278929953088,-0.580192705150637,2.7636750324929618,0.891955085681652,2.6712660886449213,1.5117446814719089,2.3610490690690265,1.751505739063936,2.065314248686822,2.130660788653457,1.5988569089793607,2.3235672662254596,1.2786333461108017,2.270535809384242,1.426038871488872,2.3230294690920004,1.313079354807613,2.2874902241016604,1.3118899811771778,2.1740013871984907,1.4744685376201896,1.773249756385756,1.8825429012183783,0.0458176514823517,2.5399281912693517,0.8753066344424604,2.4256350525459194,-0.696379700143092,0.5302023021919273,-1.2152486510547202,0.3985034161272738,-0.6325607245155075,0.2554756081165937,-0.7341138721282373,0.1591954787943915,-0.6492335403874269,0.1565062015112074,-0.5048262934456531,0.1883410834163512,-0.5239456427239976,0.1406942086492606,-0.4461911002568922,0.1281700365458453,-0.4035047458667501,0.1129102263867334,-0.402423996616463,0.0990190442540022,-0.3031550280181182,0.1144279770590903,-0.3141551090619778,0.1110167952756693,464,0,0,1,0,0,0.0,0,0,0,0,0
123.63030698889617,29.87957535660773,1.0,0.0,0.0929700142134797,0.0396850423940248,0.3394181076187949,0.1336911180265743,1.8182938509713151,5.042583202319998,0.1632212778599227,0.1420368280728314,0.0924404529905018,0.0258709594714269,-0.4238782633082952,0.0548522253022223,1.1664327797735683,0.4062875141903732,0.7466519815480077,0.1454842577059379,0.0,0.0,-9.539441478880908,0.9559686844344624,2.695606217994775,0.6890045341754852,0.2506193500220907,0.4574221864269028,0.4743988074721587,0.373356334582111,-0.0946673625361419,0.338444308214275,-0.0555584722940262,0.3002179689661594,-0.0947239080850969,0.2448860849264806,-0.0370141726894486,0.2275816188486611,0.0575602017903657,0.202350269733937,0.0471970552583741,0.1759971982932158,0.0294038743086109,0.1705352976254093,0.0045275868632402,0.1690294798855737,-0.0431619216746886,0.1471171713076504,0.0087641110150827,0.1305555450173899,-0.0231147253102819,0.1362666420714973,-0.0562233516783665,0.1396591806738519,0.0154406352810526,0.1206219955989765,0.0190766952476349,0.1185999223387242,-0.0095608661590735,0.1090801818151056,0.0191970081046102,0.0960455426100217,0.0109434506470373,0.0971466570086199,0.0044386777083224,0.0935747296897459,-0.0081558881366182,0.0871145816758269,0.0073193221097049,0.0814861045107177,-0.0116469505877775,0.0813459718707995,0.0,0.0,0.0,0.0,0.0,0.0,0.0,0.0,0.0012427488596086,0.0070103503319261,0.0063926566843692,0.0346192415191667,0.0104940323407456,0.0634833449284239,-0.0169282056673707,0.1114467520363078,-0.2283282342981308,0.2354697615033297,-0.7579199588275637,0.4925673582702849,-1.5855272388124837,1.0239052607930297,-0.824998628764552,2.4047286912451713,0.9001606038164053,2.561416897038142,1.7477302859822013,1.9457378646976549,2.0424265961169175,1.3983846805316693,1.9764774610717395,1.4997949896281648,1.9406744862861964,1.4711938788432648,1.9285643694712065,1.4417347070241342,1.84380938586327,1.6069867461344325,1.5271346784397453,1.9261216110013768,1.7159227352947417,1.7582003379488655,1.6398416031747307,1.888783015001112,1.9673898241922492,1.3847875308477335,0.0683509246478336,2.512652066638904,0.5668164152242542,2.598577958322028,-0.7079616010453952,0.4757862747316008,-1.39877088123231,0.4245901970842543,-0.8665435462660571,0.2451599908130252,-0.7650182779229262,0.1981364690916465,-0.5827208918235359,0.2278646092681972,-0.5632934359296756,0.1783925452483961,-0.549653585181254,0.1432582268568207,-0.3891484134929022,0.1742496543769124,-0.4138895440752231,0.1183665320986066,-0.3333974540069127,0.1202860450028125,-0.2869338715695896,0.1263326500486549,-0.2521897490603636,0.1262889373521367,468,0,4,1,3,0,0.0,0,1,0,0,0
108.53469508714932,28.67687323841132,1.0,0.0,0.1059722035347126,0.0459392616897708,0.3537291639321684,0.1370530292806468,0.5455395880378012,5.156456953208221,0.1849702930151183,0.139054922366695,0.089827953341814,0.0234187187056914,-0.3964463764323659,0.0527949676204645,1.2380391076524564,0.445122722851518,0.7394235792685604,0.1329901951953264,0.0,0.0,-9.758325887957149,0.9847369459490498,2.6061212954932604,0.6158862661421387,0.1235126682927075,0.510089207362183,0.4213001641689863,0.4315613672877402,0.0174355096572156,0.3130049737662683,-0.1341220015417306,0.2884746994732284,-0.0210663443111281,0.2625105929500869,0.0310343975638582,0.2153719592013778,-0.0605612512489353,0.1828986438630226,0.1065018550029898,0.1841760007010482,-0.0083780593311147,0.1717519171918429,0.0523118198535001,0.1569108482123735,-0.1663899331676208,0.1830307643579653,0.0446466048700377,0.1477506945437566,-0.0679653993197523,0.1326777443805607,-0.0400320635705984,0.1300914457308589,0.0067770003932122,0.1213808749211954,-0.0038743658255345,0.1166737495557145,0.0770451359244588,0.1165904173076339,-0.0751332868348465,0.1157903257732013,0.0585441136310773,0.0995718902378669,-0.0124065641940817,0.0877717233492532,-0.0038467708492338,0.0824896803412418,0.0346893898771414,0.0957735834160386,0.0099647138775929,0.0809725627336498,0.0,0.0,0.0,0.0,0.0,0.0,0.0,0.0,-0.0014487064674166,0.0123019166995444,-0.0106467093317682,0.0531765789823579,-0.0520509719974162,0.1238630526022873,-0.1668089421762108,0.2218957487127606,-0.4226239219144861,0.3639907166428253,-0.9470423216249944,0.656036592834837,-1.014108827847895,1.734872968721216,0.8211960839517936,2.163840301859915,1.725243092558502,1.820675452917708,1.9331701969289197,1.45380626918396,1.9971035368514292,1.36912496595967,1.8733702260965008,1.5838107166965547,1.998704357111121,1.32992235758575,2.046940800078588,1.2835529678116548,2.0322744459733504,1.2684845274518808,2.031286724046231,1.3033586449201566,2.036923332752338,1.261931408234627,2.027846591055451,1.2825547180662409,1.989651208835448,1.3506620770246998,0.8972953318413311,2.3039512247638756,1.3373206644549107,2.144878871598944,-0.8577975093251284,0.5966385695993869,-1.2725811744083946,0.3660085690838359,-0.5930697711052816,0.29911505713658,-0.7449149445192518,0.2063071982511297,-0.613727196750889,0.1767499671325827,-0.468361475718422,0.199905722615,-0.529981000469772,0.1281493794133496,-0.399983320846402,0.148466172721306,-0.3899175325091101,0.1188566621129152,-0.3945609039140361,0.1023374601799369,-0.3129075253398626,0.1279389470047319,-0.2998988753098082,0.119847205719257,471,0,0,1,0,0,0.0,0,0,0,0,0
226.782903574588,53.57003002253079,1.0,0.0,0.0838886299246256,0.0561043129290973,0.2857320248186527,0.1519093295773283,7.792693812572328,7.262761013733653,0.3039369571407654,0.3007630118842143,0.1179045208538383,0.0352356789751588,-0.3473377493496281,0.0682341652219018,1.4955862311195571,0.4725611566633995,0.6575505825497198,0.1361694522399826,0.0,0.0,-9.461089037056452,1.237464746066965,2.5923556861036663,0.7898021659280333,0.3425038685245569,0.5263394386120978,0.2659706984697094,0.3777473306425708,-0.0488530836103469,0.2854997933467944,-0.0549186438667147,0.2848797442081258,-0.0132793257391697,0.2537551601282226,0.0655639150463287,0.1961757349620023,0.0141371858299682,0.1848242311823906,-0.0135144873996821,0.1611023244776744,0.0033786906121719,0.1594528257554864,-0.0275786264377641,0.1396295507826854,-0.030202505691917,0.1312006767856342,0.0525503050268241,0.1247067673306482,-0.0627697156117099,0.1140185564822847,0.0453153317457357,0.1103783354432158,-0.038701701123396,0.1032574581938374,0.0448778583306756,0.0911664265900115,-0.0273813573560387,0.0969315774927182,0.0259975214263785,0.0923546308875556,-0.0279167887664313,0.0862137054607503,0.0203492421109334,0.0737812015049266,-0.0036435814534124,0.071598239932734,-0.0110347723219914,0.0704192667176522,0.0070391155977982,0.0692544863192138,0.0,0.0,0.0,0.0,0.0,0.0,0.0,0.0,0.0,0.0,0.0,0.0,0.0,0.0,-1.550744991111038e-05,0.0005201027957257,-0.0006306914062481,0.0089055998850198,-0.0034874724463637,0.037676795271184,-0.0340858477045689,0.2024247755182443,-0.1546367520907965,0.7303944123543396,-0.325640269123587,1.664288638919828,0.415208268010976,2.1542864733820006,1.3543900299726743,1.7016695323426372,1.5561378559824384,1.4519335659659331,1.3849803865339865,1.5164539199696256,1.2950464126434258,1.475080811792652,1.4084411436093185,1.3555468264921535,1.4288256095917564,1.4116215224834667,1.4658860198253665,1.4070159147371055,1.4995487649277546,1.3746584994256827,1.4841500758795585,1.3359044291817526,1.3351071512840338,1.3538032810824605,1.1059386664195143,1.3707677789885628,-0.9466306891648372,0.5768138566580152,-1.7760454650896105,0.4124076181724482,-1.1840691475400544,0.335562629311099,-1.0825205969332592,0.2376749497016542,-0.8459443440146129,0.2273117651228292,-0.6610442815573538,0.1980840966439878,-0.5257352164344222,0.194192147072254,-0.3376521952688313,0.2200658960437321,-0.2263952275719865,0.2188020808382419,-0.0635803569361095,0.2128004988379275,0.0113144573123423,0.1917452579411714,0.0836030730558402,0.1715225570101692,472,0,3,0,0,0,0.0,1,1,0,1,0
198.87209621993128,55.810821733817704,1.0,0.0,0.0850318996275553,0.0515169114472537,0.2841833703261855,0.1509796829953836,2.583959494774295,6.651403989466249,0.2516035931429553,0.2108982265470507,0.1049542683852989,0.0326666723088633,-0.3514586957388316,0.0566286412862192,1.349583673539519,0.5152844008818974,0.6072084419243987,0.1412104877234,0.0,0.0,-10.287378756013746,1.3116577088001589,2.150692219491409,0.6145766848683616,0.2939432593509278,0.5633679051201116,0.3992728953635738,0.348790920992464,-0.0897996486503505,0.3467702701994056,0.0310653550995876,0.2556590439582855,-0.0825051477538144,0.2231999000633947,0.0594634685519106,0.1781835534279814,-0.0261179722417594,0.1668329595544189,0.0496515732683161,0.1566527482037536,-0.0322996403069415,0.1555845562435936,0.017037251254158,0.1208185026613849,-0.0130761968430309,0.1157523676527406,0.0179339047608164,0.1073588321716213,-0.0124708016803436,0.1091346005693326,-0.0099655680553402,0.1027879868549927,0.0210157636583505,0.0994733332874105,-0.0192041026337319,0.0947546774356924,0.0256162636906529,0.0867079070578951,0.0045707121657113,0.0784275086493977,-0.0169641239720048,0.074043221808635,0.019698483461024,0.0684215793735143,-0.0253201917927147,0.0681919143770549,0.0093550588316151,0.0611461256238659,0.0119783534469415,0.0567640993119894,0.0,0.0,0.0,0.0,0.0,0.0,0.0,0.0,0.0,0.0,0.0,0.0,0.0025598446026941,0.0150819236336479,0.0061593806488397,0.0352432631576507,0.0104042841425106,0.0661340040926074,-0.0459157379671278,0.1344378686540747,-0.2379668343752302,0.3449241659154176,-0.5640986709250102,0.8401193936802965,-0.5330253989789691,1.6594057338624164,0.5763050631628178,1.9380738454144704,0.9974918017051544,1.843345572089555,0.9071329267546392,2.021714138124761,1.0172811207028865,1.9390254530748967,1.0600498338175257,1.8963900046110551,1.0122422226601373,1.859939181596081,1.0714827556261168,1.81519953550145,1.1011019710769758,1.7937602350073552,1.0175829090776631,1.8731347308646225,1.0496405660439865,1.7976092309863714,1.0091093079292095,1.8762426409355213,0.688959291927835,1.9268476863457065,-0.6035644577278351,0.4757909841432855,-1.4329893264604812,0.3366409947126897,-1.1384227459106528,0.372416463285014,-1.1110900100343644,0.208951755944107,-0.8805367364948453,0.1893327641126525,-0.7449445804810997,0.1204286109601938,-0.5425120000061855,0.1633883151869961,-0.4290485404945703,0.1820044009573257,-0.2866261788039312,0.207792763134655,-0.1933755625184879,0.2179232150302947,-0.116718956980756,0.2159109373055714,-0.0312515819704398,0.196789959061556,473,0,0,0,0,0,0.0,0,0,0,0,0
124.55134827293918,33.175509836301586,1.0,0.0,0.0808974103193801,0.0410893389827985,0.2909545983006675,0.1297229069290584,-0.3102086645002119,5.533508336234202,0.1674335593914203,0.1692820775115012,0.0855183259085611,0.0302283117676779,-0.3816865834935897,0.0627827508911636,1.0595317908984954,0.528855052170911,0.722462427950837,0.1450366793044202,0.0,0.0,-9.244295944585716,1.2029803969610973,2.6227027598736488,0.7181079232816789,0.0538986184136469,0.5739414451266897,0.45266574181299,0.4007455494611156,-0.2138831533287243,0.4045291703082054,-0.0456482987417567,0.2875138456342091,-0.0656316231975524,0.2687958503795089,-0.1517370321338207,0.2283032576007047,0.0489856070742742,0.2039933838391328,0.0397903684414203,0.2090768275649821,-0.0181849377357623,0.1693215245567093,0.0901709900455472,0.1583491317324881,-0.137039439253311,0.1879324919808386,0.0904479257264224,0.1405170355192826,-0.1125606454109981,0.1641456789282183,0.0356169794752516,0.1516128730542145,-0.019558966579307,0.1226563053624274,-0.0097390948060251,0.1190730151896607,0.0380865524623251,0.1236434868959347,-0.0161977000342551,0.1143802825675004,0.0261871705690453,0.118675886064832,0.0114758175654534,0.1017257461442239,-0.0227491685796002,0.0892560924977698,0.0527876710107544,0.0934037218068765,-0.025768635350943,0.0926858015376527,0.0,0.0,0.0,0.0,0.0,0.0,0.0,0.0,0.0018439172990119,0.0114772290453522,0.005838055494946,0.0362655529301422,0.0077218758150498,0.0606352611466,-0.0264045279481347,0.0967052353627037,-0.201888636657523,0.1844077519481672,-0.5973791881703273,0.3981725808557729,-1.2413901766204969,0.7516231011658122,-1.5372219006108288,1.4258145688095256,-0.3054000978305785,2.5760209764726656,0.3528270437235113,2.6457960753598218,0.8076672600852934,2.5483234113065047,0.2399945435335876,2.613543361163557,0.9681107020973724,2.46854805816616,1.0993160107562514,2.441137057841669,1.1491022048577029,2.3869064606490564,1.26551170938043,2.3203690374708548,1.3061489712735748,2.291570885075168,1.2892204311700572,2.3281062243182724,1.5159159533444584,2.180180433303965,-0.1803471372192201,2.5776279953297236,-0.0505915114152892,2.6543235817176702,-0.790081036873543,0.5952012487918213,-1.2894418028183936,0.3811979049690019,-0.7424860406640443,0.2862565054971129,-0.8189128003019709,0.1953049378593324,-0.6374133527320408,0.226673085706008,-0.5868051152995868,0.1745434934468761,-0.556473187542382,0.137691761954292,-0.3806445990375344,0.1839298414213123,-0.4332874615347531,0.1148753366665158,-0.33197921583381,0.1322546347153132,-0.276622247378221,0.1431689027765548,-0.2600160693451208,0.1402563825401944,474,0,4,1,0,0,2.0,1,0,1,0,0
135.8583821416731,39.83150331484283,1.0,0.0,0.0668260260955,0.0360945729613613,0.2406689679923527,0.1204818889830713,-0.8884729400122665,5.931856906392132,0.1946204354636037,0.2193702997164483,0.0831282396085755,0.034089254467273,-0.3799861905409437,0.0598615178424608,1.0554591628909271,0.5297965776667389,0.7133147845065754,0.1682406308090803,0.0,0.0,-10.039297275942094,1.0990911415177822,2.532604433395955,0.7749604382118104,0.0732225471872582,0.591806885222022,0.3634189021747485,0.3543370712914048,-0.099032782473754,0.2910825112575315,0.0213542637449994,0.2519447222204212,-0.1434494105057464,0.2273408569061817,-0.0338040219787711,0.1894545745646615,0.0449536665608907,0.1925497077056258,0.0204949654325743,0.1546840827859923,-0.0226839283752254,0.1488883093529563,0.0929784563243562,0.1445535431211712,-0.0902599732753011,0.1528277433382468,0.000603909325395,0.132933318470642,-0.0038499993648469,0.1318214856411086,-0.0343763752626809,0.1159155982758194,0.0101830563471654,0.1073976140436594,0.0319355629386506,0.1104340687427579,-0.0040810308479942,0.1004629155967922,0.0188819722264112,0.0897822814700521,0.0015535753552033,0.0866474985842451,0.0110948918601337,0.0837473573716963,-0.0101684136821803,0.077401011307371,-0.010319983361504,0.0740769093996365,0.0094970894154271,0.0725877978358728,0.0,0.0,0.0,0.0,0.0,0.0,0.0,0.0,4.2286379865178465e-05,0.0026184470066599,-0.0005131694038037,0.0178605774281808,-0.003833852011089,0.0378822013697786,-0.028357136917708,0.0715285384091209,-0.1501448579774179,0.1599864081549989,-0.4303235465839043,0.3654294833410854,-0.9094785277534534,0.7295425084852898,-1.308112871237153,1.2643416999533572,-0.9952049310615538,2.1748586705817488,-0.6156432856392972,2.4920950422061265,0.0109902121449883,2.5959243677180672,-0.0427951737407448,2.610845941272777,-0.020897978047298,2.621356583294855,0.1578538551950491,2.6105282034200816,0.1241304936523372,2.606163347025574,0.0323985302646701,2.574430903881086,0.0500208559271742,2.583986104341816,-0.0241572963421372,2.56192071552962,0.2314759062062106,2.538877354967963,-0.2327237981439938,2.357369562989779,-0.519406341485247,2.1296652729615864,-0.674014586907172,0.5467066043695816,-1.354210109459609,0.3814535558360377,-0.7831349399021992,0.3606591073632821,-0.8495305050834345,0.2215105252809883,-0.7080679570118245,0.2098565124522278,-0.6482618119129187,0.1501920380222393,-0.5598809817106863,0.1306876542293705,-0.4533225932702508,0.1323288836127279,-0.4130013529787822,0.1167600903233117,-0.3116747111425019,0.1376901933379765,-0.2633925489550779,0.1453500198998907,-0.2167420916847165,0.1551518666444497,475,0,6,1,0,0,1.0,1,0,1,2,1
135.8298908149482,41.2995454078061,1.0,0.0,0.0765401871916479,0.0483966520806343,0.2838911316960378,0.1558826860574498,1.6626252859338695,6.166705938442759,0.2161690090933363,0.1826938653577549,0.102042741193719,0.029510681369723,-0.4047869297050878,0.0650740687152826,1.4919499639801892,0.6405010019769102,0.6079099645429985,0.1506816887959749,0.0,0.0,-10.594937865826203,0.824695065234513,2.3592888410006756,0.6513091559620309,0.4486078897805042,0.4241173166186427,0.3130484563132035,0.347680716047637,0.0682136939396887,0.250566132873242,-0.0619150946308869,0.2541529895479034,-0.1020978795015758,0.2139731193767844,0.010290240415466,0.1609578294367249,-0.0452804144965668,0.1743201149648282,0.1086143789326879,0.1900503462148812,-0.0071280722454114,0.1280088918661403,0.0696830937412989,0.1327693779626984,-0.0604549580023075,0.1346879140229873,0.0764468473309882,0.1262062782083329,-0.0403060330729176,0.107292186636129,-0.0599441738193156,0.1188517750486302,-0.0152137944370289,0.0974317635673993,0.031282887522169,0.088117696251205,-0.0103158824486267,0.0853594966743041,0.009121476699319,0.0803417686830714,0.0120227408087066,0.0793466214223852,0.0074706645235592,0.0802977852347523,0.009827443470502,0.0771004576904388,0.0040575477654153,0.0727766564336768,-0.0161464505771386,0.0697509491382061,0.0,0.0,0.0,0.0,0.0,0.0,0.0,0.0,9.059532623086448e-05,0.0023817372865239,0.0006200868353033,0.0123646821440369,-0.0002005306111785,0.0279353446131614,-0.0133648111872934,0.0838513035433184,-0.0728060879599409,0.2484603868487837,-0.2454232427146555,0.6396659835406097,-0.5885606356713698,1.2469920832452122,-0.0363594953486042,1.787450617324255,0.7451941271932688,1.7260459574780187,0.7040187110539172,1.717525120669098,0.7455030488597479,1.727755745763843,0.654761705544237,1.8003481254777207,0.7375032079433813,1.7199330227770924,0.809612614778872,1.7080381340133817,0.6989398200906124,1.7898456160800778,0.7446253776885412,1.748908232321129,0.6786566620047276,1.785095040591503,0.5722098241346804,1.7898287531179142,0.5991889121842637,1.8176759484149672,0.1185675195576316,1.87904880179257,0.3006203027172445,1.826433722462394,-0.5464800642632823,0.4257820492345961,-1.3363887418955425,0.3556329966253356,-0.891229215207114,0.2892010801686415,-0.8336986146443045,0.2216940789702522,-0.7464875916816748,0.1859073257722074,-0.6112531132429087,0.1782737086736326,-0.5580493899313372,0.1253540364533823,-0.4750416644141152,0.1143645491319443,-0.3938330955838023,0.1175971988360941,-0.3257550318257542,0.1357749802394539,-0.2641894479625168,0.143642937860049,-0.2200326152944619,0.1571245501827964,476,0,3,1,0,1,0.0,0,0,1,1,0
190.55078728538444,43.00299502179303,1.0,0.0,0.082482074803259,0.0456379141472395,0.3258406357594831,0.1462366316118561,4.424906749194608,6.014988476513174,0.2168387288194017,0.1825497327707356,0.0893487253735395,0.0361461979231997,-0.329843560842036,0.0806791125465715,1.2489002239466696,0.4529256216631888,0.6982707883269968,0.1399313315911333,0.0,0.0,-9.4228491189695,1.1809468349365615,2.475600226667014,0.7171166438359056,0.0250034560844053,0.6541332812748043,0.2740693202940819,0.3970421145391461,-0.0985396359699494,0.3024665227975723,-0.0465684816527524,0.3174624845320025,-0.0887188006833993,0.241997553848739,0.0779081142645417,0.1765779444190759,0.0003875973307112,0.1795889789218888,0.0455235499241983,0.1453142330926968,-0.033637777960818,0.1695594205355987,-0.013168353501828,0.1380650002440003,0.0069251513605246,0.1406366458346067,0.0140830261200874,0.1419783020429024,-0.0385588399103635,0.1335470822457134,0.0169658059743676,0.1174332906936742,-0.0052040711890196,0.0936973935288764,0.0195234567162307,0.0965185503322032,-0.0310805046460896,0.0938649760824435,0.0451850749258321,0.0847595642423771,-0.0340277345079041,0.0846962808291215,0.018386458709923,0.0825526219257932,0.0026288187758745,0.076463080545788,-0.0164471123421262,0.0703320638602649,0.0129777264671897,0.0688631936939475,0.0,0.0,0.0,0.0,0.0,0.0,0.0,0.0,0.0,0.0,0.0,0.0,0.0007314498703241,0.0049874008705586,0.0025270617629671,0.0221584174631676,0.0039017362290695,0.049159352900508,-0.0120894013106565,0.1214270947255208,-0.1548203871766418,0.3453088077629574,-0.5184825935557176,1.2047645944515315,-0.6029990880332101,2.1915707720140065,0.4236366332388939,2.547480671517419,1.0011291683769945,2.44642728114431,1.3679683132201448,2.184894887179943,1.6691311537874762,1.8960503974762677,1.788592415915317,1.7257514818120263,1.911017655517942,1.562574853750644,1.955285020825131,1.4645082689721642,1.9742218967012135,1.4462491007143496,1.9634922352488584,1.4109218000824308,1.9896237081822128,1.369307145602208,1.9523144958201828,1.3360723433810318,1.712138291058452,1.5203931193735731,-0.8297154360130549,0.5399199740394127,-1.4933212145200772,0.3739002574058822,-0.9783340471086576,0.3310831239958216,-0.9957913241622832,0.224638970114316,-0.8234110132807319,0.1882354580341939,-0.7069291957085568,0.1474816403474843,-0.558933764948579,0.1486438163968471,-0.4562001258326649,0.150777637747781,-0.3418545570581532,0.1702779808109003,-0.2292257980361318,0.1862645617707339,-0.1472201055918893,0.1906323288884016,-0.0470815782561746,0.1875189328692003,477,0,2,0,0,0,0.0,1,1,0,0,0
222.3436817564776,51.577575441222365,1.0,0.0,0.0877269677982972,0.0485469516734951,0.3414992235962049,0.1495138171652921,4.151804605563802,6.3717095821756065,0.2231064542251401,0.1828583185550044,0.0939558843637992,0.0377223097093899,-0.2485705424487989,0.1007865082573792,1.2541483907808535,0.4832593400740178,0.68368151242401,0.1403133296422107,0.0,0.0,-9.204601174526353,1.4059439251153598,2.2038974904214133,0.5948211091271738,-0.2878739230762261,0.7862500473733675,0.4521431504264593,0.4020467544393515,-0.3152478735882016,0.41986335543994,0.089091666341793,0.3184441502057273,-0.1284644916301717,0.2230295041393981,0.0897939045071534,0.2102264927846814,0.0479725282809036,0.1668058522585144,0.0099264881656672,0.1522660133537563,-0.0648308130865254,0.1704239328083953,0.010388921205908,0.1371736725791701,0.0137304004453402,0.1391908974954852,-0.0048604099987103,0.1131241387668693,-0.0338844366356341,0.1071319405371351,0.0661634254897712,0.1050864355477844,-0.0509928368844573,0.1029496332431174,0.0336619283854453,0.0960650795993195,-0.0086702029510674,0.0844582872796629,-0.006212187358968,0.0791692397342701,-0.001774908255908,0.0755403091479884,0.0148042748305671,0.0711215901370457,-0.014822679755064,0.068892969361751,0.0098109983333205,0.0668263983284865,-0.0032182504755801,0.0617816495013775,0.0,0.0,0.0,0.0,0.0,0.0,0.0,0.0,0.0,0.0,0.0,0.0,0.0,0.0,0.0001644845873507,0.0034211286363674,0.0002479631176778,0.0163301599957603,-0.0045933689604298,0.0438531175622281,-0.0810816894427055,0.1651699578937965,-0.3026232805810312,0.5856339662998234,-0.6904295636521601,1.437492505988904,-0.4102889566401759,2.2005387243026115,1.0363302525650713,2.1512132807768807,1.5129182291589447,1.9047943612700775,1.0429170113569026,2.344479409701296,1.4587599182597533,2.0575955676578115,1.527746702187334,1.989482224325312,1.6603255292881427,1.8134233218635565,1.7380008153913118,1.7387376750182773,1.718614714757422,1.7633652769021757,1.7874177871094257,1.5997079820803055,1.748048658016585,1.49020680983779,0.8377806482175529,1.9769381748067656,-1.0094684145074662,0.6497164771371662,-1.6038508594699876,0.3079782589989443,-1.0696849888242932,0.3851043860016269,-1.1951718140234904,0.1832716310163174,-0.8276956469959275,0.2212757210990033,-0.739639253148793,0.1461609557618945,-0.4810474379445789,0.2041052854611917,-0.3673790064956029,0.2026145413539875,-0.2211472633975388,0.2179072976303062,-0.0938526226252139,0.2057188596381298,-0.0175410865147612,0.1995533869965991,0.0856329655686315,0.1817813424259943,478,0,1,0,0,0,0.0,0,1,0,0,0
126.19546952224051,45.27743055700907,1.0,0.0,0.0886037046635804,0.0598278776433407,0.3080594115698407,0.1807932269166987,2.7294006014380012,7.21180304218037,0.2482647055580834,0.1950834248227818,0.1124009928291048,0.0283801814407399,-0.4117271474464579,0.0646223410087044,1.5593130801757276,0.4919350056428623,0.6791165782537067,0.1623139720935431,0.0,0.0,-10.625374030752331,0.7696490134082948,2.4786227307358595,0.6434121823123319,0.3850216453624382,0.4045264976562103,0.3114474225799011,0.3352515942153573,-0.0161124569372663,0.2805174114219613,0.0347605146835859,0.2221733878986776,-0.0954081794462438,0.2326658250378213,0.0952189993805601,0.166784288056314,0.0388204192031576,0.1582191516683125,0.0627073936056562,0.1517048793609438,0.0569421782910488,0.1395965803233644,0.0584479767148105,0.1386287343398157,-0.0380509974598462,0.1387009101278262,-0.0460972675014991,0.1363839540277794,-0.0186362033797803,0.105940596346855,-0.0263326164857001,0.1162367172301973,-0.0324329676370532,0.0931289958303133,0.0391457542604612,0.0987389219104578,0.023189111956123,0.0895441447882699,-0.0170330804747116,0.0886359182586184,-0.0049175882642064,0.0851797270504018,0.0217481113476661,0.0835958496809482,-0.0266267149275123,0.0835150277426634,-0.0011998001352937,0.0791409536893558,-0.0008158424517188,0.0732695456857434,0.0,0.0,0.0,0.0,0.0,0.0,0.0,0.0,0.003293402886951,0.0211595810837392,0.0069192496291652,0.0483342186870352,-0.002657800862146,0.0833625155508322,-0.0620410431213657,0.1878754002024687,-0.1741379288751461,0.4437965031251611,-0.4113456561628995,1.200863959680266,0.6985527867781384,1.721336901862674,1.0499191474798462,1.0783960018471648,1.2629306698183416,1.35738022272269,1.2223332140324,1.429262401088963,1.213899045118067,1.4787285920404398,1.2083509827763868,1.438310730685353,1.241222184453597,1.4580336330779764,1.2013053153047777,1.4898273869032732,1.1061438095595826,1.523966686188519,1.1732469198007138,1.5168686452436666,1.1362231889017025,1.525772902224637,1.158629754010983,1.5587477007488326,1.1337417252627675,1.5369401764528678,0.9928439021876992,1.5333917658895253,0.4492017936463482,1.81058125974718,-0.4550986524237342,0.3763134967502432,-1.229640633358045,0.3707415951069243,-0.8519981716738055,0.3156015920105392,-0.756055651641955,0.2735203627882878,-0.6435768638132894,0.2577671396166885,-0.5999426221911038,0.1841955578478593,-0.5278688111147722,0.1432409387500313,-0.4600976415101593,0.1161547888344105,-0.4135629098682043,0.1152308033400841,-0.3368985219034431,0.1323990865910326,-0.3018516136557606,0.1552754528947016,-0.2486375636499725,0.1713893859290526,479,0,7,1,2,1,1.0,0,1,1,1,0
120.83539013855388,27.41202357358371,1.0,0.0,0.0974791882044987,0.0469760488560859,0.3646380924568632,0.1479041337580593,6.220778275953596,6.718627580159366,0.1918159718269198,0.1412359342265587,0.0921230900505132,0.0265231518960496,-0.4092060082672351,0.0597414183041773,1.437586888708139,0.4293793156154384,0.7255191737252483,0.1391717821472536,0.0,0.0,-9.684116169293766,0.9778508200175372,2.480772489891737,0.6411138218271224,0.387015038537892,0.473902306948574,0.4860084570425198,0.4363569628849937,-0.0002571953814579,0.3226128355361713,-0.0554675193784708,0.2876069104518386,0.0260909809065182,0.255972628121356,0.0325478432533348,0.1973289623061631,-0.0039545704337605,0.1893943401458179,0.1695063840759073,0.1996291379173324,-0.0765667004953161,0.1625353419099044,0.1335117793928535,0.1646708795114346,-0.1514620521996101,0.1717892202499119,0.1219910071126914,0.139163016375785,-0.1006894002044818,0.1465106307385316,-0.0471102971441325,0.1158319955958183,-0.0137894000757278,0.1179658420200777,0.0028646358183906,0.112320736905999,-0.0299621274595052,0.1095387721301346,0.0270132070831884,0.0906086125769033,-0.0002451138120965,0.0934446710040616,-0.0002330063407079,0.0884382321966234,-0.005806573594957,0.0845091749168644,0.0240621794944662,0.0779369994087113,-0.0401378939615386,0.07861166786911,0.0,0.0,0.0,0.0,0.0,0.0,0.0,0.0,0.000602695150336,0.003591516681555,0.003253437178756,0.0146814255647771,0.0050838991191211,0.0247921988049966,-0.0092257878970111,0.0521731672185898,-0.1127263425525694,0.210183063804611,-0.4495945260948676,0.8533031499768664,-0.4307477254857519,2.191298372937242,1.400223768670556,1.8482457564314536,1.9393486774103048,1.2361895070435434,1.8933075733309024,1.1300676836222487,1.9530287551996972,1.064539286978953,1.8692948115358723,1.0332501042653772,1.8406990755595447,0.9975366799968602,1.90900835405817,0.9498804941986726,1.9090773512646544,0.972724749065021,1.9389091561339544,0.9772610485858224,1.9599687557238177,0.965566820278352,1.9753163035603296,0.956647122016283,1.9423469758804064,0.9783031754897896,1.942627274938296,1.2766591485986667,1.9087550144236272,1.4975343427256045,-0.6322492306143771,0.4408334515141036,-1.203927615723341,0.3177214937311274,-0.7641879021063557,0.2457476783149006,-0.7681471745105739,0.1752612160729074,-0.6281568924692881,0.1844828898602208,-0.5423476434215235,0.1741995390004855,-0.5232859493128401,0.1405125646420334,-0.4371471082408705,0.1290009956625695,-0.4238971859090144,0.1050296142469878,-0.3916442177895607,0.1049347218401883,-0.3352619874140349,0.1190661911996148,-0.3328563706405172,0.1295818978403758,482,0,1,1,0,0,0.0,1,0,0,0,0
162.4400947950496,39.861460087935974,1.0,0.0,0.0768422328514268,0.0410397818933165,0.2985306567134065,0.1321839728567588,2.488261661559677,6.014690199136718,0.19134177472616,0.1749199445412398,0.0829441047595892,0.034386558602288,-0.3665688345475292,0.0672704212694469,1.1479048022469938,0.4736702856102011,0.7235292799087158,0.1473249263963674,0.0,0.0,-9.20425260071974,1.176455402446146,2.6279543854998684,0.691517915802223,-0.0383833235908715,0.5998266027286014,0.3200212140803651,0.4304208439801882,-0.0719791151259966,0.3494591953851813,-0.0533066788728342,0.2949638654062074,-0.0910009418272974,0.2653284684884154,-0.0426783597393276,0.204180935256203,0.0278061224231317,0.2194757847836244,0.0256853491393539,0.1632759513933713,-0.0510636127520196,0.1932540897438172,0.053550242928463,0.1448231198165169,-0.1151802833201702,0.1617285480807262,0.1242792325579145,0.1479318972362857,-0.0729910016040323,0.1408262079670974,0.0223084967520537,0.1173103972547909,-0.0179515251832212,0.1032042437977396,0.0390925019378636,0.1019944615958342,-0.0385456118320951,0.0941520530219573,0.0324100724439146,0.0919624679886352,-0.0164452341430053,0.0828750806243295,0.0037646161632318,0.0780742961901038,0.0098025540922022,0.0798168572259785,-0.0048037058578138,0.079420957309683,-0.0098531243136892,0.0722157494450682,0.0,0.0,0.0,0.0,0.0,0.0,0.0,0.0,0.0,0.0,0.0003654305941632,0.0023787371429999,0.0032128832891569,0.014142140210938,0.0061759439129604,0.0271235216796883,-0.0063962507068677,0.052314144940343,-0.1826250762558237,0.2342395168916796,-0.6516334270112366,0.688426573163401,-1.297131361515685,1.2993073055207218,-1.33310570007954,1.9109724022812655,0.3498498950665847,2.607967577547781,1.0617065603705609,2.4458428856193346,1.597038678315678,2.0574252644580127,1.6087724202720968,2.0618589877074913,1.747260565808128,1.9441371939811527,1.8300221681128763,1.8048933808407257,1.891084440723953,1.7285671871319888,1.8951000067587116,1.6780598326714522,1.9210187995369084,1.5734484312057786,1.993995596165365,1.53903134960358,1.6532059550615288,1.866957983960424,1.321693200359291,2.1264531208173567,-0.907997528285405,0.6098177423506291,-1.43349088463618,0.3802627422527129,-0.83420348978313,0.3376285258463428,-0.9209084598262092,0.2175083315928881,-0.7395130440337049,0.2158965785059442,-0.6673525435267268,0.1511234509238606,-0.564507880333768,0.1509967489374401,-0.4238226581837443,0.1576291871120237,-0.3898004399168611,0.1544987728067877,-0.2560393910108628,0.1717153459184406,-0.2201497373579197,0.1934140666736448,-0.1573226926769981,0.1736805470905021,483,1,15,1,0,1,3.0,3,3,2,3,0
191.20987935079236,38.9317815493016,1.0,0.0,0.1180766384321396,0.0498948313796447,0.3788185522523101,0.1322570897342533,4.824392389894982,5.87204553742951,0.2095291898997749,0.150581274189218,0.1046293222105616,0.0269241251566371,-0.3502079889404892,0.0666019537237369,1.3955106839182263,0.4125759876054434,0.696309573418873,0.1355847121549599,0.0,0.0,-9.691679609326377,0.9511560119441786,2.5138370878297507,0.5589850491479752,0.0651997838251304,0.5895131110564875,0.4265095999594483,0.3931681277636025,-0.1227564673647292,0.3075016782774671,-0.1187181750881744,0.2884341059632294,-0.102557923600979,0.2526135306176637,-0.0612645820205534,0.1959011750904043,0.0883234020781514,0.1904618313863775,0.0105798314138655,0.1573699531397771,-0.0456367399349899,0.1827742220590511,0.055811641297449,0.1288809670997378,-0.0371007366680925,0.1258741913044749,0.0374274446783693,0.1356947844351599,-0.0846998156171326,0.1367768224701884,0.0592127557370349,0.1214103477309717,-0.0200650778758773,0.0973857935306466,0.0015078683532197,0.0971575325017272,0.0029010698862613,0.1026753775764608,0.0405063442303705,0.0888839819222337,-0.058683645255501,0.0801325027835819,0.0349879276293072,0.0784750999418387,-0.0095264692435581,0.0770240902511248,-0.0059314408780858,0.0700178422294956,0.0108916798401969,0.0642055867821111,0.0,0.0,0.0,0.0,0.0,0.0,0.0,0.0,0.0,0.0,0.0,0.0,0.0001372918966792,0.001652703254224,0.0008593147317077,0.0092514302234761,0.0017489252431895,0.021868741072972,-0.0409475273522303,0.0764853902265127,-0.3348939759863719,0.3391307013085357,-0.9611938452554684,0.9508075327402176,-1.1832925648684829,1.9412277865052463,0.909005204189448,2.2542404594981384,1.7253079501490638,1.3934352865364936,1.7116338846555277,1.1957617142846162,1.6999011454629671,1.184664021043145,1.799962691330014,1.2305715016630043,1.788958666306315,1.224816074694138,1.8274183448940011,1.1130976910640746,1.8190271664904003,1.1453646297386686,1.7920514505055776,1.1931126966657954,1.7750098055797623,1.221892620663681,1.5575537649885096,1.2775339387662628,1.027341423605736,1.6853711280710313,-1.0406680191209845,0.6281385815913197,-1.655990400009575,0.396424534903546,-0.9706254399818068,0.3488521607286791,-1.063745222123809,0.2070173012815749,-0.7594954004543496,0.2402264905309724,-0.6772714178520132,0.1652332841836599,-0.525998313972088,0.172444621882941,-0.3541253230629339,0.1989922484262709,-0.326582080913439,0.183202027104406,-0.1300275619147292,0.1936062073986782,-0.0912397005610738,0.1873836491299394,-0.0051318721600301,0.1747387761932505,484,0,9,0,1,1,0.0,3,1,2,1,0
150.6774422016492,38.9395950246518,1.0,0.0,0.070581313600392,0.0478754437603443,0.288166727126271,0.1782223545625531,2.9469151682071133,5.904680061761628,0.2938099636508322,0.2944681554898919,0.0992163513380887,0.0313642661029581,-0.3710668656346436,0.0518267092872051,1.3737177948095312,0.4307390894415929,0.6589050285829918,0.1355000075946428,0.0,0.0,-9.981065280518033,1.0859383687947963,2.4208693298927506,0.6831409359725884,0.0637286477441746,0.5698552512595736,0.4082520752487327,0.3690436401647339,-0.1647826539850761,0.3040996870232317,-0.0326668966256386,0.2984042657036178,-0.013313906413568,0.227685695724609,-0.036614859805838,0.2161267726278065,0.0227068684830778,0.1663948726020273,0.1656488662303637,0.1944638305418437,-0.0508468829926493,0.1431965664898782,0.0341577303430464,0.1416603869605917,-0.0853482775745282,0.1388716318896549,0.0338425348834001,0.1259825957118911,-0.019047758105499,0.1181430129673677,0.0017689267917438,0.1142009185812936,-0.010592376777604,0.1017270712650728,0.0215405406072494,0.0886811090424038,-0.0111318302334051,0.0887352203446076,-0.0042079956199322,0.0853398063073087,0.012281688969874,0.0791881690797286,-0.0277779448062477,0.0811007545328744,0.0186984918870187,0.0806376035450534,-0.0057227664517782,0.0795113402880956,0.0081730944807102,0.0691249804184708,0.0,0.0,0.0,0.0,0.0,0.0,0.0,0.0,0.0,0.0,0.0003615143649051,0.0041127515889532,0.0010409882499099,0.0110034774807369,0.0014500388680841,0.0172899351995987,-0.0500185758139117,0.079369352401914,-0.3111972738037284,0.3488134512425853,-0.9201153949913492,1.054165177266435,-0.2479844968092275,2.2692948828823045,1.362485970170992,1.562567462353216,1.732604563430465,1.4867804770218052,1.701438540023271,1.3468196362094749,1.551234701774169,1.7347126409649034,1.6166531553968737,1.5176273965860612,1.6353144894617289,1.4736912310728314,1.5926793440274194,1.5600297136006345,1.604160969186017,1.514072553056033,1.658140021298801,1.4399732243757497,1.614730123959124,1.4994721331821077,1.5635350833353572,1.489192811574575,1.0159463820822583,2.1215663300655874,0.3661001244260636,2.381461089927258,-0.6551234353126929,0.4521115290861184,-1.3530031183285274,0.3123755632845602,-0.8807966924940557,0.2953023709402507,-0.9717286087924318,0.1723437119264053,-0.7356836014114432,0.2021464227861439,-0.6247956416046946,0.1814241860918166,-0.5864684502959477,0.1153241737343928,-0.4518397449081803,0.1274857122641592,-0.4180785597542368,0.1309427299701789,-0.3275494151169626,0.1445941651432644,-0.2357325816171902,0.1520787685698699,-0.2106436014274801,0.1649755957763519,485,0,2,1,0,1,0.0,0,0,0,0,1
165.7274174927346,50.25226537654467,1.0,0.0,0.0810802281285759,0.0432194116245082,0.3299958190693339,0.1686747025247189,2.2253328740262672,6.2069254235338995,0.2259198221529241,0.1848574144202312,0.0933192274187666,0.0338889634973953,-0.378883063844102,0.0575510531186368,1.2395640527091047,0.4733626165821332,0.6692801234125563,0.1403833040634908,0.0,0.0,-9.753710474143078,1.2391065602022286,2.418445562644612,0.7580891303833768,0.3359350722028664,0.5964199727985545,0.228511709698754,0.3806382170288604,-0.0474049574842708,0.2663038740535102,-0.1034245359386918,0.3070124967757862,-0.0786563028594689,0.2491790265299129,-0.0087735676891436,0.1922952568753892,-0.0094886020242844,0.1989022984093024,0.0392270112401767,0.1664132603486252,-0.0275402470610175,0.154977514112868,0.0581698567587881,0.1454921348360258,-0.0729949057987579,0.1404164053229746,0.0876291605205621,0.146904099729479,-0.089688640731291,0.1415629298729349,0.0008870178282176,0.1109493521101828,0.0008160394200366,0.1000238075940503,0.0163621239438472,0.1019460688043738,-0.0124361135639344,0.0994299335650744,0.0055582595918945,0.0877522120627714,0.0170842755542577,0.0848780110025666,0.0037468095207333,0.0815719569367669,-0.0044331531255981,0.0884034399078932,0.002695283353358,0.0752678132007918,-0.00361369300041,0.0683177844042455,0.0,0.0,0.0,0.0,0.0,0.0,0.0,0.0,0.0,0.0,-0.0002249800571192,0.0025515771151759,-0.0028584031791125,0.018873259961385,-0.0110153897148708,0.0453049437286649,-0.0573695505698236,0.1273039389201849,-0.1813451577133633,0.3819670000406833,-0.4217327493328436,1.1147009875681937,-0.5454675464036943,1.881517590860854,-0.2440590416741749,2.2793002191576153,1.165312724891158,2.091395687278718,1.2232200679421952,2.151967058800536,1.4243562446331623,1.9530745052626135,1.391330444753374,1.8340117607208168,1.3702551153879532,1.807850087507391,1.3495146771057764,1.8557052751616667,1.35445225927943,1.82272119402109,1.4071485700561326,1.840203511207928,1.285145538646682,1.9663351290866775,1.259430263672877,2.0252443932364095,1.1281845060826463,2.0944660539665327,0.4924223392071738,2.3716774487230627,-0.7052841458059637,0.4994338447896912,-1.4573681082049448,0.3865100891438011,-0.9332078215203632,0.3584470629660547,-0.8769058070783072,0.2610278033856311,-0.7529612411322109,0.213990585046033,-0.6427060092765635,0.1637156540340549,-0.5682240762211872,0.125371603114298,-0.4612115864954815,0.1411902770734105,-0.3950557524069429,0.167692279673561,-0.2847936942565389,0.1848988513626973,-0.2195876309850312,0.1941349365344693,-0.1546469629075202,0.1914186506867266,486,0,4,0,1,1,0.0,1,0,1,0,0
193.1468985261372,36.507645940427054,1.0,0.0,0.1041680560963057,0.0497134794854641,0.3665546604005619,0.1510847267785233,3.2335668956467036,6.042425467617387,0.2185859675202417,0.1474191707629148,0.0992941870540133,0.0372227377466502,-0.3641970549888665,0.0692015216656236,1.2343839749761425,0.4480231903564095,0.6846014477786024,0.133759566927854,0.0,0.0,-9.96920307920687,0.8370455326104819,2.5499748125149613,0.7107473335414037,0.3220404101940409,0.4930100641713257,0.1515705183228353,0.4632522729414008,-0.1291439118761658,0.25503331919248,-0.1764330405371519,0.3123816319653063,-0.1441930931820422,0.230413051370172,0.0913551965015459,0.1935635925595605,-0.0800438112411812,0.1841989661066617,0.1186417452847163,0.1636899960970943,-0.1382332675453016,0.1713497966545272,0.0606325143926285,0.1384429567724732,-0.0093835295448287,0.1168637535162146,0.0403175716321454,0.1113140686313134,0.0200593579504824,0.1162904120348519,-0.0373105383846319,0.1019925166138178,0.0358874741678888,0.1009413011379705,-0.0093408720463872,0.0939885345358273,-0.0372382564728213,0.0982023912543445,0.0434533205286247,0.0827101198976206,-0.0286511982880203,0.0760390120544396,0.015735810839122,0.0711394550459843,-0.0073976977587784,0.0672544426212134,0.017480954670588,0.0635016695219471,-0.0231797983117904,0.0620094582791143,0.0,0.0,0.0,0.0,0.0,0.0,0.0,0.0,0.0,0.0,0.0,0.0,0.0002864551397588,0.001958665735905,0.0038108374587428,0.0170445412194027,0.0097170686844908,0.0426731992753771,-0.004938118336271,0.0910933125049801,-0.2593597327390368,0.2713141584565335,-0.8043183891532881,0.7670254959799448,-1.3906954734838295,1.7645191648974372,-0.1336712820405047,2.5781503805866097,1.492770375385431,2.081096693986806,1.7852891062907432,1.6044659358384346,1.7840593869657513,1.6531743241152357,2.0500246035211536,1.3286264689204477,1.9730837307509277,1.3979459112116834,1.9967006357669383,1.3607724173418427,1.9829332142716571,1.426498645278585,1.8265373197402184,1.6345791411253596,1.8431088509644349,1.5243927125281287,0.8089224666478634,2.273100910870519,1.309324563924292,1.9328568679169296,-0.8292887327842222,0.4703238954319776,-1.7038362392111122,0.3942349709698998,-1.0809175872972112,0.3023562527449435,-0.9803413978178348,0.2357961134671138,-0.8439495266673734,0.1838179892333971,-0.6733031024239211,0.1697852669764334,-0.5798499777465804,0.1372783383324174,-0.4224797212297105,0.1520902885729957,-0.2917785667707984,0.1666514684773393,-0.1887938269237493,0.1721736704795504,-0.0477642205467861,0.17676194547928,0.0022182939949634,0.1657965699483131,487,0,0,0,0,0,0.0,0,0,0,0,0
206.7131752263948,50.5227312635837,1.0,0.0,0.1063362625074821,0.0475298559213353,0.3524232417652144,0.1389033640584011,6.661487766133685,6.788048992305599,0.2330197164553226,0.1677002798094936,0.1047010378966816,0.0286169264557113,-0.3490851954911025,0.0635825695093026,1.4443324827433348,0.424829061712326,0.6872767937432716,0.1385212380347954,0.0,0.0,-9.6575984738142,1.0055203516713913,2.4744600402232284,0.5833127590011544,0.2697778773695776,0.521503585007134,0.2700426758588753,0.3656017189046228,-0.1671428350367931,0.3461802188384599,0.0703278669068235,0.2930693932949693,-0.0828025780115065,0.21003592901969,0.0840856815216895,0.199817010098064,-0.0129737659745741,0.1766913303759034,0.0082213111098347,0.1579128140447258,-0.0228708747640364,0.1615428114013335,-0.056446139257805,0.139735931846135,0.0394818901765689,0.1394542347850878,-0.0167238996204831,0.1204501577971149,-0.0117968469218447,0.1160315802900299,0.0130191265844848,0.1011038250812396,-0.0116053115175258,0.0933776279887121,0.0186367195000003,0.0947897363546501,0.0152559646788582,0.0884468855159456,-0.0240791446403964,0.0862335556538543,0.0117859853938509,0.0822614980493538,0.0210676193126622,0.0759277641326532,-0.0427848907591064,0.0738431682996091,0.0389399265014141,0.0700134151643725,-0.0197220920912513,0.0646608825079165,0.0,0.0,0.0,0.0,0.0,0.0,0.0,0.0,0.0,0.0,0.0,0.0,6.114157269330631e-05,0.0004562956444376,0.0062317907516455,0.0233603186180474,0.0172117976094529,0.0636862363199444,0.0219642311356762,0.1369470908353197,-0.0850417144715849,0.3371399588028577,-0.2893589915118168,0.9938340321912532,-0.2151083135235894,2.0994483253118466,0.7929603543282977,2.2675546664063875,1.6122070428712558,1.788330594894707,1.7480020428839214,1.4222562256842146,1.612963222135077,1.3007308269784044,1.7136374059277435,1.2556525054106984,1.6401738267956432,1.2949724152358904,1.6433184957223417,1.3055690663664838,1.6386434825422709,1.3449087471269106,1.6253452500446457,1.3560735768229149,1.5613412631777597,1.4104393457109727,1.5450697158628337,1.299127739716969,1.3900190693122665,1.4197574520741576,-0.9059013726489772,0.5650072265283466,-1.6263853986447976,0.4090713538448591,-1.0509970087401053,0.3521158423023675,-0.9984860360331836,0.2414949284716539,-0.7791000297637896,0.235099484243754,-0.7031226149072256,0.1456132665948752,-0.5358588336841239,0.1652534914623237,-0.4333007792815527,0.1907812843361235,-0.2800206263946551,0.212209149900305,-0.1580985978462352,0.2185520137873473,-0.0941760386910582,0.2166445064319875,0.0187080476548318,0.2035672624024297,488,0,0,0,0,0,0.0,0,0,0,0,0
118.73169340011412,35.92569501297343,1.0,0.0,0.0561846558239079,0.0306406809973958,0.2555731158040956,0.1355618853653927,-1.389753406335066,4.885224386408076,0.1764786158382933,0.196988462471583,0.0775381966151017,0.035142698237964,-0.3433490229506118,0.0662858883411888,1.0444508558929817,0.5258098460887168,0.7228065897419641,0.170536132878522,0.0,0.0,-9.582564172953782,1.488716833619736,2.273786637684651,0.6052887792683179,0.0318483829651936,0.6161365426062463,0.4749044021222342,0.3881453665719064,-0.2382624449654472,0.3884966607005432,-0.0069151820527483,0.2557489693223495,-0.0688515714505167,0.2420405536454344,-0.1051822552489568,0.2444501769796324,0.084341236975084,0.1988505263860075,-0.004965793275555,0.1937547075315929,0.0135030888181005,0.1458299093324337,0.0453262499968934,0.1713355167902622,-0.1129097275803011,0.155727474967443,0.0237068731649654,0.1383497920022109,0.0046936400231408,0.1301713411538795,-0.0353465870664109,0.1187130752649884,-0.0041478615711785,0.1091074097478326,0.0468547765093007,0.1145776653608982,-0.0340197617382806,0.1180033363932939,0.0515429738487795,0.1116349548461377,-0.028884652461992,0.1021925533818228,0.0239861658818867,0.090403975997781,-0.0033053646313066,0.0855772105735996,0.0145254253193431,0.0866418810991819,-0.0147098880110949,0.0724440516734873,0.0,0.0,0.0,0.0,0.0,0.0,0.0,0.0,0.000171049665032,0.0041736234100684,0.0001919530950601,0.0126413617999961,-0.0217998629041051,0.041297222942477,-0.1316826049097096,0.1402292346236229,-0.3525428508896532,0.3102775926380933,-0.7929990075046027,0.6363830806679551,-1.2451937166458504,1.035096309906227,-1.2294585425909466,1.7791547147381197,-0.4031282824117162,2.5399789556069714,-0.6626198063322133,2.5068424563786196,-0.2738012873771635,2.615965544106263,-0.3624695444233817,2.552357486620824,-0.2126766747942686,2.6141535272987424,0.0117536027718252,2.598364350231579,-0.0997504289545615,2.6149578121939308,-0.075513759499144,2.6442544668462404,0.0473275994522285,2.630038140055934,-0.0940871169244912,2.618510288275548,0.137393377561656,2.639311066290226,-0.332299844287263,2.4807893919305077,0.246444143287897,2.5439262971675727,-0.7724072372839662,0.7022176123088069,-1.1710640303049515,0.3440180492381047,-0.6847914173112281,0.3401072763662971,-0.7964159300259938,0.1926844504984539,-0.6272818264268052,0.2275047193723507,-0.5638706429383756,0.1951637887988362,-0.546896210968744,0.1394062789568942,-0.41509095584987,0.1664631361062118,-0.4333377697356241,0.1015902008649915,-0.3490578973731693,0.1083178094613601,-0.2957408156954161,0.124290251854002,-0.2764457811535535,0.1344561170199435,489,0,3,1,0,1,2.0,0,0,0,0,0
120.33004341534009,38.06083076411699,1.0,0.0,0.0608031874878726,0.0333581818817215,0.2795305079120231,0.146721051774331,-0.9949971414358324,5.860218575937165,0.193280239906055,0.2012884837224044,0.0796977560554558,0.0354534437365123,-0.3660777560636758,0.0612652798316871,1.0926199322720695,0.4970614161492324,0.7146408874095513,0.1581935837736523,0.0,0.0,-9.913787745296672,1.2044025174963953,2.5262962057192473,0.6958171971459842,-0.050110444718958,0.6915537723456338,0.4841029071247467,0.3446064863177699,-0.1419173549072185,0.3513583154520806,-0.0131595737457424,0.2520319605313081,-0.1009658194188133,0.2234991758390534,-0.0627849351726714,0.2102621412445753,-0.0111291715835137,0.181827973334712,0.0568681318642547,0.1486985323195563,-0.0124003252331693,0.1435260585588101,0.0295550802662807,0.1571549115582337,-0.0397459279828654,0.1220847113617092,0.0083262691865701,0.1209017551515903,-0.0012770712224775,0.1161820969021964,0.0189108103053371,0.112557233296922,-0.0361002908230969,0.0901637676290473,0.0469163243418987,0.0981213460775422,-0.0057378732070622,0.0903799666745406,0.0152060820742518,0.0897004753204888,-0.0190281369126136,0.0843170802104762,0.0264490119884225,0.0840423213709206,-0.0286782365623096,0.0778415856607446,-0.0012233417684515,0.0752028388795232,0.010028294848,0.0685502706991043,0.0,0.0,0.0,0.0,0.0,0.0,0.0,0.0,-4.772815820028945e-05,0.0059420248767428,-0.0022811661277282,0.0218582468565469,-0.0366596957205319,0.0736046069467956,-0.1577079540217244,0.1811629275318959,-0.4036456763164028,0.3736586309193636,-0.8970788461050129,0.7546389568055799,-1.241452328730136,1.3079809081974467,-0.4780479925221417,2.1721312132141724,0.7487071154107091,2.368599221254019,-0.0241813981534008,2.6254109779282255,0.2029485701452966,2.603146619323034,0.2229485090130245,2.5604124604107152,0.6074507350842259,2.551350473056067,0.6937720995520694,2.4812955992168764,0.7757369562836468,2.4886854628565627,0.8037310662946454,2.472900188285621,0.8023552978402315,2.480663883889124,0.8019169545811866,2.4698195245930004,1.0583393752665702,2.3734919024019123,0.1768492546599131,2.522205652575353,-0.3162701377041969,2.3100753255444104,-0.7676317482263386,0.6766108216437461,-1.2414259010709117,0.3667608180220882,-0.6149969774035312,0.4215526781534079,-0.8174181931114328,0.2037076032006295,-0.6082464028882778,0.2451450336281878,-0.6030631336150506,0.1634624997725984,-0.5521034665701882,0.124382168950397,-0.4343421217348769,0.147512060910935,-0.4246652432341534,0.1089028487881493,-0.3158499127884226,0.1303650689183698,-0.2982495877693777,0.1298549455128514,-0.2478274283072648,0.1349077052679557,490,0,2,1,0,1,0.0,1,0,0,0,0
175.77518628292844,48.34913721651037,1.0,0.0,0.1002830381887122,0.0487517398845013,0.4076826320986371,0.195653465948862,2.48493368346694,6.031238359363844,0.2755246215382399,0.1827139996922604,0.1062602241777236,0.0297438623281367,-0.3793184687847982,0.0689567277937062,1.4011056289299466,0.4611056468961945,0.6664858840475334,0.1384755349846621,0.0,0.0,-9.851890343757791,1.1298726061385511,2.4015488654275505,0.5894890045981421,0.3529432834597102,0.4946754597666918,0.2420022716014625,0.4074740727314022,-0.141286758913188,0.3047569893066219,0.0273990043581341,0.285347499448968,-0.181399188651065,0.2607136793279158,0.081450501486884,0.1988640397778294,-0.0506900268325503,0.2037508829445303,0.0244392206701476,0.1608810412933191,-0.0209531378703498,0.1864073632633987,0.0475645676653638,0.1562594014957014,-0.0953175005483864,0.153587067470425,0.0933516423829727,0.1444818481250145,-0.043347073173948,0.1283968802937592,-0.0135448638602337,0.1091226376967216,0.0238403329746433,0.114741827811157,0.0200872931350765,0.1045216255499203,-0.0205850812244774,0.1000801203357153,0.0143275561399684,0.0923292065755432,0.0049300567256851,0.0872100951141647,-0.0167143440174593,0.080540438189196,0.0031958413722323,0.0745041030088982,0.0087313021112822,0.071145261370385,-0.0042311617614276,0.0676604253304018,0.0,0.0,0.0,0.0,0.0,0.0,0.0,0.0,0.0,0.0,-5.835643531591923e-06,0.0001377963084478,-0.0005544335651909,0.00813354293542,-0.0035074410529758,0.0273621441464334,-0.0207254512448234,0.0814947563808718,-0.061953137752378,0.281663754871473,-0.1141614587079582,0.9412997795192916,0.2102020175283787,1.828046750845175,0.8121484316216143,2.0050989262690453,1.335382473922329,1.7896066586370374,1.4571665679698622,1.5797393140909002,1.4765900140660924,1.531838003175009,1.4680758765740562,1.52063736194979,1.521160008200327,1.4653308717443851,1.4233458445754965,1.495409750677952,1.3990321266403978,1.4719706787365388,1.4598847860829338,1.422672493151008,1.420230087126395,1.5157736399800503,1.4011499107922216,1.5236270892361046,1.365470033399075,1.581869323393407,1.1918191627838564,1.7241310104163443,-0.7064148312714328,0.4563659938707715,-1.5034317561009392,0.3561666749167783,-1.0350051895709262,0.3040759690241549,-0.91644448704745,0.2522380615209968,-0.7619201020248747,0.219021017647842,-0.6929888910556495,0.1404007164620983,-0.5634014630427967,0.1372076929104907,-0.4536065279067062,0.1501250226217523,-0.3561440539460125,0.1763809856086704,-0.2694946485755242,0.1936108658750726,-0.1942395813970527,0.2024119568556993,-0.117839034473034,0.1953258867946852,491,0,8,0,1,1,1.0,1,1,1,1,1
172.3090906800373,40.15801329812111,1.0,0.0,0.1105302894782634,0.0528264755275245,0.3576702130917131,0.1553246178471629,3.344321429589257,6.022466533088968,0.2237199045977978,0.1828216438729938,0.1062235162367406,0.0269237420305231,-0.3948894405250825,0.0669175913683462,1.3555335463226583,0.4640886508826551,0.6695506681952178,0.1386217849466816,0.0,0.0,-10.001264053012171,0.9565537747859538,2.5197417016503314,0.630430189686069,0.3424614658571897,0.5881661915198481,0.3995311948991711,0.3659865698285375,-0.1691400603717629,0.2956163299756584,-0.0964983016132177,0.2972795110541841,-0.1580075423385688,0.2435775241623214,0.0867724997056993,0.2083587356663341,0.0611003246370656,0.1821755007555403,-0.0135432565603744,0.1633162992951706,0.0399291414257048,0.1672468313621709,-0.0363438985700219,0.1386870050574136,-0.0140705290630602,0.1232566851185407,0.0460043304988855,0.1279429548595743,-0.1022440743990173,0.1315488508726298,0.0420793022647257,0.1130011494180701,0.008232165782897,0.0957958684289362,0.0190711395340497,0.0926566320715354,-0.0234291494451334,0.0907686309569202,0.039198157152158,0.0880819522577164,-0.0148379904691002,0.080052104964619,-0.0159017391908236,0.0806377520102947,0.0078681522426188,0.0759386451028048,-0.0029172971797525,0.0701785255005853,-0.0002296415690418,0.0666442227957457,0.0,0.0,0.0,0.0,0.0,0.0,0.0,0.0,0.0,0.0,3.280512297253647e-06,4.4009915063460875e-05,0.0008412637684556,0.0083419958934681,0.0015813531091977,0.0186899276456457,-0.0033591782205065,0.0376552241665374,-0.1142236325726362,0.1682746356719306,-0.4566788755194442,0.564622783413311,-1.0513101502516569,1.338679983077541,-0.4599960188330066,2.281095015741444,1.4246414767494269,1.8660136389729436,1.754746905616166,1.2406440819852147,1.7195935153717907,1.3423133723275902,1.6158046455347832,1.5402862039350873,1.5652908591355288,1.5469889448417409,1.6222820840381469,1.443893899613338,1.461859081210159,1.592340688157629,1.6833421541449771,1.425595430290204,1.4896672468605912,1.566791731506508,1.5401712892395878,1.5076458751602728,1.336786929902492,1.6040541410134008,0.6286136470350726,1.9457874874167127,-0.716837735989065,0.4374283071114278,-1.5817625915241,0.3853947179527944,-1.0635363563959783,0.2719560285433026,-0.9586891985184812,0.2121776220541635,-0.7503158883461413,0.2221629267560514,-0.6620508809937262,0.1708578876025281,-0.5450324450472424,0.1557178498660494,-0.4576109273640051,0.152973692006382,-0.3780808642519085,0.1661581509613566,-0.2328167646566928,0.1827494885546315,-0.177364677440399,0.1782006612895764,-0.0676523473349794,0.1675433850247888,492,0,0,0,0,0,0.0,0,0,0,0,0
